0,818,2446.034613144296
-6.438714857642092,-1.940201311800836,0.0,-2.408684469067377,76.85597800663126,453.0680290119995,0.0,2446.034613144296,0,-4.7540179498618045,-3.9142032119960937,-14.78864911274482,7.843627464733031,-0.1583795087863653,0.6690339165769805,-0.7432318739597125
-8.700747484054183,-3.896217982634017,0.0,-2.4022121343923404,76.87748640783884,455.1883128849375,2.990450270365669,2443.0441628739304,0,-7.00401990271525,-5.858396119636847,-17.10978888550604,5.828405682680547,-0.1583468707449833,0.6738303151808183,-0.7388861254234776
-10.95001322341136,-5.866759943522737,0.0,-2.3957417572400344,76.89882759285251,457.3177027095487,5.9808067684891215,2440.053806375807,0,-9.241580618339029,-7.816842206605751,-19.41783399132843,3.798793756081335,-0.1582874960203064,0.6785970485590065,-0.7345107526013526
-13.186441136615844,-7.851746509320186,0.0,-2.389274097513796,76.92000419890327,459.45525063996433,8.971087938773366,2437.063525205522,0,-11.466592059562227,-9.789451554128105,-21.71295308839776,1.7548320236564203,-0.1582038414660569,0.6833333880333594,-0.7301064859312306
-15.409958624341778,-9.851095605331183,0.0,-2.382810114655591,76.94101951150225,461.5999992905962,11.961309807789618,2434.0733033365063,0,-13.678974330110185,-11.776159045668816,-23.99516437336874,-0.3033107003474646,-0.1580983639359571,0.6880384751428219,-0.7256742083904735
-17.620491812053597,-11.86472344437301,0.0,-2.376350624846215,76.96187688689749,463.7509818545616,14.95148606482525,2431.083127079471,0,-15.878645609582874,-13.77689845695305,-26.26448487583092,-2.3754657119596168,-0.1579735202837295,0.6927115735436207,-0.7212147224500628
-19.81796583072449,-13.89254425020032,0.0,-2.369896230209356,76.9825794845403,465.90722223639807,17.941628082067865,2428.0929850622283,0,-18.065523316933152,-15.791601051572687,-28.520919489637908,-4.461476921074774,-0.1578317673630963,0.6973521168012501,-0.716728697062435
-22.00230505745936,-15.934470081871805,0.0,-2.363447345776601,77.00313021140191,468.0677351992367,20.93174496264293,2425.1028681816533,0,-20.239529159041137,-17.820190161971755,-30.76442016954846,-6.561244349752326,-0.15767556202778,0.7019596845727416,-0.7122166813790148
-24.173433278274445,-17.99041074201854,0.0,-2.3570042756550023,77.02353177515356,470.2315265265589,23.92184358129488,2422.112769563001,0,-22.40059048917014,-19.862580053664985,-32.994905473160884,-8.674700613455498,-0.1575073611315028,0.7065339446136719,-0.7076791540724121
-26.331273815287965,-20.060273734536167,0.0,-2.3505672881970248,77.04378678318264,472.3975931986772,26.911928628742995,2419.1226845155534,0,-24.54863473550934,-21.91868218143148,-35.21228699419344,-10.801781594491624,-0.1573296215279873,0.7110745974961623,-0.7031165741153247
-28.475749638151964,-22.1439642412416,0.0,-2.3441366763451765,77.06389784644502,474.5649235840568,29.902002655014343,2416.132610489282,0,-26.683587883848947,-23.988406849391204,-37.41647388543266,-12.942421629473197,-0.1571448000709557,0.7155813337073691,-0.6985294230378438
-30.60678348130928,-24.24138509562499,0.0,-2.3377127979688543,77.0838676690175,476.7324976455994,32.89206611271624,2413.14254703158,0,-28.805374534250795,-26.07166318384232,-39.607372896717486,-15.09655342652384,-0.1569553536141304,0.7200538062859816,-0.693918234414596
-32.72429797860314,-26.35243674178188,0.0,-2.331296099392442,77.10369911745688,478.8992871619817,35.882117399733126,2410.152495744563,0,-30.91391796722364,-28.16835911709937,-41.78488836377185,-17.26410793203269,-0.1567637390112337,0.7244916161730072,-0.6892836122344881
-34.82821582136723,-28.477017173982013,0.0,-2.3248871273243323,77.12339527205472,481.06425596414965,38.87215290152718,2407.162460242769,0,-33.00914021343455,-30.27840137712239,-43.94892217731986,-19.44501417232161,-0.1565724131159881,0.72889430618106,-0.6846262414024393
-36.91845994174572,-30.615021856904924,0.0,-2.318486534574333,77.14295946547823,483.2263601870441,41.86216703309531,2404.1724461112008,0,-35.09096212283263,-32.40169547904372,-46.0993737522742,-21.63919908839572,-0.1563838327821161,0.7332613595485326,-0.6799468939505774
-38.99495372100876,-32.76634362868915,0.0,-2.3120950838120886,77.16239531487497,485.3845485366293,44.85215228072964,2401.1824608635666,0,-37.15930343140084,-34.53814571671985,-48.23614000572929,-23.84658737236761,-0.1562004548633396,0.737592200005807,-0.6752464338969836
-41.05762122199024,-34.9308725893119,0.0,-2.305713652073256,77.18170675244193,487.537762572282,47.84209924363381,2398.1925139006626,0,-39.21408282510229,-36.68765515367095,-50.35911534556912,-26.06710130775028,-0.1560247362133814,0.7418861914734458,-0.6705258226951634
-43.106387445139,-37.10849597642977,0.0,-2.29934323738451,77.20089805754611,489.6849370045808,50.8319966755264,2395.202616468769,0,-41.25521800142063,-38.85012561360725,-52.468191667835214,-28.300660612126155,-0.1558591336859636,0.7461426365024679,-0.6657861263147093
-45.14117860818142,-39.29909802997364,0.0,-2.2929849674581484,77.21997389126538,491.82500000853554,53.82183152618055,2392.2127816181155,0,-43.282625729013,-41.02545767090474,-54.56313345061303,-30.54729830398081,-0.1557061041348088,0.7503607735576298,-0.6610285239730548
-47.1619224499285,-41.50255984650797,0.0,-2.286640109694779,77.23893933196061,493.9568735522647,56.81158898304616,2389.22302416125,0,-45.296221905908304,-43.21355064134857,-56.6437730567306,-32.80697407402693,-0.1555681044136392,0.7545397737104286,-0.6562543179964725
-49.168548558794654,-43.71875922408203,0.0,-2.280310080820025,77.25779990869707,496.0794737411288,59.80125251293426,2386.233360631362,0,-47.29592161636285,-45.41430257314799,-58.710170627666486,-35.07943364801849,-0.1554475913761772,0.7586787378737636,-0.6514649435681655
-51.16098872550064,-45.94757049872494,0.0,-2.2739964541964386,77.27656162857303,498.1917111773032,62.79080390334031,2383.243809240956,0,-49.281639185494925,-47.62761023712213,-60.76220816275595,-37.364584817619885,-0.1553470218761452,0.7627766958292295,-0.6466619768471339
-53.13917732211871,-48.18886437545768,0.0,-2.267700966262114,77.2952309957534,500.292491334774,65.78022330611226,2380.254389838184,0,-51.25328823406475,-49.853369118545245,-62.7997652313697,-39.66233198401375,-0.1552688527672655,0.7668326060319887,-0.6418471424928126
-55.10305169656861,-50.44250774923288,0.0,-2.2614255142538444,77.3138150270254,502.38071494969466,68.7694892719945,2377.265123872301,0,-53.21078172325901,-52.09147339897478,-64.82271900859122,-41.97257600032268,-0.1552155409032605,0.7708453611521037,-0.6370223145151847
-57.05255262678377,-52.70836353863398,0.0,-2.255172192778548,77.33232128241701,504.4552784260591,71.75857882155174,2374.2760343227446,0,-55.15403203242749,-54.341815977241495,-66.83094428667005,-44.29521397892833,-0.1551895431378526,0.7748137689791559,-0.6321895470508155
-58.98762469238681,-54.98629042506579,0.0,-2.2489432399322067,77.35075796740601,506.5150742566082,74.74746737735407,2371.287145766942,0,-57.08295092489048,-56.60428836148873,-68.82431350619056,-46.630139112660025,-0.1551933163247641,0.7787365911110948,-0.627351035437634
-60.908217188471504,-57.27614284370603,0.0,-2.2427414969864987,77.36913419114858,508.5972963366013,77.73612922426305,2368.298483920033,0,-58.99744998919572,-58.87878112502944,-70.80269643617052,-48.97724006678344,-0.1552293173142209,0.7826122603437118,-0.6225094778071305
-62.81432076441389,-59.57779119885737,0.0,-2.236584062850602,77.38746073110154,513.0853187057238,80.72457631146256,2365.3100368328337,0,-60.89747302775009,-61.16522323086806,-72.76594472166472,-51.33638196321308,-0.1552990873431839,0.7864304612993738,-0.6176788239372094
-64.7059652671783,-61.89111749927449,0.0,-2.2304600246475363,77.4057527159995,517.6522014618863,83.71285298825143,2362.3217601560445,0,-62.7829843943387,-63.46357020357834,-74.71392529178411,-53.70744597787352,-0.155400675520863,0.7901983793336615,-0.612851141223099
-66.5831524128544,-64.2159982510724,0.0,-2.2243728856989904,77.42402113757818,522.2982921286709,86.70097984131039,2359.3336333029856,0,-64.6539106884343,-65.77373309970184,-76.6466007972181,-56.09043054886084,-0.1555312985432556,0.7939142266791521,-0.6080297695643231
-68.44588875508771,-66.55230455182331,0.0,-2.2183261968223515,77.44227797061602,527.023954345742,89.68897478970054,2356.3456383545954,0,-66.51018944562247,-68.09563705502201,-78.56386189585042,-58.485247474169775,-0.155688173106359,0.79757625744049,-0.603218131000073
-70.29418592276657,-68.8999016783803,0.0,-2.2123237013399266,77.46053572053417,531.8295684147764,92.67685274715936,2353.3577603971366,0,-68.35175574098525,-70.42920505108707,-80.46559570650602,-60.89180366108605,-0.1558685159061706,0.8011826815298123,-0.5984198449389019
-72.12806156089663,-71.25864879257742,0.0,-2.2063691810992205,77.47880722151527,536.7155318829821,95.66462579825615,2350.36998734604,0,-70.17854258920968,-72.77435826678527,-82.35168479401104,-63.30999950000128,-0.1560695436386878,0.8047317601027338,-0.5936386057880298
-73.94754002557288,-73.62839869089825,0.0,-2.2004664622770185,77.4971054778724,541.6822601657556,98.6523032346626,2347.382309909633,0,-71.99048090101637,-75.13101588005895,-84.2220079411174,-65.73972945977528,-0.1562884729999077,0.8082218022991879,-0.5888781862900445
-75.75265307045004,-76.00899763015465,0.0,-2.194619405003522,77.51544354042974,546.7301872101895,101.6398916290661,2344.3947215152302,0,-73.7874995548289,-77.49909501184212,-86.07644049465934,-68.18088217371412,-0.1565225206858278,0.8116511714261928,-0.5841424277712491
-77.54344045822205,-78.4002852151886,0.0,-2.1888318948731462,77.53383437635388,551.8597662012228,104.6273948981088,2341.4072182461878,0,-75.56952544648686,-79.87851064055042,-87.91485481888688,-70.6333406842687,-0.1567689033924455,0.8150182895704042,-0.5794352316400279
-79.31995051440856,-80.80209434716794,0.0,-2.1831078184174797,77.55229071972072,557.071470312307,107.61481436751566,2338.4197987767807,0,-77.33648355545687,-82.26917553683246,-89.73712070999076,-73.09698266154155,-0.1570248378157579,0.8183216510037363,-0.5747605375271682
-81.08224061339304,-83.21425123059835,0.0,-2.177451024821779,77.570824898844,562.3657935026301,110.60214883544178,2335.4324643088544,0,-79.08829701501345,-84.67100020306177,-91.543105826202,-75.57168066730763,-0.1572875406517625,0.8215598425608752,-0.5701222895935133
-82.83037758915879,-85.63657544162592,0.0,-2.171865276843033,77.58944864608988,567.7432513629986,113.5893946354003,2332.445218508896,0,-80.8248871875585,-87.08389281954764,-93.33267613546296,-78.05730247075599,-0.1575542285964566,0.8247315688889484,-0.5655243931767876
-84.56443805906554,-88.06888006133485,0.0,-2.1663541962832844,77.60817290084321,573.2043820126702,116.57654569893069,2329.458067445365,0,-82.54617374381668,-89.50775919618403,-95.10569638950578,-80.55371143246505,-0.1578221183458376,0.8278356792561922,-0.5609706660338302
-86.28450864874294,-90.51097187754225,0.0,-2.1609212093739587,77.62700761848346,578.7497470495115,119.5635936182417,2326.4710195260545,0,-84.25207474638155,-91.94250273060588,-96.86203062263333,-83.06076695968989,-0.1580884265959027,0.8308711928213796,-0.5564647885891594
-87.99068610781401,-92.9626516571232,0.0,-2.155569496884968,77.64596159802679,584.379932556062,122.55052770915304,2323.4840854351432,0,-85.94250673891023,-94.38802437523378,-98.60154266750708,-85.57832502753415,-0.1583503700426493,0.833837319774123,-0.552010257288673
-89.6830773095421,-95.42371448833052,0.0,-2.15030195258166,77.66504233930249,590.0955501641964,125.53733507469184,2320.4972780696044,0,-87.61738484283671,-96.84422261668789,-100.32409667521232,-88.1062387524332,-0.1586051653820747,0.8367334765885515,-0.5476103442741345
-91.36179913187016,-97.89395018950296,0.0,-2.1451211525452365,77.68425593775773,595.8972381812844,128.5240006696501,2317.510612474646,0,-89.2766228634856,-99.31099347143608,-102.02955762454066,-90.64435899928908,-0.1588500293101763,0.8395592943622893,-0.5432680657372518
-93.0269782216247,-100.37314377687332,0.0,-2.140029336345272,77.70360702185782,601.7856627809165,131.51050736554313,2314.524105778753,0,-90.92013340664468,-101.78823050069133,-103.71779180491566,-93.1925350006776,-0.1590821785229514,0.8423146201150166,-0.5389861600639625
-94.67875065062854,-102.86107598316327,0.0,-2.135028401669792,77.72309873487082,607.7615192614752,134.49683601797105,2311.537777126325,0,-92.54782800798824,-104.27582484993488,-105.38866725791316,-95.75061496492545,-0.1592988297163973,0.8449995106096997,-0.5347670773985325
-96.31726146950352,-105.3575238091278,0.0,-2.1301199074079475,77.74273276019036,613.8255333760137,137.48296552811178,2308.5516476161843,0,-94.15961727016528,-106.77366530711112,-107.04205416596308,-98.31844665294848,-0.1594971995865113,0.8476142218004755,-0.5306129766614969
-97.94266419729708,-107.86226111599451,0.0,-2.1253051010551625,77.76250938530647,619.9784627371954,140.46887292853944,2305.5657402157567,0,-95.75541102761356,-109.28163841301972,-108.67782517534567,-100.89587789920496,-0.1596745048292909,0.8501591858302167,-0.5265257436711933
-99.55512017959413,-110.37505916095468,0.0,-2.120584903837981,77.78242759987559,626.221098301205,143.45453337634677,2302.580079767949,0,-97.3351184601601,-111.79962850125273,-110.29585566232032,-103.4827570843402,-0.1598279621407333,0.8526350110843841,-0.5225069739947326
-101.15479815502282,-112.89568738307706,0.0,-2.1159600869755204,77.80248520212871,632.554265934896,146.4399204968441,2299.594692647452,0,-98.89864844463426,-114.3275181343568,-111.89602390111234,-106.07893348643954,-0.1599547882168358,0.8550423830746267,-0.5185581193521739
-102.7418728275506,-115.42391320135148,0.0,-2.1114307377116748,77.82267893711168,638.9788280706794,149.42500538749104,2296.609607756805,0,-100.44590903937014,-116.86518713777112,-113.4782112991892,-108.68425777150026,-0.1600521997535958,0.8573823352957971,-0.5146800279034784
-104.31652703516188,-117.9595055373243,0.0,-2.106998321267451,77.84300445286193,645.4956854539337,152.4097607154521,2293.624852428844,0,-101.97679427353836,-119.41252698146856,-115.04230223289032,-111.29858185279367,-0.1601174134470107,0.8596551818570608,-0.5108747090102462
-105.87893784501908,-120.5022225912772,0.0,-2.1026567459475625,77.86345669269004,650.9592083783979,155.39414298909293,2290.6404701552037,0,-103.49107769995427,-121.96947923993832,-116.58818657865868,-113.92176332984413,-0.1601477626664611,0.8618650739910305,-0.5071376482124311
-107.4292840522477,-123.0518398600472,0.0,-2.0984063689713,77.88402805610934,655.4923415854071,158.3781204654621,2287.656492678834,0,-104.98880364143108,-124.53582319945664,-118.11577973668392,-116.55370060759252,-0.1601429059529393,0.8640128085964844,-0.5034698268826194
-108.9677787308766,-125.60817357103372,0.0,-2.0942518666521868,77.90471106161256,660.1024167856456,161.36171023587215,2284.672902908424,0,-106.46990926075088,-127.11148234139569,-119.6249888165584,-119.19427661564588,-0.1601046438244439,0.8660970127708028,-0.49987594908086136
-110.49465276387777,-128.1710508844651,0.0,-2.0901912390662627,77.92549942440945,664.7900529684176,164.34494412485145,2281.689669019445,0,-107.9343404809619,-129.6963967606296,-121.11572592161224,-121.84338130693163,-0.1600348567560672,0.8681196768654982,-0.49635494017783593
-112.01013601648468,-130.74029980803817,0.0,-2.0862238413188585,77.94638591218853,669.5558896161931,167.3278503453373,2278.706762798959,0,-109.38203637481264,-132.29049642643247,-122.58792489286942,-124.5009425605982,-0.1599354252229017,0.8700820769718396,-0.49290686679368734
-113.5144606633992,-133.31575177505675,0.0,-2.082348556994324,77.96736309475999,674.400587298918,170.31045750648585,2275.7241556378103,0,-110.81293717669412,-134.89371495096233,-124.04151735696416,-127.16688507267033,-0.1598082297000397,0.8719856930815508,-0.4895313586085037
-115.00785946557664,-135.89724133856072,0.0,-2.078564324646517,77.98842330387792,679.3248282957724,173.292793562135,2272.741819582161,0,-112.22698239651967,-137.5059863602897,-125.4764379885014,-129.84113991260114,-0.1596551506625736,0.8738319454718233,-0.4862280648758651
-116.49056549349412,-138.48460658864434,0.0,-2.0748699937437176,78.00955874185834,684.3293172455892,176.27488613322717,2269.759727011069,0,-113.62411142250173,-140.12724623129688,-126.89262282982187,-132.52364181383413,-0.159478068585596,0.8756222656940009,-0.48299652982283886
-117.96281153528984,-141.07768930082526,0.0,-2.0712643473275114,78.03076151728969,689.4147818271066,179.25676244853514,2266.777850695761,0,-115.00426342752031,-142.757431609339,-128.29000945669753,-135.21432975922164,-0.1592788639441992,0.8773580847883847,-0.4798362127397823
-119.42482964967468,-143.6763351038548,0.0,-2.0677460811488086,78.05202368603362,694.5819734704011,182.23844938320693,2263.796163761089,0,-116.36737743791493,-145.39648123236816,-129.6685400168066,-137.9131448692338,-0.1590594172134755,0.8790408427742282,-0.4767464700810847
-120.87685072527952,-146.28039359878974,0.0,-2.0643138011077053,78.07333728617562,699.8316681008138,185.21997346478727,2260.8146396795087,0,-117.71339233301688,-148.04433564014514,-131.02837552858335,-140.61991093582608,-0.1588216088685175,0.8806719891697685,-0.47372655350081777
-122.3191040736928,-148.8897184566163,0.0,-2.060966022964581,78.09469437347788,705.164666916843,188.20136088253105,2257.833252261765,0,-119.04224684112172,-150.7009372865647,-132.37009017022996,-143.33423221307476,-0.1585673193844174,0.8822529824957509,-0.4707756099006748
-123.7518170430566,-151.50416749228057,0.0,-2.057701176900776,78.11608705574136,710.5817972034744,191.1826374904071,2254.851975653889,0,-120.35387951713764,-153.36623062530123,-133.6943880376406,-146.05565799049137,-0.1582984292362678,0.8837852876020554,-0.46789268579253535
-125.17521465313978,-154.1236027189554,0.0,-2.054517613971012,78.13750752531155,716.08391318257,194.16382880649795,2251.8707843377983,0,-121.64822870853804,-156.04016217926167,-135.00198630125826,-148.78374810589784,-0.158016818899161,0.885270372285122,-0.46507673340445826
-126.5895192508106,-156.74789038351236,0.0,-2.051413613289065,78.158948088572,721.6718969019578,197.1449600081291,2248.889653136167,0,-122.92523250981056,-158.7226805922891,-136.29360648605075,-151.51807683130178,-0.1577243688481895,0.8867097037576095,-0.4623266175141687
-127.99495018604712,-159.3769009844673,0.0,-2.048387388937199,78.1804011917536,727.3466591650241,200.1260559229989,2245.908557221297,0,-124.1848287068184,-161.41373666400852,-137.56997373222762,-154.25823227596842,-0.1574229595584456,0.8881047454349081,-0.4596411221115851
-129.39172350827462,-162.01050927352597,0.0,-2.045437096152039,78.20185944277355,733.1091405026308,203.1071410163642,2242.927472127932,0,-125.42695900184724,-164.11328109213673,-138.831816134461,-157.0038157593866,-0.1571144715050217,0.8894569542238935,-0.457018956480751
-130.78005168254407,-164.64859424202317,0.0,-2.0425608366343613,78.22331562914643,738.960312189368,206.08823937443316,2239.946373769863,0,-126.65189898074335,-166.82109087197867,-140.07986415742636,-159.75444116186043,-0.1568007851630103,0.8907677783569643,-0.4544587605503916
-132.16014332468285,-167.29103909367,0.0,-2.0397566630049244,78.24476273220179,744.9011773061659,209.06937468412576,2236.9652384601704,0,-127.86055032432286,-169.53662327708147,-141.31485012519894,-162.5097342600992,-0.1564837810075038,0.8920386557339961,-0.45195910951797974
-133.5322029542418,-169.9377312051124,0.0,-2.037022582483333,78.2661939379215,750.9327718515074,212.05057020938685,2233.984042934909,0,-129.05398696594273,-172.25926280428357,-142.53750778160682,-165.2693320543074,-0.1561653395135945,0.8932710127124263,-0.44951851780290025
-134.89643076382623,-172.58856207584233,0.0,-2.034356559856953,78.28760264471326,757.0561659035168,215.0318487642452,2231.002764380051,0,-130.23330299292752,-174.98840155822836,-143.74857191829523,-168.0328820923932,-0.155847341156375,0.8944662632933179,-0.4471354423774622
-136.2530224032269,-175.24342726899488,0.0,-2.0317565197623884,78.30898246840376,763.2724648353939,218.0132326828147,2228.0213804614814,0,-131.39960027923516,-177.72344466982986,-144.94877806701314,-170.80004179609426,-0.1555316664109375,0.8956258086738196,-0.4448082854864181
-137.60216877663834,-177.90222634454085,0.0,-2.029220348269357,78.33032724469439,769.582810586774,220.99474378643535,2225.039869357861,0,-132.55398746203778,-180.46380972086956,-146.13886225251974,-173.57047779315948,-0.1552201957523745,0.8967510371526466,-0.44253539673754083
-138.9440558511453,-180.5648627863442,0.0,-2.026745893729751,78.3516310292928,775.988382993754,223.9764033481473,2222.0582097961487,0,-133.69757903352297,-183.20892613563856,-147.31956080247738,-176.34386525915286,-0.1549148096557785,0.8978433243881804,-0.4403150745223023
-140.2788644745525,-183.2312439245078,0.0,-2.024330966846545,78.37288809590729,782.490401180463,226.9582320546757,2219.076381089621,0,-134.83149454150993,-185.95823454765716,-148.49161021074875,-179.11988727199423,-0.1546173885962418,0.8989040340128599,-0.43814556671887844
-141.60677020052646,-185.90128085439397,0.0,-2.021973339911175,78.3940929322662,789.0901250152805,229.9402499660958,2216.0943631782,0,-135.956857892277,-188.7111861487357,-149.65574705061584,-181.89823418195664,-0.1543298130488568,0.8999345186105363,-0.4360250706246401
-142.92794311889867,-188.57488835367533,0.0,-2.0196707451327094,78.41524023428659,795.7888566348997,232.9224764733306,2213.1121366709654,0,-137.07479674890675,-191.4672420268979,-150.8127079345839,-184.67860299951724,-0.1540539634887159,0.9009361210746769,-0.4339517320427644
-144.2425476888062,-191.2519847987592,0.0,-2.017420871935432,78.43632489844649,802.5879420397308,235.9049302536099,2210.129682890686,0,-138.18644201842346,-194.2258724989009,-151.96322951764583,-187.46069680327687,-0.1537917203909116,0.901910176385262,-0.4319236434055278
-145.55074257209975,-193.93249208195763,0.0,-2.015221362990877,78.45734201230579,809.4887727642418,238.8876292239982,2207.1469839202978,0,-139.29292742103038,-196.9865564422892,-153.10804854114426,-190.2442241700753,-0.1535449642305362,0.9028580138887875,-0.4299388407166699
-146.85268046403226,-196.61633553088083,0.0,-2.013069808575412,78.47828684294564,816.4927876261313,241.8705904930692,2204.164022651227,0,-140.3953891347478,-199.74878063091663,-154.24790191473662,-193.02889862960888,-0.1533155754826822,0.9037809602380021,-0.4279952989359519
-148.1485079175689,-199.30344383174528,0.0,-2.010963738575142,78.49915482286133,823.601474558431,244.8538303107697,2201.1807828335263,0,-141.49496550869893,-202.51203907664487,-155.38352683442056,-195.8144381462292,-0.153105434622442,0.9046803432575694,-0.42609092518307223
-149.43836515659575,-201.9937489586656,0.0,-2.008900611131897,78.51994153255876,830.8163725289143,247.83736401646232,2198.197249127834,0,-142.59279683809865,-205.2758323783162,-156.51566093513264,-198.60056463123215,-0.152916422124908,0.9055574971320725,-0.42422354883704483
-150.72238587177657,-204.6871861115651,0.0,-2.006877796600134,78.54064267883899,838.139073551366,250.82120598507137,2195.213407159225,0,-143.69002519369735,-208.0396670772176,-157.6450424770275,-201.38700348964773,-0.1527504184651725,0.9064137694363906,-0.4223909073075719
-152.00069699080828,-207.38369366607844,0.0,-2.004892555340896,78.56125406762726,845.5712247937058,253.80536957116843,2192.229243573128,0,-144.78779429807906,-210.8030550163468,-158.77240690952468,-204.17348493906644,-0.152609304118328,0.9072505305716748,-0.4205906261169103
-153.27341841257822,-210.0832131395861,0.0,-2.00294200817488,78.58177157040994,853.1145307881695,256.78986705069144,2189.2447460936046,0,-145.88724944107238,-213.5655126996012,-159.8983183684177,-206.95982315346984,-0.152494959559467,0.9080691860276189,-0.4188201921912763
-154.54066269281947,-212.78568917808693,0.0,-2.0010230994221216,78.60219108411181,860.7707557490305,259.77470955984927,2186.259903584447,0,-146.9895374270837,-216.32656064782884,-161.0230786608572,-209.7459565622902,-0.1524092652636818,0.9088711914164587,-0.4170769202595931
-155.8025346682848,-215.49106956851315,0.0,-1.9991325546145549,78.6225084857572,868.5417260038712,262.75990703059847,2183.274706113698,0,-148.09580654909243,-219.0857227531648,-162.1469431528566,-212.53184383599995,-0.1523541017060648,0.909658069327811,-0.4153579142219387
-157.05913100848238,-218.19930527979545,0.0,-1.9972668381359773,78.64271958540671,876.4293325446166,265.74546812192835,2180.289145022368,0,-149.20712577857657,-221.842563137303,-163.27016473265303,-215.3174430348947,-0.1523313493617084,0.9104314257702932,-0.41366002824767945
-158.3105396897273,-220.91035053320735,0.0,-1.9954221191827064,78.66282008292868,884.4355337050473,268.73140014619526,2177.303212998101,0,-150.32389193221348,-224.59695824483435,-164.39299585063665,-218.10271077379204,-0.152342888705705,0.9111929627386401,-0.41197983525359494
-159.55683939499565,-223.6241628984775,0.0,-1.993594254814308,78.68280553426561,892.562357971912,271.7177089897754,2174.3169041545207,0,-151.44585012498845,-227.34907905923,-165.51568850031063,-220.88760233934192,-0.1523906002131472,0.9119444833930873,-0.4103136108014394
-160.79809885060013,-226.34070340940147,0.0,-1.9917787913802976,78.70267132731738,900.8119069372808,274.70439902786416,2171.330214116432,0,-152.57256605516983,-230.09916764678545,-166.63849418555154,-223.6720717785369,-0.1524763643591271,0.9126878894988727,-0.4086573336697796
-162.0343761042306,-229.05993669474017,0.0,-1.989970961250871,78.72241265043085,909.1863584001802,277.6914730322936,2168.3431401120024,0,-153.70360007319505,-232.84745612817352,-167.76166388268885,-226.45607197902052,-0.1526020616187374,0.9134251806912815,-0.40700668210620294
-163.26571770842403,-231.78183114221824,0.0,-1.9881656022804768,78.74202439920144,917.687969626214,280.6789320745952,2165.355681069701,0,-154.83850814336895,-235.5941662437221,-168.88544803652596,-229.2395548376573,-0.1527695724670703,0.9141584848841401,-0.4053569593757254
-164.4921576491453,-234.5063591491401,0.0,-1.9863568337104127,78.76150090090918,926.3190807743572,283.6667754086236,2162.3678377356728,0,-155.97684152739063,-238.3395088811506,-170.0100966798862,-232.022471737973,-0.1529807773792183,0.9148901860120879,-0.403702796050222
-165.71371564601873,-237.23349765835155,0.0,-1.9845372163619992,78.7808352305896,935.0821185008456,286.6550003647053,2159.379612779591,0,-157.11814596459655,-241.08368232867844,-171.1358598661213,-234.80477480108,-0.1532375568302738,0.915623255614393,-0.4020373785832607
-166.93039393192242,-239.96322916385196,0.0,-1.982695898810579,78.8000177572431,943.9795997506232,289.6436020684308,2156.391011075865,0,-158.2619596774456,-243.8268676605152,-172.26298865927708,-237.58641950355252,-0.1535417912953292,0.9163619814904486,-0.4003507448212114
-168.1421713829319,-242.69554425434583,0.0,-1.9808154350095168,78.81903337086807,953.014135747684,292.6325735210405,2153.4020396232554,0,-159.40780965350123,-246.5692199623592,-173.3917372495219,-240.36737003796253,-0.1538953612494769,0.9171132059365855,-0.398626852453166
-169.3489917381747,-245.4304446278389,0.0,-1.9788658979012657,78.83785673544402,962.1884361963336,295.6219037842869,2150.412709360009,0,-160.55520394689702,-249.3108500016715,-174.52236605287618,-243.14760701928003,-0.1543001471678093,0.9178886004523041,-0.39683814982900834
-170.550747028374,-248.16795456823263,0.0,-1.9767993764862868,78.85644441554143,971.5053137062654,298.61158210331666,2147.42303104098,0,-161.7036234027682,-252.0518044360398,-175.65514842809196,-245.92714393412427,-0.1547580295254188,0.9187067144776427,-0.39494046737919253
-171.74723869270858,-250.90811637669532,0.0,-1.9745335150539836,78.87472345608487,980.9676884553138,301.6015785981941,2144.433034546102,0,-162.85249653182024,-254.79200557588064,-176.790372729477,-248.706031879904,-0.1552708887973979,0.9195992357070566,-0.3928577932114843
-172.9381675658571,-253.6510639084975,0.0,-1.9719714152156549,78.89257163601104,990.5785931046736,304.5919084701511,2141.442704674145,0,-164.00121823890947,-257.5312952537666,-177.92836949500492,-251.4844254688774,-0.1558406054588389,0.9206027572077782,-0.3905004013076513
-174.12291669343887,-256.3967706127953,0.0,-1.968875716823262,78.90979910605294,963.545322129646,307.5823157670476,2138.4522973772487,0,-165.14895161208213,-260.2689603424721,-179.06943316764907,-254.2623907577961,-0.1564692494123455,0.9218072155164763,-0.38764862623484253
-175.30038136419014,-259.1451309684783,0.0,-1.9650782936892333,78.92608453327261,912.4811187359628,310.5722836089411,2135.462329535355,0,-166.29451691560794,-263.0034631540134,-180.2138874889617,-257.0400649936052,-0.157162191799801,0.9232726314228992,-0.3841453475774961
-176.46938350643305,-261.89642300796606,0.0,-1.96045567703732,78.94098657621666,866.4926863195018,313.5616269975663,2132.47298614673,0,-167.4371153499484,-265.7341620311956,-181.3620494280402,-259.8175681057789,-0.1579276072256797,0.9250385172819863,-0.3798733230232735
-177.62863523890096,-264.65116768649534,0.0,-1.9548433103335408,78.95396652490636,824.859392126312,316.55035295073014,2129.484260193566,0,-168.5760620174352,-268.4606718020925,-182.5143030651588,-262.5951808155539,-0.1587737593322017,0.9271559257806926,-0.3746757121695332
-178.7765433878446,-267.4099442324955,0.0,-1.9481808406856425,78.96442724326747,786.9918260750065,319.5384194073492,2126.496193736947,0,-169.71053093687053,-271.18225032447907,-183.67104860787347,-265.3733739146623,-0.1597089117615878,0.929631595418159,-0.3684902940381041
-179.91135211717523,-270.1733854850582,0.0,-1.940520644753297,78.9718617132409,752.4032765689552,322.52579256926424,2123.508820575032,0,-170.83988613979128,-273.8985881718945,-184.8318354480524,-268.1527861937843,-0.160741328156058,0.9324270010566167,-0.3613583923206492
-181.0312606521621,-272.9421132951885,0.0,-1.9320406990672403,78.9760364725084,720.6883366615054,325.5124376458218,2120.522175498474,0,-171.9636818004401,-276.60981183549103,-185.99550323410776,-270.9341522320154,-0.1618792721578328,0.9354577389025119,-0.353438564290033
-182.13456501623875,-275.71668702686446,0.0,-1.92301189809928,78.97712487395295,691.506644289756,328.49832778316727,2117.5362853611286,0,-173.08168632703865,-279.3165483141036,-187.16075141344967,-273.7180328468021,-0.1631310074091325,0.9386106933515135,-0.344978211378909
-183.2197643109444,-278.4975641263362,0.0,-1.913739666489246,78.97570515246493,664.5703744747246,331.4834467006639,2114.551166443632,0,-174.1938312184656,-282.01981120006667,-188.326212145085,-276.5048426252266,-0.1645047975521774,0.941769017493703,-0.3362604908236251
-184.28561907684676,-281.2850827029345,0.0,-1.9045022875139364,78.97261557522089,639.6345108599314,334.46779021254,2111.566822931756,0,-175.30013788186167,-284.7208330638479,-189.4904787063685,-279.29491679388855,-0.166008906229188,0.9448349590088877,-0.3275467909088312
-185.3311607002864,-284.07946344972123,0.0,-1.895502725548484,78.96872269097447,616.4892018295851,337.4513654243215,2108.5832477199747,0,-176.4006436850549,-287.4208933064069,-190.65213252248356,-282.0885760147666,-0.1676515970823846,0.9477444350264392,-0.3190305406640804
-186.35566408558728,-286.88082540918106,0.0,-1.8868393168708584,78.96469004673307,594.953698089049,340.43418892134605,2105.60042422295,0,-177.49534636538706,-290.1211869299525,-191.8097626781723,-284.88617332468374,-0.1694411337539875,0.9504727263162227,-0.3108079737217288
-187.35859976711285,-289.68920851728785,0.0,-1.878500958938276,78.96083836179271,574.8715027441307,343.41628477211555,2102.6183283721807,0,-178.5841731693306,-292.8227501962845,-192.96197579061757,-287.6881190880161,-0.1713857798862171,0.9530312822739995,-0.3028718788649357
-188.3395815970911,-292.50459659525706,0.0,-1.870393375989754,78.95716054236445,556.106460124808,346.39768299783424,2099.636930146462,0,-179.66697408917642,-295.5264430150707,-194.1073961474942,-290.49488386083686,-0.1734937991212937,0.9554554916689116,-0.2951352290725699
-189.29832035211072,-295.32693700954883,0.0,-1.8623897647093952,78.95347048120844,538.5395780326603,349.3784187148211,2096.656194429475,0,-180.74353038161007,-298.2329679915805,-195.2446596522172,-293.30698721588124,-0.1757734551014377,0.9577870120766884,-0.28747876355864893
-190.23458538642723,-298.1561563754055,0.0,-1.8543805127100983,78.94956877285118,522.066427862671,352.35853187284414,2093.676081271452,0,-181.8135668455949,-300.94289865076985,-196.3724071625719,-296.1249855212746,-0.1782330114688694,0.960058757369105,-0.27979846747058856
-191.14817592093345,-300.99217198898543,0.0,-1.846302340454945,78.94533150443608,506.5950036474978,355.33806744491045,2090.6965456993858,0,-182.876766294608,-303.6567135752341,-197.4892769676236,-298.9494576023426,-0.1808807318658092,0.962287667960259,-0.27203390246733283
-192.0389024921828,-303.83489912883863,0.0,-1.8381399829352996,78.94072212769413,492.0439482598128,358.31707590686347,2087.7175372374327,0,-183.93278178174495,-306.3748323518755,-198.5938935387005,-301.7809894807475,-0.1837248799344775,0.9644760256865238,-0.2641703917473114
-192.90657549512412,-306.6842555290318,0.0,-1.8299052168277243,78.93575425590991,478.3410753992829,361.2956138595099,2084.738999284786,0,-184.98117719938517,-309.0976616365668,-199.6846999015169,-304.62021202868,-0.1867737193170945,0.9666186814523625,-0.25621929019356865
-193.75099923527625,-309.5401637701466,0.0,-1.8216121348730612,78.93044469119319,465.4221314220727,364.2737447052921,2081.760868439004,0,-186.0207494344137,-311.8258136923606,-200.760405398714,-307.46765006555194,-0.1900355136558807,0.9687102651581682,-0.24819432341854927
-194.5719704264725,-312.4025521228888,0.0,-1.813264476965982,78.92478963406278,453.229752847628,367.25153932189824,2078.783073822398,0,-187.0493878447623,-314.56012923050326,-201.81956786521692,-310.323844425208,-0.1935185265930564,0.9707483310896375,-0.24009930796793943
-195.3692787951934,-315.27135472389256,0.0,-1.804856275095392,78.91876630876911,441.7125844365947,370.2290767269292,2075.805536417367,0,-188.06449262724504,-317.3015282678597,-202.86071747426,-313.18930601461943,-0.197231021770842,0.9727327960405863,-0.23192866900636314
-196.14270772168504,-318.1465116885528,0.0,-1.796378500205353,78.9123446785644,430.824529754826,373.206444671233,2072.828168473063,0,-189.06406625008265,-320.0506950572155,-203.88235669817203,-316.0645146105206,-0.2011812628314578,0.974664055293073,-0.22367382350123483
-196.89203427154368,-321.02796958265475,0.0,-1.7878247564989354,78.90549703970477,420.5241116181927,376.1837404029006,2069.8508727413955,0,-190.0459129797325,-322.8083115609315,-204.8829612301447,-318.9499195301736,-0.2053775134171241,0.9765416243455657,-0.21532871596822412
-197.6170283307773,-323.9156813730191,0.0,-1.7791924534147427,78.89820092615935,410.7739241186743,379.1610707121093,2066.8735424321867,0,-191.00787947658768,-325.57498604181137,-205.86098101707125,-321.8459399458762,-0.2098280371700613,0.9783639999171015,-0.20689099464744654
-198.317452268376,-326.80960890329385,0.0,-1.7704815369835758,78.89043280094212,401.5934574075747,382.1385545899571,2063.896058554339,0,-191.94802199958147,-328.35121676404964,-206.81484183519032,-324.7529661582929,-0.2145410949038224,0.9801290683626803,-0.1983608059837033
-198.9930517549183,-329.7096640940772,0.0,-1.761693734342816,78.8821542732118,393.394037602265,385.116264242661,2060.918348901635,0,-192.8643881613064,-331.1374031213184,-207.7429238693132,-327.67128595334964,-0.2195175278428834,0.9818343563184058,-0.18974007682306313
-199.6435141927502,-332.6155244001277,0.0,-1.7528162075975715,78.87330793554999,385.4186753598637,388.0940361448238,2057.9405769994723,0,-193.754920327029,-333.93365697288885,-208.6435176024864,-330.6009182106276,-0.2247346678075274,0.9834800676352049,-0.1810164538495127
-200.26849771180372,-335.52680782606035,0.0,-1.743842637412643,78.86381817850638,377.6605656813275,391.0716485415602,2054.962964602736,0,-194.61751076669276,-336.7399407266984,-209.5149001956189,-333.5418244639306,-0.2301652012480618,0.9850648126064757,-0.17218395675721032
-200.86765860088263,-338.44313861887235,0.0,-1.7347651902803547,78.85359043188204,370.11345063311,394.04889207612456,2051.985721068172,0,-195.4500471538907,-339.556188242483,-210.35533617424267,-336.4938928940186,-0.2357818146147944,0.9865871974914993,-0.1632351118658892
-201.4406493694196,-341.36414604244817,0.0,-1.725576970692567,78.84251029798709,362.7715700764528,397.02556854316185,2049.0090446011345,0,-196.25040782838556,-342.3822743996329,-211.16309264811323,-339.45697175683955,-0.2415571943580325,0.9880453712207015,-0.1541633692202728
-201.9871183489269,-344.2894650434069,0.0,-1.7162718330951634,78.83044417085948,355.6296173797773,400.0014918625594,2046.0331212817368,0,-197.01646799014796,-345.2180154777901,-211.9364430218129,-342.43086524659947,-0.2474640269280838,0.9894370869475871,-0.144962929649869
-202.50670894114523,-347.2187363343902,0.0,-1.7068440654346697,78.8172423535285,348.6826995645704,402.9764884473811,2043.058124696915,0,-197.74610559596772,-348.06316638737,-212.67367202625297,-345.4153327415875,-0.2534749987752556,0.990759771876948,-0.1356284425566332
-202.99905936373403,-350.15160650906944,0.0,-1.6972883390781015,78.80274429862259,341.9263014052575,405.9503977264524,2040.084215417844,0,-198.4372984817568,-350.9174040944454,-213.3731483163639,-348.4100745708684,-0.2595627963498556,0.9920105466989955,-0.12615496517363164
-203.4638027393877,-353.0877280304047,0.0,-1.6876000298169642,78.78678458891142,335.3562530639064,408.9230726150438,2037.1115405292524,0,-199.0888489390464,-353.7802166698309,-214.0337658216185,-351.4146636535813,-0.2657001061021912,0.993186199550475,-0.116538289941478
-203.9005674393782,-356.0267591867268,0.0,-1.6777754566198648,78.76919839791195,328.9687008924931,411.8943799941262,2034.14023315017,0,-199.7002597010685,-356.65096017392773,-214.655263523615,-354.42852107393367,-0.27185961448257,0.9942831881996067,-0.10677519217320822
-204.30897757094132,-358.96836403411345,0.0,-1.6678118252698686,78.74982574393559,322.7600810803551,414.8642011863417,2031.1704119579545,0,-200.27121218010257,-359.52896424387944,-215.23759208230524,-357.4510436862243,-0.2780140079412997,0.9952976864481192,-0.09686338498638872
-204.68865358418887,-361.9122123437394,0.0,-1.6577069916353857,78.72851445088958,316.7270958632354,417.8324324349345,2028.2021807093613,0,-200.80143021662016,-362.41355796877554,-215.78070642307085,-360.48164053512176,-0.2841359729286875,0.9962256448539031,-0.08680129339718941
-205.03921302802425,-364.857979558851,0.0,-1.647459315516688,78.70512240861983,310.8666920439853,420.79898538563145,2025.2356277586648,0,-201.2908576091326,-365.3040505804182,-216.28456482788744,-363.5197325132359,-0.290198195895041,0.9970628320332994,-0.07658791665619769
-205.3602715065033,-367.80534676770367,0.0,-1.63706777979394,78.67951996296412,305.17604160423105,423.76378757303337,2022.2708255712628,0,-201.73963444059015,-368.1997449356738,-216.7491280715529,-366.5647517887651,-0.2961733632906679,0.9978048508424546,-0.06622295399079367
-205.65144379915853,-370.7540007131784,0.0,-1.6265322172795074,78.65159212646587,299.65252421180173,426.7267829146047,2019.3078302296915,0,-202.1479600379704,-371.0999610794638,-217.17435863191167,-369.6161413400658,-0.3020341615658756,0.9984471573091818,-0.05570703780685222
-205.91234490984664,-373.7036338794602,0.0,-1.6158531525364863,78.62123849998852,294.2937114508865,429.6879322193829,2016.3466809249128,0,-202.5160450617419,-374.00404357539446,-217.56022005767488,-372.6733554034911,-0.3077532771709717,0.9989851129394779,-0.04504158218023288
-206.14259078520888,-376.6539446770026,0.0,-1.6050310477521474,78.58836979133898,289.0973526213267,432.6472137141408,2013.3873994301557,0,-202.8441096157768,-376.9113621954737,-217.9066764265576,-375.7358609962647,-0.3133033965562637,0.9994140491724947,-0.03422803407498753
-206.34179894370047,-379.6046376928488,0.0,-1.5940658808453885,78.55290548394039,284.0613619704021,435.6046235883674,2010.4299895559288,0,-203.13238152546128,-379.8213129383877,-218.21369161143156,-378.8031385658816,-0.3186572061720589,0.999729276143262,-0.02326745413811796
-206.509589851383,-382.5554239115915,0.0,-1.5829585220288105,78.51478055856695,279.1838072353592,438.5601765142042,2007.474436630092,0,-203.3810946596976,-382.7333199057367,-218.4812282208535,-381.8746792152456,-0.3237873924686651,0.9999260414152095,-0.01216189539951968
-206.6455892648608,-385.5060210649669,0.0,-1.571713156155376,78.4739578825812,274.46289938797327,441.5139062584384,2004.5207068858576,0,-203.59048716359493,-385.6468373378396,-218.70924668500132,-384.9499809658774,-0.3286666418963898,0.9999995797119913,-0.0009168292320353495
-206.7494294705727,-388.4561538715684,0.0,-1.5603360205798198,78.43042239826201,269.89698348387714,444.46586600831785,2001.5687471359784,0,-203.76079944762057,-388.5613491209774,-218.8977050748927,-388.0285529734073,-0.3332676409055406,0.9999452914957875,0.010460115458478875
-206.82074718035264,-391.4055557893635,0.0,-1.5488284822015974,78.38414154331532,265.4845305294687,447.4161300453867,1998.6184830989096,0,-203.89227223403103,-391.47636747666166,-219.04655908915228,-391.10993080170914,-0.3375630759464248,0.9997587166055327,0.02196607773950633
-206.8591799027225,-394.3539658681568,0.0,-1.537181460486801,78.33504029690307,261.2241302880469,450.3647906000927,1995.6698225442035,0,-203.98514468983265,-394.3914291091804,-219.15576048368897,-394.1936791187097,-0.34152563346935,0.9994350735798688,0.033608536094303275
-206.86437313067933,-397.30114345280816,0.0,-1.5253954562393242,78.28307781457707,257.11448495460013,453.3119727602395,1992.7226403840568,0,-204.03965318446484,-397.30612089789713,-219.225254673414,-397.2793623168721,-0.3451279999246238,0.9989695574936689,0.045385275155090624
-206.83598987650345,-400.2468142535884,0.0,-1.5134876133471873,78.22839923873754,253.1544036355012,456.25778030244027,1989.776832841856,0,-204.05602829496945,-400.2200277042744,-219.2549802885951,-400.36647846093337,-0.3483428617625536,0.9983583050719446,0.05727734887260506
-206.7737506143461,-403.1909429459952,0.0,-1.5015653072348447,78.17124822637768,251.20560579125217,459.20256679439626,1986.8320463499,0,-204.034489927161,-403.13303462002193,-219.2448725743149,-403.4545840806591,-0.3511446368783358,0.9976044899881363,0.0691757295264057
-206.6775167253272,-406.13358066196514,0.0,-1.4896307146682006,78.1116831522747,250.5154930812012,462.14677767149806,1983.887835472798,0,-203.9752311538076,-406.0452070751061,-219.1948662250772,-406.54293897883593,-0.3535343103406828,0.9967078796342659,0.08107652357474253
-206.54715515636423,-409.0743810321149,0.0,-1.477642441709609,78.0496892064474,249.7688837698301,465.09046599666686,1980.944147147629,0,-203.87843768377437,-408.9560805176097,-219.1048971898219,-409.63104817985135,-0.355533661385256,0.9956643135037359,0.09301921745066667
-206.38250054842837,-412.01283358952594,0.0,-1.465601196196467,77.98530186911995,248.96772711156004,468.033528104756,1978.00108503954,0,-203.7443036723618,-411.865003647133,-218.97489680994107,-412.71844173834,-0.3571650243215401,0.9944720927299292,0.10500122276123765
-206.1834164223393,-414.9484617867047,0.0,-1.453498496971946,77.91855994637093,248.114069211706,470.9758991556828,1975.0587139886131,0,-203.57302334504985,-414.77143397880974,-218.8048056226301,-415.8044006421035,-0.3584507334590204,0.9931284936116171,0.11702903561390264
-205.94978399951037,-417.8807778254246,0.0,-1.4413408911444077,77.84950957572971,247.21004774040992,473.9175078074125,1972.117105336884,0,-203.3647937925941,-417.6748186051168,-218.5945687465904,-418.88825166439744,-0.3594131231071817,0.9916323408198489,0.12909415416720868
-205.68150094631457,-420.8092961863015,0.0,-1.4291352314325727,77.77820014531916,246.25788652451368,476.858289265907,1969.1763238783888,0,-203.11981334505955,-420.5746186851528,-218.3441363238828,-421.9693266392373,-0.360074527575509,0.9899828357782626,0.14118776457055118
-205.3784781696901,-423.7335309735615,0.0,-1.4168850363622802,77.70468558959493,245.25989004271253,479.79818244324775,1966.2364307010484,0,-202.8382813050161,-423.4703039883482,-218.0528831712337,-425.04691162697645,-0.3604572811734876,0.9881790202928431,0.15330435040492743
-205.04064018198332,-426.65299772582046,0.0,-1.4045918675275355,77.62902429212905,244.2184378492136,482.7371313409803,1963.297481803316,0,-202.52039688143307,-426.3613575060678,-217.72082143932505,-428.1203365528248,-0.360583718210602,0.9862198046425539,0.1654403122905746
-204.6679253152926,-429.56721408111457,0.0,-1.3922577789886244,77.55127834399117,243.13597895091624,485.67508527821553,1960.3595278660805,0,-202.1654506866942,-429.2471590872907,-217.34843699879733,-431.18899319614223,-0.3604761729963376,0.9841042851904023,0.1775915422250941
-204.2602850496056,-432.4757006799607,0.0,-1.3798854415239716,77.47151274672126,242.0150261627758,488.6119994550135,1957.4226136892823,0,-201.77419924580883,-432.1272621903412,-216.93570357722876,-434.25222974436986,-0.3601569798401792,0.9818317989650327,0.18975330969732146
-203.8176829193122,-435.3779818943736,0.0,-1.3674773638224385,77.38979487950388,240.8581504654902,491.54783543361896,1954.4867777106767,0,-201.3471821801765,-435.0012269181147,-216.48267481026684,-437.3094116825165,-0.359648473051612,0.9794018049349368,0.20192103528406344
-203.34009356654423,-438.2735865440927,0.0,-1.355035564093569,77.30619401009685,239.66797538907957,494.48256163504766,1951.5520515092485,0,-200.88459120354037,-437.8685858875351,-215.9896125948869,-440.3599471963173,-0.3589729869401208,0.9768138047392826,0.214090613691415
-202.8275019293662,-441.1620485827116,0.0,-1.342561727723074,77.22078082621418,238.44717144515693,497.4161538246759,1948.6184593196203,0,-200.3866143596005,-440.7288843109208,-215.4568307917739,-443.4032718605278,-0.3581528558151907,0.974067349244332,0.22625825760869023
-202.2799023855839,-444.0429077428031,0.0,-1.3300573928570412,77.13362716352222,237.1984506298988,500.3485955991419,1945.6860175451543,0,-199.85343526006395,-443.5816799572368,-214.88464509146868,-446.4388427648458,-0.3572104139863067,0.9711620631436273,0.2384203160609711
-201.69729778615087,-446.91571012244987,0.0,-1.3175239753964425,77.04480579372978,235.92456101877568,503.27987887303146,1942.7547342712649,0,-199.2852323341478,-446.4265430163424,-214.27337150919112,-449.4661390853893,-0.3561679957629536,0.9680976427735811,0.25057325087933024
-201.0796983712812,-449.7800087026641,0.0,-1.304962635115699,76.95438959965396,234.6282814731177,506.2100043641777,1939.8246087801183,0,-198.68217808417208,-449.26305591824246,-213.6233248526196,-452.4846626199381,-0.3550479354546169,0.9648738139392604,0.26271376662501983
-200.42712057403284,-452.63536378779366,0.0,-1.2923740596458329,76.86244998346793,233.3124164774985,509.1389820772436,1936.8956310670528,0,-198.0444383454966,-452.0908131193536,-212.9348171732361,-455.4939382389598,-0.3538725673707809,0.9614902573661337,0.27483901649876075
-199.73958585128517,-455.4813433845022,0.0,-1.2797584836601448,76.76905646662463,231.9797911258052,512.0668317762318,1933.9677813680644,0,-197.37217152546685,-454.9094209596145,-212.2081563520084,-458.4935136657612,-0.3526642258209313,0.9579465859412863,0.286946577751737
-199.0171197767622,-458.31752360328136,0.0,-1.2671163082403882,76.67428004572004,230.6332462726509,514.993583467481,1931.041029676815,0,-196.66552778487377,-457.71849769371113,-211.4436449877319,-461.4829581654737,-0.3514452451145526,0.9542425029041222,0.29903385368763263
-198.2597512310557,-461.1434889731143,0.0,-1.2544486801040475,76.5781968955609,229.27563386557773,517.9192778099441,1928.115335334352,0,-195.9246482602603,-460.5176732572017,-210.6415791909407,-464.4618619210887,-0.35023795956113,0.9503779925031604,0.31109752709666927
-197.46751066097409,-463.958832738792,0.0,-1.2417562377610585,76.48088049776891,227.9098124722128,520.843966791669,1925.190646352627,0,-195.1496410558841,-463.30658189834463,-209.8022461608596,-467.42983972677285,-0.3490647034701486,0.9463529600816611,0.32313476282300224
-196.6404271584868,-466.763155682713,0.0,-1.229035527172053,76.38238001282944,226.5386430152828,523.7677134109725,1922.2668997333235,0,-194.3405039765252,-466.08483561800296,-208.92592097636864,-470.3865362490296,-0.3479478111510933,0.9421660004205882,0.33514657636841844
-195.77852601904448,-469.5560687269256,0.0,-1.2162803498117112,76.28272085979076,225.1649847270725,526.6905950108162,1919.34401813348,0,-193.497148208592,-468.8520288577281,-208.0128659438741,-473.33162183388185,-0.3469096169134489,0.9378146207148755,0.3471364820548455
-194.881834959385,-472.3371835834723,0.0,-1.2034901474121342,76.18197535399902,223.7916913336294,529.6126926652039,1916.4219204790925,0,-192.6194677543597,-471.6077478891364,-207.06333905503155,-476.26476168764833,-0.3459724550667007,0.9332980887403511,0.3591026003158535
-193.950380547206,-475.10615588064303,0.0,-1.1906929407992528,76.08033883871693,222.634045690663,532.5341332181617,1913.5004799261344,0,-191.7073416541435,-474.35162017229845,-206.07759038621205,-479.1856272150096,-0.3451586533679051,0.9286262826314514,0.37101647834845775
-192.9841489608284,-477.8629753198141,0.0,-1.1779600160453338,75.9780010252835,223.18803017941627,535.4553755735142,1910.579237570782,0,-190.76052185371933,-477.0836211420663,-205.05584022085284,-482.0939558587287,-0.3444837135518866,0.9238270085280934,0.3828102118727163
-191.98323324879837,-480.6075401734684,0.0,-1.1652342044877664,75.87497161420787,223.70134719569725,538.3767568390293,1907.6578563052667,0,-189.7787829579949,-479.8035989113348,-203.9983542517417,-484.98933620855775,-0.3439433975751652,0.918880765233139,0.39453534605224017
-190.9477669482352,-483.3393979991854,0.0,-1.1525157922148146,75.7713103590918,224.17270026727863,541.2982697415395,1904.7363434027568,0,-188.7620594876772,-482.5109411164765,-202.9052265149588,-487.8716786710168,-0.3435299199586744,0.9137887201640719,0.4061898261907941
-189.87788366749209,-486.0581141726733,0.0,-1.139795252311901,75.66707834731099,224.600898842032,544.2199247291104,1901.8146884151856,0,-187.7102689189515,-485.2051031812461,-201.7764938761288,-490.7405169370516,-0.343235495223348,0.9085479755615402,0.4177805358115991
-188.7737232275352,-488.763243152684,0.0,-1.1270708573022583,75.56234017044113,224.98486152407145,547.1417209361823,1898.8928922081136,0,-186.62334487814687,-487.8855169067714,-200.6120696590689,-493.5953357814621,-0.3430523378901193,0.9031585638352483,0.4293071261591772
-187.63542997275823,-491.4543367296917,0.0,-1.1143431551990837,75.45716155791814,225.32361904218672,550.0636545723353,1895.9709585719609,0,-185.50123389985131,-490.5516029805135,-199.41185535058884,-496.4355925609639,-0.3429726624799222,0.8976214658192772,0.440767176750325
-186.46315196383537,-494.1309417643347,0.0,-1.1016120444135389,75.3516094762828,225.61631693369304,552.9857172413554,1893.0488959029408,0,-184.34389807829356,-493.20276794220166,-198.1757549020495,-499.2607336738628,-0.3429886835136903,0.8919374188539567,0.4521588668246387
-185.2570412037616,-496.79260121379815,0.0,-1.0888762710722677,75.24575132654878,225.8622179282341,555.9078969398824,1890.1267162044137,0,-183.15131516969456,-495.8384074577308,-196.9036790161692,-502.07018666413006,-0.3430926155123571,0.8861066465720411,0.4634814029719552
-184.0172544091919,-499.4388546497341,0.0,-1.076134471771968,75.13965445506376,226.0607040178159,558.8301783334501,1887.204434810846,0,-181.9234794453082,-498.4579075810322,-195.59554688700615,-504.8633593183819,-0.343276672996856,0.8801292890912685,0.47473406711936983
-182.74395346363497,-502.06923890256695,0.0,-1.063385606085811,75.03338580633955,226.21127820102973,561.7525432346059,1884.28206990969,0,-180.66040260268508,-501.0606458506179,-194.2512868988855,-507.63964122236615,-0.3435330704881211,0.8740056078707729,0.48591583366920743
-181.43730557898272,-504.6832885451478,0.0,-1.0506287723645795,74.92701134547364,226.3135658913153,564.6749710315486,1881.359642112748,0,-179.36211486471774,-503.6459924231173,-192.87083710570303,-510.39840563402765,-0.3438540225070857,0.867735913027818,0.497025537816498
-180.09748338161202,-507.2805363702898,0.0,-1.0378629460223694,74.82059515938926,226.3673159810457,567.5974391298812,1878.437174014415,0,-178.02866961973837,-506.2133133761834,-191.4541461337562,-513.139010365756,-0.3442317435746833,0.8613204387533315,0.5080621042606588
-178.7246650319532,-509.8605138949749,0.0,-1.0250869306042822,74.71419857621383,226.372401555171,570.5199233897259,1875.51468975457,0,-176.65898054769457,-508.7613533257596,-190.00119359564775,-515.860808542728,-0.3446584482118479,0.8547593118244436,0.5190245840510868
-177.3190343490062,-512.4227518870301,0.0,-1.0122994520512485,74.607879561252,226.32882025029,573.4423985640898,1872.5922145802065,0,-175.2549194912553,-511.29038901278585,-188.51210388529336,-518.5632126972084,-0.3451263509395127,0.8480525929648813,0.5299120677674186
-175.88078089295286,-514.966780889141,0.0,-0.9994992580163956,74.50169247183233,226.2366942570164,576.3648387375459,1869.66977440675,0,-173.8170570537976,-513.8000654383573,-186.98708852593,-521.2456736705783,-0.3456276662786115,0.8412003272745352,0.5407235979622259
-174.410099989007,-517.4921317289088,0.0,-0.9866851588180996,74.39568797531169,226.09626996568556,579.2872177658629,1866.747395378433,0,-172.34592626896722,-516.2900251444754,-185.42637516095925,-523.9076464656622,-0.3461546087500781,0.8342025689910447,0.5514581343028148
-172.90719268311256,-519.9983360029073,0.0,-0.9738559834909082,74.28991271610872,225.9079172574901,582.2095097145086,1863.8251034297875,0,-170.84204644356387,-518.7599200432193,-183.8301988389936,-526.5485864850089,-0.3466993928748458,0.8270593611524554,0.5621145907464886
-171.37226564538844,-522.4849265460361,0.0,-0.9610105123760398,74.18440889314425,225.67212844526557,585.1316893017884,1860.902923842508,0,-169.30592265863797,-521.209410668145,-182.198217044474,-529.1675891007785,-0.3472542331738483,0.8197706989935348,0.5726918901745084
-169.8055311291956,-524.9514379254853,0.0,-0.9481476005713464,74.07921507477712,225.389516870164,588.0537323249456,1857.980880819351,0,-167.73804526878354,-523.6381654685904,-180.5311947356097,-531.7644076613052,-0.3478113441680193,0.8123366004130879,0.5831888610298616
-168.2072070166819,-527.3974070898796,0.0,-0.9352666048437046,73.97436897344772,225.0608151624632,590.9756161559372,1855.058996988359,0,-166.13888934918242,-526.0458602067769,-178.82989236901935,-534.3388249889441,-0.3483629403782923,0.8047573643841421,0.5936038952613849
-166.57751685777177,-529.8223737490869,0.0,-0.9223673632467454,73.86990814671742,224.68687317670592,593.8973199931384,1852.1372931511576,0,-164.50891444959908,-528.4321769088552,-177.09475011282916,-536.8904426933143,-0.3489012363256009,0.7970335856324086,0.6039349827373358
-164.9166887760476,-532.2258811080866,0.0,-0.90944897217774,73.76586138459636,224.2686556131764,596.8188260331474,1849.2157871111488,0,-162.8485630500855,-530.7968023622476,-175.32620278172564,-539.4188747608816,-0.3494184465308789,0.7891654288641397,0.6141806948168255
-163.22495579301386,-534.60747332578,0.0,-0.8965073088879538,73.662236867587,223.8072393395073,599.7401171821537,1846.2944959621425,0,-161.15824575195532,-533.1394127918016,-173.5246789244207,-541.9237473747405,-0.3499067855150597,0.7811510445752773,0.6243420901708879
-161.50255108437543,-536.966705100574,0.0,-0.8835409626032955,73.55904006460794,223.30381042782568,602.6611876276475,1843.3734255166487,0,-159.4383349198544,-535.4596824843967,-171.69060147690857,-544.404696634694,-0.3503584677990771,0.7729901706411559,0.6344179979257812
-159.74973264887285,-539.3031136839039,0.0,-0.8705505786856571,73.45633633650436,222.7596609243687,605.5820055843327,1840.4526075599636,0,-157.68920546196492,-537.7572667520634,-169.8244145547579,-546.8613328680209,-0.3507657079038646,0.7646838489122791,0.6444056263043508
-157.966677049489,-541.6163902532065,0.0,-0.8575877058975061,73.35426144825766,222.99510165941848,608.502713675974,1837.531899468322,0,-155.91111275115185,-540.0319772691817,-167.9265022301266,-549.2933460884416,-0.3511211354540312,0.7562664883614438,0.65426370721709
-156.1535224383632,-543.906405862971,0.0,-0.8446501399161405,73.25284749686676,223.6975600127373,611.4236212638328,1834.6109918804632,0,-154.10416495329088,-542.2837959741737,-165.99729676282567,-551.7003635684018,-0.3514230177537004,0.7477388533209771,0.6639929270965393
-154.3105108125175,-546.1728828084387,0.0,-0.8317172700029865,73.15208621577052,224.3771950663242,614.3448555230697,1831.6897576212264,0,-152.26862053227117,-544.5124963956314,-164.03710041179104,-554.0821702808479,-0.3516736862023211,0.739089226353312,0.6736075381766914
-152.43792766203293,-548.4154482940343,0.0,-0.8187899827506572,73.05199737422079,225.03231101483712,617.2664420120622,1828.7681711322336,0,-150.40481144858654,-546.7177591122776,-162.04621237799,-556.4385415681114,-0.3518755619806416,0.730319795249152,0.6831054067032676
-150.53605854568204,-550.6337489627682,0.0,-0.8058641679881318,72.95259418749929,225.6612754430558,620.1884214768488,1825.8461916674476,0,-148.51303730274597,-548.8993034577511,-160.02501578257426,-558.769145110631,-0.3520310662694102,0.7214293383128573,0.6924880575298559
-148.60520049561703,-552.8274248602171,0.0,-0.7929405811190599,72.85389028223416,226.26252288262745,623.1108223310351,1822.923790813261,0,-146.59360805599263,-551.056835385256,-157.97387560405022,-561.0736666011228,-0.3521426202493748,0.7124199124644346,0.7017534241627663
-146.6456578935757,-554.9961163181824,0.0,-0.7800198054564722,72.75589885956545,226.8345582898113,626.0336685208075,1820.0009446234883,0,-144.64683430306027,-553.1900595067377,-155.8931580719752,-563.3517865060292,-0.3522126451012839,0.703293499029609,0.7108996091029234
-144.65774288911413,-557.1394622521502,0.0,-0.7671018182851649,72.6586335462725,227.37596042717743,628.956977922431,1817.0776352218647,0,-142.67302988217702,-555.2986764492088,-153.78322643620618,-565.6031849665928,-0.3522435620058857,0.6940516823874627,0.7199251781783524
-142.64177520155258,-559.2571012675559,0.0,-0.7541862241561911,72.5621080478328,227.88538513247235,631.8807632628519,1814.1538498814443,0,-140.6725107482711,-557.3823844356511,-151.64444470589805,-567.8275378200198,-0.352237792143928,0.6846957920235611,0.7288289733436977
-140.59808218528252,-561.3486721217446,0.0,-0.7412727318551042,72.46633602689997,228.3615684582416,634.8050323651821,1811.229580779114,0,-138.64559524069375,-559.4408792659475,-149.47717734698222,-570.0245172342456,-0.3521977566961595,0.6752272377117506,0.7376097731539075
-138.52699865628534,-563.4138142168352,0.0,-0.7283611599600437,72.3713311205488,228.8033296662496,637.7297885698937,1808.3048245744023,0,-136.59260418777424,-561.4738544766118,-147.2817890337963,-572.1937922114681,-0.352125876843328,0.665647518365119,0.7462662938216883
-136.42886668556974,-565.4521679920372,0.0,-0.7154513237564932,72.2771070091603,229.2095740613157,640.655031103329,1805.3795820409675,0,-134.5138610014878,-563.4810015052597,-145.05864460000635,-574.3350288392231,-0.3520245737661819,0.6559581414313153,0.7547972686026193
-134.30403539625985,-567.4633753342965,0.0,-0.7025429922963167,72.183677426433,229.5792956498847,643.5807554549363,1802.45385768936,0,-132.40969168380684,-565.4620099313611,-142.80810929917234,-576.4478902253435,-0.3518962686454693,0.646160589916033,0.7632014753912392
-132.1528607640341,-569.4470799870078,0.0,-0.6896359065662986,72.09105613042499,229.91157960942468,646.50695374752,1799.527659396776,0,-130.27997482441754,-567.416079698306,-140.53054902847765,-578.5320364831953,-0.3517433826619386,0.6362563344273772,0.7714777228806011
-129.9757054002734,-571.4029279420537,0.0,-0.6767297979354169,71.99925689472943,230.20560455563103,649.4336151049731,1796.600998039323,0,-128.1250005187393,-569.3428127632767,-138.22633047521106,-580.587124796383,-0.3515683369963376,0.6262468464175344,0.779624837567463
-127.77293831732044,-573.3305678114993,0.0,-0.6638243966266265,71.90829355925926,230.4606445954083,652.3607260164381,1793.673887127858,0,-125.94562553577862,-571.2424472505788,-135.89582125144398,-582.6128094944922,-0.3513735528294149,0.6161336045128456,0.7876416579828726
-125.54493467761372,-575.2296511801859,0.0,-0.6509194320561884,71.81818006716277,230.67607115465327,655.2882706975264,1790.7463424467696,0,-123.74218603546508,-573.1146673925276,-133.5393900324096,-584.6087421256651,-0.3511614513419184,0.6059180947979607,0.7955270343592413
-123.29207551958618,-577.0998329280785,0.0,-0.6380146036053841,71.72893029481514,230.85135457103289,658.2162314479565,1787.8183816963397,0,-121.51502081938078,-574.9591565151123,-131.15740665012885,-586.5745715668921,-0.3509344537145965,0.5956017873709928,0.8032798459319632
-121.01474745819384,-578.9407715201029,0.0,-0.62510953162569,71.64055771111609,230.9860654431428,661.1445890078883,1784.890024136408,0,-119.26447133344642,-576.7755972164401,-128.75024217030307,-588.5099441437627,-0.3506949811281972,0.5851860955393808,0.8108990279852201
-118.71334240139666,-580.7521292997914,0.0,-0.6122037992712476,71.55307556652356,231.07987572876465,664.0733229052387,1781.9612902390577,0,-116.99088162836296,-578.5636715706528,-126.31826914766674,-590.4145036063451,-0.3504454547634689,0.5746724072116595,0.8183835435720568
-116.38825729582416,-582.5335728620889,0.0,-0.5992971752383329,71.46649819865885,231.13255958622383,667.0024118273792,1779.032201316917,0,-114.69459823926776,-580.3230613815913,-123.86186208875912,-592.2878909649747,-0.3501882958011597,0.564062267679807,0.8257322557463247
-114.039893908802,-584.2847733289559,0.0,-0.5863896586074723,71.3808416025987,231.1439939542961,669.9318338988229,1776.1027792454734,0,-112.37597023095832,-582.0534482934856,-121.38139754813776,-594.1297446377808,-0.3499259254220177,0.5533574239435155,0.832943912497472
-111.66865810288822,-586.005406511624,0.0,-0.5734808636055813,71.29611935053364,231.1141588674797,672.8615672990738,1773.1730458452223,0,-110.0353492258621,-583.7545139156114,-118.8772527873034,-595.9397016293665,-0.3496607648067912,0.5425593160813119,0.8400174929924847
-109.27495995279104,-587.6951519805174,0.0,-0.5605687886466363,71.21233643878402,231.04313750495507,675.79158958285,1770.243023561446,0,-107.6730904802771,-585.425939212298,-116.34980543266468,-597.7173978448529,-0.3493952351362284,0.5316680210580315,0.8469528412988746
-106.85921070337216,-589.3536959270191,0.0,-0.5476524261248381,71.12949712790306,230.9311159729289,678.7218817966991,1767.312731347597,0,-105.28954873969111,-587.067407572344,-113.79943488127736,-599.4624671681651,-0.3491317575910775,0.5206844261820822,0.8537492186417718
-104.42183498105877,-590.9807249266933,0.0,-0.5347323010061267,71.04763410029867,230.77838282163023,681.6524148160496,1764.3821983282464,0,-102.88508880189087,-588.6785976571659,-111.22653814003104,-601.1745311099572,-0.3488727533520865,0.509610728116623,0.8604050823818077
-101.96321129480498,-592.5759743223409,0.0,-0.5218299386713682,70.96680935451394,230.95540188460373,684.5832254658396,1761.4513876784565,0,-100.4600174135862,-590.2592280559079,-108.63148762852134,-602.8532276378982,-0.3486205872808436,0.49846736088911997,0.8669084669838194
-99.48369013498036,-594.1392416420252,0.0,-0.508943403444436,70.88703906975768,231.30422274249688,687.5144078031927,1758.5202053411035,0,-98.01457513909487,-591.8090568600333,-106.01469720409295,-604.4981674757074,-0.3483769040583933,0.4872548357142142,0.8732598267830223
-96.98368081738325,-595.670285552978,0.0,-0.4960643565858548,70.80832730584655,231.61764419865105,690.4459845197973,1755.5886286244988,0,-95.54909448498168,-593.3277797814293,-103.37602036087668,-606.1082020004774,-0.3481428506289532,0.4759679825148209,0.8794626084267433
-94.46361943454384,-597.1688405859019,0.0,-0.483192597318328,70.73069209396743,231.8948963954296,693.3779423230374,1752.6566708212588,0,-93.06394857696507,-594.8150688528825,-100.71622621935327,-607.6836048449993,-0.3479195640184947,0.4646086349615481,0.8855161299034405
-91.92394156090724,-598.6346518311587,0.0,-0.4703261325496109,70.65414895536966,232.13529953864264,696.3102735302103,1749.7243396140857,0,-90.55949878625684,-596.2706058901579,-98.0358152978607,-609.2241397658629,-0.347708181252989,0.45317703072785026,0.8914205398243239
-89.36508884953771,-600.0674674061096,0.0,-0.4574651667564349,70.57871385695984,232.33826555227415,699.2429664344035,1746.7916467098926,0,-88.03611731286182,-597.6940688477691,-95.33519218373708,-610.7294223505877,-0.3475098393584075,0.44167533947240073,0.8971749520031974
-86.7875066198795,-601.4670403320088,0.0,-0.4446097919900509,70.50440353411238,232.50329951879735,702.1760082898088,1743.858604854487,0,-85.49418229192236,-599.0851352928089,-92.61477203045304,-612.1990682898563,-0.3473256753607213,0.43010564162709264,0.9027785647879257
-84.19164399442988,-602.8331280732192,0.0,-0.4317597643275624,70.4312359754413,232.63000089743304,705.1093849255124,1740.9252282187838,0,-82.93407900542334,-600.4434821847761,-89.87500297451344,-613.6327412447275,-0.3471568262859018,0.4184697216284509,0.9082307482574056
-81.57795353709378,-604.1654930266493,0.0,-0.4189146915194123,70.35923006241991,232.7180645139653,708.0430812587921,1737.9915318855042,0,-80.35619925093376,-601.7687866957563,-87.11641348573684,-615.03024887214,-0.3470044291599201,0.4067692299342905,0.9135309483420166
-78.94689103072328,-605.4639027887769,0.0,-0.4060742684501195,70.28840538491147,232.76728131681585,710.9770815694288,1735.0575315748674,0,-77.76094151582484,-603.0607266928233,-84.33955347849893,-616.3914484601878,-0.3468696210087476,0.3950058955293876,0.9186785849779163
-76.29891514892192,-606.7281303668562,0.0,-0.3932382572885834,70.21878225870155,232.77753889540065,713.9113698374383,1732.1232433068578,0,-75.14871636429392,-604.3189924127553,-81.54496900605585,-617.7162027117307,-0.3467535388583556,0.38318151000784545,0.9236730646652567
-73.63448712173762,-607.9579543410056,0.0,-0.380406421186364,70.15038178137183,232.7488217579697,716.8459300633389,1729.1886830809572,0,-72.51996843479816,-605.5433365674692,-78.73320184241119,-619.0043794310488,-0.3466573197347153,0.3712978677515337,0.9285138089458684
-70.95407039739834,-609.1531590292567,0.0,-0.367578504944597,70.08322579552113,232.68121136750716,719.7807465930277,1726.2538665512684,0,-69.8751849180971,-606.7336046961848,-75.90478927927235,-620.2558511613421,-0.3465821006637981,0.3593567479233455,0.9332002613169142
-68.25813029821803,-610.3135346397555,0.0,-0.354754241626727,70.01733679158407,232.5748859354853,722.7158044418288,1723.318808702467,0,-67.2148535145543,-607.8896542253664,-73.0602638884809,-621.4704948433961,-0.3465290186715751,0.34735992026556795,0.9377318837456143
-65.54713366716398,-611.4388774055532,0.0,-0.3419333677385474,69.95273791367953,232.43011997459445,725.6510896194767,1720.383523524819,0,-64.5394569453227,-609.0113430745647,-70.20015328204592,-622.6481914772816,-0.3464992107840176,0.33530915918869286,0.9421081507789707
-62.82154851010872,-612.5289897127702,0.0,-0.3291156595733929,69.8894531774378,232.24728361287143,728.5865894560814,1717.4480236882148,0,-61.84947293186149,-610.0985293372054,-67.32497993657742,-623.7888257595118,-0.346493814027097,0.3232062783040406,0.9463285379110423
-60.08184362686463,-613.5836802048616,0.0,-0.3163009401818418,69.827507552613,232.0268416728936,731.5222929290805,1714.5123202152156,0,-59.145027334478485,-611.1501699094729,-64.43526096545642,-624.8922857443777,-0.3465139654267844,0.3110531379190889,0.9503925217459828
-57.32848821044509,-614.6027638050277,0.0,-0.3034889575705155,69.766926269985,231.7693525209424,734.4581909915572,1711.5764221527388,0,-56.42681601026398,-612.166629972829,-61.53150766975324,-625.9584625835344,-0.3465608020090512,0.29885152971915857,0.9542996191891302
-54.56195143172134,-615.5860616747191,0.0,-0.2906792486207771,69.70773393915356,231.4754666922912,737.3942768977546,1708.6403362465417,0,-53.69545541568037,-613.1481502636556,-58.61422519273924,-626.9872502085988,-0.3466354607998688,0.28660304491946603,0.9580494218164795
-51.78270207068216,-616.5334013263092,0.0,-0.2778714278163015,69.64995603059742,231.14592529987135,740.3305465424418,1705.7040666018545,0,-50.95140362396813,-614.0945868282728,-55.68391305779888,-627.9785447075915,-0.346739078825208,0.27430934817734753,0.9616415036293509
-48.991208258956206,-617.4446169725898,0.0,-0.2650658452699151,69.59362284148163,230.78155823472449,743.2669987649257,1702.7676143793706,0,-48.195113617342976,-615.0057944230839,-52.741066163381845,-628.9322436148491,-0.3468727931110406,0.26197281435792524,0.9650752533027609
-46.18793693842336,-618.3195495650208,0.0,-0.2522632197688667,69.53876773179906,230.3832821676594,746.2036358105648,1699.8309773337314,0,-45.42703353835627,-615.8816261209103,-49.78617313847551,-629.8482460970389,-0.3470377406833376,0.24959618550808466,0.9683500111942034
-43.37335352461128,-619.1580454380178,0.0,-0.2394620187128326,69.4854129756894,229.9520983625335,749.1404632011922,1696.894149943104,0,-42.64760825229456,-616.7219325459957,-46.81971175960886,-630.7264538687099,-0.3472350585680704,0.23718003039995045,0.9714657138465972
-40.54791969712947,-619.9599558790665,0.0,-0.2266584007159625,69.43356443189973,229.4890903124815,752.0774917453064,1693.9571213989898,0,-39.85727751273623,-617.5265622099195,-43.8421486375438,-631.566770564687,-0.3474658837912101,0.22472265383194903,0.974422767003484
-37.71209984408264,-620.7251379904094,0.0,-0.2138517219592867,69.38325307168027,228.9954212112247,755.014731589523,1691.0198815547733,0,-37.05647907629631,-618.2953603442811,-40.85395954207169,-632.3690956509041,-0.347731353378728,0.21222544735374577,0.9772207322276285
-34.866339090179565,-621.4534673668868,0.0,-0.2010594782871189,69.33458027755461,228.61809280996144,757.9522165595432,1688.082396584753,0,-34.24562237020901,-619.0281755442132,-37.85562227573027,-633.1333268459675,-0.3480325997772888,0.19970757835737682,0.9798555419788328
-32.01097572336643,-622.1448871399779,0.0,-0.1883130724328093,69.2876331457996,228.98893589747297,760.890100365816,1685.14451277848,0,-31.424977598820536,-619.7248846422634,-34.84760928900073,-633.8593620271719,-0.3483689232618596,0.1872020570267339,0.98232142898593
-29.14642006496859,-622.7993659606186,0.0,-0.1755874120425526,69.24241286982232,229.314384324757,763.8284709426368,1682.2061422016593,0,-28.59487534114559,-620.3853374089538,-31.83047659177032,-634.5470789023182,-0.3487349996997934,0.17468654774964573,0.9846240958027133
-26.27319823738361,-623.4168134278383,0.0,-0.1628837714918509,69.19896071964409,229.59360951878773,766.7672878891796,1679.2673252551167,0,-25.75583729703904,-621.0093329125621,-28.80459827659852,-635.196396684974,-0.3491247866271836,0.1621644781084639,0.9867637417537237
-23.39182812588352,-623.9971527065385,0.0,-0.1501975342374775,69.15731825282136,229.8258962148672,769.7065203396414,1676.3280928046547,0,-22.908346585947623,-621.5966788634556,-25.77049970067715,-635.80719802354,-0.3495322415801236,0.1496334456977278,0.9887415394978736
-20.502832253747624,-624.5403147852498,0.0,-0.1375293612954472,69.11752569446449,230.01064442729876,772.6461329319686,1673.3884802123275,0,-20.05289728375069,-622.1471796198962,-22.72870069310929,-636.3793679615867,-0.3499513220947066,0.13709622527777038,0.9905577343166762
-17.606733526097095,-625.0462399921105,0.0,-0.1248809996079043,69.07962411169741,230.147371113574,775.5860901009145,1670.4485230433816,0,-17.18998800005264,-622.660637987378,-19.67972492241327,-636.9127919327722,-0.3503759857070265,0.12455666059130437,0.9922124965461494
-14.704055482776878,-625.5148769899,0.0,-0.112253405618594,69.0436583400522,230.2357115225564,778.5263554730996,1667.5082576711966,0,-14.32012415333372,-623.1368550979581,-16.624094822597687,-637.4073567989993,-0.3508001899531767,0.11201780647936732,0.9937061995537468
-11.795321535291787,-625.9461834472731,0.0,-0.0996469406479066,69.00967622266934,230.27542021895405,781.4668925732607,1664.5677205710354,0,-11.443816519559102,-623.5756310140911,-13.562337160213849,-637.8629499275415,-0.3512178923692504,0.09948211490604023,0.9950393503846073
-8.881054501939014,-626.3401266647189,0.0,-0.0870622200541979,68.97772736411592,230.266371778154,784.4076651928725,1661.6269479514235,0,-8.561581275230255,-623.9767650140915,-10.494970647162186,-638.2793666575157,-0.3516230504913414,0.08695227559025075,0.9962124782242376
-5.961775970831513,-626.6966839143629,0.0,-0.0745001665550623,68.94786280634925,230.20856114740576,787.3486378575634,1658.6859752867326,0,-5.673940189649193,-624.340055862825,-7.422415393836096,-638.6555301123416,-0.3520096218555431,0.07443126961131168,0.9972261459187922
-3.0380056465886662,-627.0158426258249,0.0,-0.0619617783813452,68.92013533688029,230.10210367121425,790.2897762752557,1655.7448368690405,0,-2.7814206900020837,-624.6653021117389,-4.345364645153234,-638.9923837818691,-0.3523715639979488,0.06192213807492584,0.9980809830951745
-0.110260678370166,-627.2976006321402,0.0,-0.0494480999405921,68.89459968365648,229.94723478071697,793.2310477984327,1652.8035653458635,0,0.115444276987891,-624.9523024239601,-1.2643584482371126,-639.2898204194258,-0.3527028344546521,0.04942795135894598,0.998777691793553
2.820945036823338,-627.5419663801266,0.0,-0.0369602139947968,68.87131176623993,229.74430934878637,796.1724218928946,1649.8621912514016,0,3.0161163323283624,-625.2008558867776,1.8200604844400383,-639.5477345549604,-0.3529973907617465,0.036951799607124455,0.9993170490418919
5.755101584469858,-627.7489589717626,0.0,-0.0244990423068403,68.8503269802433,229.49380071445907,799.1138706140334,1646.9207425302627,0,5.920051290866156,-625.4107677484446,4.9073475107440006,-639.766022706059,-0.3532491904553254,0.024496591646969226,0.9996999134728789
8.691703775713853,-627.9186082048304,0.0,-0.0120653842621632,68.83169996492207,229.196299382196,802.0553690913234,1643.9792440529727,0,8.826696045486111,-625.5819127300227,7.996956120460971,-639.9445835062418,-0.3534521910714823,0.01206509153092983,0.999927214134284
11.630251898737148,-628.0509549041966,0.0,0.0003394218962204,68.81548774024591,228.85251140333656,804.9968960281636,1641.0377171161326,0,11.735486913738011,-625.7143786443569,11.08833682802417,-640.0833177927929,-0.3536003501463106,-0.000339421889703091,0.9999999423963888
14.57025251057838,-628.1460511584418,0.0,0.0127133595402182,68.8017502215762,228.46325644883345,807.9384342133991,1638.0961789308972,0,14.6458660503992,-625.8083791323324,14.180937659166036,-640.1821288192967,-0.3536876252159039,-0.012713017067305384,0.9999191863330988
17.511219278029436,-628.2039594682664,0.0,0.0250556450626549,68.79053962469601,228.0294655841324,810.8799710395493,1635.154642104747,0,17.557290869667867,-625.8641394952317,17.274208717073105,-640.240922477873,-0.3537079738163557,-0.025053023550461476,0.9996861237463387
20.452673732685334,-628.2247514044908,0.0,0.0373681271549996,68.78189156587447,227.552178758614,813.821498978126,1632.2131141661705,0,20.46923443371483,-625.8818937076582,20.367604268647444,-640.2596071893659,-0.3536553534837593,-0.03735943109707601,0.9993018927772042
23.394146134462176,-628.2085088366731,0.0,0.0496506119903666,68.7758475571556,227.0325420236065,816.7630162246204,1629.2715969196756,0,23.381188261148967,-625.8618831575152,23.46057250989028,-640.2380938299344,-0.3535237217542083,-0.04963021486164954,0.9987676615573746
26.335176065323186,-628.1553274404176,0.0,0.0618950411532366,68.7724869711216,226.47180449432875,819.7045269444934,1626.3300861998027,0,26.2926644323314,-625.8043552237797,26.552546146400537,-640.1762964170722,-0.3533070361637963,-0.06185552877883941,0.9980851133843697
29.27531479376471,-628.0653140022877,0.0,0.0740951495986154,68.7718768599134,225.87131507250092,822.6460432476142,1623.388569896682,0,29.20319257084634,-625.709561959161,29.642969214116413,-640.0741320456328,-0.3529992542486164,-0.07402737001903918,0.9972562100523938
32.21412029025068,-627.9385743150355,0.0,0.0862688611176931,68.77396238979166,225.23251894742668,825.5875803788606,1620.4470327654356,0,32.112273319446466,-625.5769743766964,32.731331104072346,-639.931518399522,-0.3525943335447623,-0.08616189423622476,0.9962811490646732
35.15117659176468,-627.7752135438685,0.0,0.0984333713086746,68.77864773540514,224.5569538945337,828.5291762824169,1617.5054368618794,0,35.01947371330133,-625.4073331380946,35.817130665513524,-639.7483732862659,-0.3520862315883276,-0.09827449269932696,0.9951593460771445
38.08602608322388,-627.5753678586711,0.0,0.1105660379674118,68.7861332787481,223.84624639111567,831.4708220522896,1614.5637910920066,0,37.92436040874219,-625.2012139104867,38.89969919848644,-639.5246282401692,-0.3514689059154055,-0.11034090011008776,0.9938938000424873
41.01857763813893,-627.3392245803997,0.0,0.1225050018252237,68.79677798197552,225.4967727242116,834.4128659455902,1611.621747198706,0,40.8268979967903,-624.9588458781261,41.97851717261641,-639.2602591110549,-0.3507366662525409,-0.12219881653394572,0.9925056419173158
43.94909038127262,-627.0671687845786,0.0,0.1342660871896612,68.81057114772035,228.38500630441288,837.3559798227122,1608.678633321584,0,43.72751291553275,-624.6803952002035,45.052746277390064,-638.9554568390404,-0.3498878379061609,-0.13386303964482613,0.9909998418854806
46.87748699286807,-626.7595735770637,0.0,0.1458960481346791,68.82745330992856,231.3602606202302,840.3004868317869,1605.7341263125093,0,46.62607398140717,-624.3660479534972,48.12229243034682,-638.6104865176769,-0.3489233000231644,-0.14537901650644386,0.9893760364793657
49.803520783090086,-626.4167572520726,0.0,0.1574053688419653,68.8474617468678,234.4202696668701,843.246534484864,1602.788078659432,0,49.52224655129064,-624.0160025430164,51.18705504316627,-638.2256114395642,-0.3478439726888167,-0.15675618254516396,0.9876373318348528
52.72697095646938,-626.0390587392064,0.0,0.1688082897970031,68.8705943419836,237.56268008864143,846.1942822832438,1599.8403308610525,0,52.41578703766872,-623.6304427389281,54.24658467840906,-637.8011251692875,-0.3466507759883833,-0.16800769778825242,0.9857856833429319
55.64759652379361,-625.6268249910017,0.0,0.1800949252988346,68.8968195361984,240.78504610551693,849.1438568911605,1596.8907562531358,0,55.30640879431949,-623.2095517563401,57.300481392868974,-637.3373116493326,-0.3453446300071297,-0.17912296427562743,0.9838266939197738
58.56514861013404,-625.1804077137758,0.0,0.1912601651709202,68.92610204247757,244.08482456002227,852.095364736638,1593.9392484076582,0,58.19380694829305,-622.7535109615227,60.34834422949929,-636.8344506127457,-0.3439264548303211,-0.19009623222828848,0.9817654620593498
61.47936738264342,-624.7001609315121,0.0,0.2023070309204404,68.95840937007311,247.4593700888226,855.0488894150385,1590.9857237292576,0,61.07765490034542,-622.2625015857359,63.3897716773534,-636.2928175912475,-0.3423971705432233,-0.2009298439907772,0.9796056338107912
64.38998389755238,-624.186443787982,0.0,0.2132390311679655,68.99369965878469,250.9059304234483,858.0044932112902,1588.030119933006,0,63.95761059320423,-621.7367048682459,66.42433962760613,-635.7126882586356,-0.3407576972311015,-0.21162667341382685,0.9773505773773286
67.2967206656911,-623.6396214907617,0.0,0.2240565783358723,69.031916550821,254.42164182487784,860.9622175500322,1585.072395594264,0,66.83331531605052,-621.1763031966836,69.45160946521476,-635.0943381997669,-0.3390089549792212,-0.22218662110221216,0.9750041566081562
70.19929210256021,-623.0600643320514,0.0,0.2347597992959287,69.07299234006987,258.00352465692106,863.9220836696971,1582.112529474599,0,69.7043928070032,-620.5814812659615,72.47113575402335,-634.4380421426335,-0.3371518638728479,-0.23260938016805707,0.9725702423258858
73.09740484835167,-622.4481468565004,0.0,0.245350430685124,69.11684999503697,261.6484791037836,866.88409320449,1579.150519939806,0,72.57044997542812,-619.952426935605,75.48246579258823,-633.7440744907908,-0.3351873439972469,-0.2428962757759084,0.9700522662280594
75.99075821885184,-621.804247767921,0.0,0.2558309913342655,69.16340147333841,265.35328103758684,869.8482287889157,1576.1863843553806,0,75.43107820951643,-619.2893318903651,78.48513687931134,-633.012710448721,-0.3331163154376837,-0.2530494412614357,0.9674533478557378
78.87904460971102,-621.1287497653667,0.0,0.2662039017122597,69.21254564981398,269.1145780421052,872.8144546446248,1573.2201584996717,0,78.28585400396672,-618.5923923708544,81.4786768228908,-632.2442265161113,-0.3309396982794238,-0.26307095458024066,0.9647764885486384
81.76194976076047,-620.422038970761,0.0,0.2764717135158292,69.26416804253569,272.92888559965616,875.7827171426461,1570.25189600165,0,81.1343392782593,-617.8618099397828,84.46260573936898,-631.4389005941741,-0.3286584126077325,-0.2729630565389009,0.9620245161974516
84.63915295203165,-619.6845043113166,0.0,0.2866373846015018,69.31814193370533,276.7925834486635,878.7529453456202,1567.281667798676,0,83.97608199430665,-617.0977921464367,87.43643641595364,-630.5970123625974,-0.3262733785078756,-0.2827284089104124,0.9592000035420072
87.51032718965737,-618.9165370536225,0.0,0.2967041097050391,69.3743290155865,280.70191212017244,881.7250515368079,1564.3095616074884,0,86.81061694725565,-616.3005531016257,90.39967393150248,-629.7188438520436,-0.3237855160651179,-0.292369922998327,0.9563053006890385
90.37513930654632,-618.1185302067436,0.0,0.3066754285507593,69.43257785810957,284.6529696624621,884.6989317281975,1561.3356814160986,0,89.63746628885738,-615.4703140822297,93.35176324986372,-628.8044890723711,-0.3211957453647255,-0.30189085540848054,0.9533424942908691
93.2332499268027,-617.2908776697142,0.0,0.3165556393610637,69.49272211206677,288.6417085636924,887.6744661406474,1558.3601470036488,0,92.4561398976924,-614.6073041555439,96.29201744529344,-627.8536386574004,-0.3185049864919634,-0.3112951920224305,0.9503132659411412
96.0843134521632,-616.43397363741,0.0,0.3263493196306208,69.55458347839387,292.66393288360547,890.6515196749696,1555.3830934693265,0,95.26613620925092,-613.7117606396783,99.22013661328192,-626.8673835638464,-0.3157141595320972,-0.32058717852023955,0.9472190142561708
98.92797821054816,-615.5482126356956,0.0,0.3360600511295685,69.61797827762192,296.71529560621417,893.6299423800668,1552.4046707642292,0,98.06694341774656,-612.7839293907864,102.13562185828496,-625.8460956773647,-0.3128241845703924,-0.32977010818158903,0.9440612669471738
101.7638865483872,-614.6339893192467,0.0,0.3456908729492152,69.682716689878,300.7912962266449,896.6095699361489,1549.4250432081471,0,100.85803989916376,-611.8240652896183,105.03806979286996,-624.7904613710733,-0.3098359816921143,-0.3388467600578941,0.9408415770990715
104.5916743347616,-613.6916970815723,0.0,0.3552471077346668,69.74859264082457,304.8872785863784,899.5902239626923,1546.4443891816038,0,103.6388934304431,-610.8324331540966,107.92713003239749,-623.7012891238952,-0.3067504709825285,-0.3478220543208749,0.9375605679250841
107.4109708733786,-612.7217268149012,0.0,0.3647360830863754,69.81538627226001,308.9984289724731,902.5717127335724,1543.4629004107237,0,106.40896219608015,-609.8093080608019,110.80247137714888,-622.5793956110928,-0.3035685725269003,-0.35670275098864274,0.9342179335878402
110.22139845631492,-611.7244691012924,0.0,0.37416153960684,69.8828939875275,313.119774497615,905.5538304620134,1540.4807826822828,0,109.16769727538976,-608.7549750350814,113.66377011849912,-621.4256086744432,-0.3002912064104952,-0.3654922066432697,0.9308143998042969
113.02257849189574,-610.7003164077216,0.0,0.3835176595858334,69.95094525322615,317.36500370957395,908.536362663262,1537.498250481034,0,111.91455018098809,-607.6697265329332,116.51070795197109,-620.2407674229097,-0.296919297018934,-0.3741848938639045,0.9273541207133651
115.81424554792218,-609.6496325187727,0.0,0.392793873343262,70.01937157959642,322.2392490409452,911.5192038568556,1534.5154092874404,0,114.64908979759824,-606.5538137310942,119.34305696557917,-619.025684331519,-0.2934548422865592,-0.3827710067059077,0.9238432531687104
118.59634369875616,-608.5727144879387,0.0,0.4019982507950454,70.08800837030816,327.3084399577635,914.5024608967384,1531.532152247558,0,117.3710879052589,-605.4074021988062,122.16079788736572,-617.7810860844132,-0.2899023202215669,-0.39125807447266375,0.9202810001080884
121.36881625387036,-607.4698372706345,0.0,0.4111306500339801,70.1567237644836,332.5775090187638,917.486240752108,1528.548372392188,0,120.08028882845517,-604.2306671550275,124.96401716047517,-616.5076482683511,-0.286266557958293,-0.3996460156679953,0.9166695490528178
124.13159830194864,-606.34127184421,0.0,0.4201939748233523,70.22541262292349,338.0517533842879,920.4706376035512,1525.5639755407449,0,122.77644627277316,-603.0237949740522,127.7527634891924,-615.2060571177939,-0.2825523826310737,-0.4079375616531168,0.9130098278729039
126.88461515821515,-605.187286782593,0.0,0.4291878905204209,70.29399399694309,343.7368619541923,923.455731125256,1522.5788820190403,0,125.45930898217094,-601.7869897956527,130.52708838699192,-613.876992161682,-0.2787646213742449,-0.41613248534074315,0.9093039946267344
129.6277836637299,-604.0081496623815,0.0,0.4381106293239653,70.36240922817426,349.6389453013658,926.4415874174956,1519.5930257268003,0,128.12861832696044,-600.520461024738,133.28704404369748,-612.5211272082026,-0.2749081013221425,-0.4242292945790205,0.9055548054209567
132.36101241937234,-602.8041275543428,0.0,0.4469614175697241,70.43061861991431,355.76456870969207,929.4282592553976,1516.6063538888984,0,130.78410717845628,-599.2244235600233,136.03268666850127,-611.139128691007,-0.2709876496091029,-0.4322274475638078,0.9017646220452851
135.08420238780448,-601.5754878042201,0.0,0.4557408193019772,70.49859612377195,362.1207886659097,932.4157865338924,1513.6188266104036,0,133.4255010329619,-597.8990978048889,138.76407519311854,-609.7316562071522,-0.2670080933694617,-0.4401276422615117,0.8979352195550204
137.7972475244258,-600.3224988528895,0.0,0.4644496312435028,70.5663244637639,368.71519320125714,935.4041966840394,1510.6304164602566,0,136.05251874296667,-596.5447098067576,141.48127105194723,-608.2993625785642,-0.2629742597375551,-0.4479308020919511,0.8940682281220272
140.50003532099433,-599.045430749325,0.0,0.4730883840517057,70.63379187224803,375.5559465329606,938.3935051014532,1507.641108042843,0,138.66487281585228,-595.1614915844724,144.18433893486943,-606.8428934051074,-0.2588909758477193,-0.45563762644487343,0.8901653517002793
143.19244721892633,-597.7445553478094,0.0,0.4816576471541712,70.70098997537626,382.6518385175876,941.3837155686938,1504.6508975756024,0,141.26226962269095,-593.749681496577,146.87334750257855,-605.3628865940307,-0.25476306883429,-0.46324886504073526,0.8862282375542266
145.87435898802235,-596.420146405455,0.0,0.4901583105370665,70.76791226476243,390.01233950063926,944.3748206794857,1501.6597924648106,0,143.84440986016014,-592.3095244649223,149.54836943246622,-603.8599722293571,-0.2505953658316034,-0.47076556486182636,0.8822583425167061
148.54564111986713,-595.072479686284,0.0,0.4985914844242858,70.83455312167033,397.6476612304496,947.366802265972,1498.6678108783242,0,146.41098915401344,-590.8412720939497,152.20948117846922,-602.3347726132046,-0.2463926939739953,-0.478188974735571,0.8782569694806546
151.20615922608818,-593.7018330532724,0.0,0.506958269909535,70.90090744342488,405.5688246021308,950.359631827794,1495.674981316502,0,148.96169863585774,-589.3451827721663,154.8567628338573,-600.7879023312195,-0.242159880395802,-0.48552033941027284,0.874225371411133
153.85577442711192,-592.3084865247885,0.0,0.5152596628122584,70.96697060236106,413.7877351112364,953.353270961346,1492.6813421829502,0,151.4962254767322,-587.8215217685851,157.4903051896512,-599.2199818062178,-0.2379017522313595,-0.4927608150848033,0.8701647999758209
156.49434372639757,-590.8927222912125,0.0,0.5234966236498135,71.03273826811566,422.3172670301768,956.3476717882572,1489.686941356039,0,154.0142534005161,-586.2705613140296,160.1102280714528,-597.6316702010155,-0.2336231366150036,-0.4999115312089643,0.866076475240096
159.12172036005546,-589.4548246792402,0.0,0.5316702226958652,71.098205927833,431.1713574771026,959.3427773819895,1486.6918357623067,0,156.5154631586539,-584.6925806813018,162.7166771241751,-596.0236549787097,-0.2293288606810705,-0.5069737153573319,0.8619615141853973
161.73775412877683,-587.9950800813042,0.0,0.5397816974149364,71.16336858581226,440.36511173125376,962.338522192599,1483.696090951697,0,158.99953301454005,-583.0878662363634,165.3098113821596,-594.3966262229155,-0.2250237515638962,-0.51394873938139,0.8578208981414944
164.3422917629007,-586.5137769397707,0.0,0.5478322620803096,71.22822128646315,449.9149213664683,965.3348324710388,1480.6997806732572,0,161.46613937921185,-581.4567113636878,167.88980120413223,-592.7512725529452,-0.2207126363978166,-0.5208379525680021,0.8536555670554556
166.93517736963503,-585.0112058575093,0.0,0.5558227675253424,71.2927601423649,459.83859703249175,968.3316266960164,1477.7029864482795,0,163.91495760420773,-579.7994162447575,170.45682778081496,-591.0882805269856,-0.2164003423171679,-0.5276423922502597,0.8494666008151369
169.51625289574497,-583.4876597252224,0.0,0.563753695237208,71.35698235786673,470.1555180201282,971.3288159941238,1474.7057971501722,0,166.34566260138286,-578.1162877406955,173.0110829210653,-589.4083339044342,-0.2120916964562859,-0.5343627856642786,0.8452552355928428
172.08535847455303,-581.9434336157589,0.0,0.5716257476117624,71.42088432494042,480.8868011114925,974.3263045682824,1471.7083085760137,0,168.757934606419,-576.4076489464712,175.55276936941573,-587.7121125802054,-0.2077915259495068,-0.5410000534922313,0.8410225574390991
174.64233251434854,-580.3788243754267,0.0,0.5794406642710602,71.48445968955623,492.0554916541867,977.3239900613122,1468.710623082984,0,171.15172939037396,-574.674280811989,178.08210123440526,-586.0002914442383,-0.2035046579311667,-0.5475559876438365,0.8367690484209982
177.18701213863042,-578.794130434721,0.0,0.5872002060417558,71.5477009379497,503.6867803229695,980.32176411483,1465.712849029466,0,173.52761689578273,-572.9179241386828,180.599303123822,-584.2735401296118,-0.1992359195356011,-0.5540323826464194,0.8324951164896593
179.71923319728043,-577.189652194166,0.0,0.5949059195772989,71.61060565617717,515.8082496654098,983.3195122553992,1462.715100888897,0,175.88662874362478,-571.1409558256407,183.10460902589207,-582.5325230090983,-0.1949901378971467,-0.5604308394574623,0.8282012280750398
182.23884525813136,-575.565690249135,0.0,0.6025478792630787,71.67318087375824,529.3957395141784,986.3171275302624,1459.7174856140336,0,178.2298187695636,-569.3455989940576,185.59826233813948,-580.7778984650456,-0.1907721973072891,-0.5667434938775626,0.8238942967076864
184.74579592593173,-573.9225025790856,0.0,0.610122635589522,71.73544694177666,544.1685664354724,989.3146043641658,1456.7200087801302,0,180.5583408538257,-567.5338572157199,188.08058584940505,-579.0102682543079,-0.1865875656264179,-0.5729679738102817,0.8195777577434251
187.2400794626641,-572.2603126685177,0.0,0.6176275845202597,71.7974227812275,559.8321719577997,992.311990835812,1453.722622308484,0,182.8734077742448,-565.7076815681289,190.55198989026056,-577.2301681598578,-0.1824420520543167,-0.579102669363981,0.8152546217811413
189.7216861742785,-570.5793391413919,0.0,0.6250657967491646,71.8591027799562,576.4614203731182,995.3093303010758,1450.7252828432204,0,185.176270906244,-563.8689818072611,193.0128943612625,-575.4381213853363,-0.1783414700901108,-0.5851506304108743,0.8109246202513254
192.19060267294165,-568.8797950213212,0.0,0.632453664689562,71.92044908942592,594.1404542752068,998.306662263578,1447.727950880718,0,187.46822109234256,-562.0196225435161,195.46372633290568,-573.6346401064338,-0.1742916332329261,-0.5911256110548165,0.8065795137214122
194.6468093820057,-567.1618841523065,0.0,0.6398088205264598,71.981420039679,612.9641557323268,1001.3040226275534,1444.7305905167427,0,189.75057781804253,-560.1614296855188,197.9049258760465,-571.8202210520345,-0.1702983549818878,-0.5970420862049804,0.8022099147355415
197.0902866750729,-565.4258094741198,0.0,0.6471239626843561,72.04203897710794,633.0398928876314,1004.301444281238,1441.7331688630584,0,192.0247200250514,-558.2961639344622,200.33692388492025,-569.9953619252707,-0.1663674488361217,-0.6028943392560452,0.7978210423979909
199.52103238556387,-563.6717969087425,0.0,0.6543377590108156,72.10246917643926,654.489619177435,1007.2989573818884,1438.7356557624078,0,194.29213177625743,-556.4254818152579,202.76011504191575,-568.1605824672198,-0.1625047282947533,-0.6086339209460395,0.7934511643912624
201.93909083131675,-561.9001338728038,0.0,0.6613237945464314,72.16304177331031,677.4524110656395,1010.2965892071778,1435.7380239371182,0,196.55445051067932,-554.5508949145275,205.1748333248344,-566.3164445966918,-0.1587160068569077,-0.6141621018530505,0.7891798987857225
204.3445895018073,-560.1112163496848,0.0,0.6679058211730888,72.22421261565319,702.0875549734596,1013.2943633411402,1432.740249803156,0,198.81350072539013,-552.6737428350654,207.5813377290829,-564.4635654416927,-0.155007098021711,-0.6193431638066886,0.7851204018785407
206.7377773013441,-558.3055958468647,0.0,0.673894161460932,72.28645945345598,728.5783272067773,1016.292298170995,1429.7423149733013,0,201.07128108564083,-550.7951640654564,209.97981109376045,-562.602620446208,-0.1513838152882883,-0.6240335989825537,0.7813975091724322
209.1190570144504,-556.4840165781045,0.0,0.6791306813074569,72.35014936487168,757.1366553928582,1019.290404924336,1426.7442082199602,0,203.32946446951703,-548.9155074767767,212.37037285990405,-560.7343352968444,-0.1478519721557653,-0.6281168280102437,0.7781190463999387
211.48900537365589,-554.6474348030146,0.0,0.6835256986356456,72.415429303395,788.008910916847,1022.2886857387184,1423.7459274055775,0,205.58918553518797,-547.0342326383027,214.7531033047414,-558.8594680710041,-0.1444173821232677,-0.631530597294601,0.7753509558133816
213.8483741046302,-552.797012687218,0.0,0.6870754617102558,72.48219040692696,821.4831659539911,1025.2871324725004,1420.7474806717958,0,207.85138098451569,-545.1505854603281,217.12808011812297,-556.9787805924788,-0.1410858586899206,-0.6342789248103391,0.7731042915037014
216.19806625613765,-550.9340806040524,0.0,0.6898576054047815,72.55011910507604,857.8983660974321,1028.2857270021664,1417.7488861421298,0,210.1168442077837,-543.2639138557773,219.49542695933735,-555.0929990289432,-0.1378632153548499,-0.6364273545049355,0.7713366466322271
218.53908744518057,-549.0600689517562,0.0,0.6920077162967678,72.6188047257419,897.656035609127,1031.284443374298,1414.750169769998,0,212.38612461344303,-541.3737686308154,221.85536383541364,-553.2027717405814,-0.1347552656171808,-0.6380843414585156,0.7699664753646437
220.87248045326456,-547.17642175947,0.0,0.6936845827672488,72.68785033695592,941.2353704241024,1034.2832514167012,1411.751361727595,0,214.65945998201948,-539.4799600303016,224.2082409461177,-551.3086394287564,-0.1317678229760392,-0.6393745747109056,0.7688954111016976
223.19925873862385,-545.2845127308203,0.0,0.6950352487958256,72.75694289927785,989.2129207465928,1037.2821206972644,1408.7524924470315,0,216.9367790230752,-537.582555821697,226.55454055727108,-549.4110308448869,-0.1289067009305504,-0.6404125121014266,0.7680311284993208
225.52035432779024,-543.3855830690147,0.0,0.6961713796159713,72.82587026977994,1042.2885783688123,1040.281023595748,1405.7535895485482,0,219.21777119083907,-535.6818233069907,228.89484667538085,-547.5102852426702,-0.1261777129798398,-0.6412846824295987,0.7673030405786027
227.83658835414172,-541.480710311701,0.0,0.6971626486173548,72.89450242985635,1101.320357668595,1043.2799367799505,1402.7546763643456,0,221.5019905830925,-533.7781428597698,231.22979749429163,-545.6066900858177,-0.1235866726230332,-0.6420449709561258,0.7666669780745402
230.14866372617527,-539.5708058958335,0.0,0.6980436812703272,72.96276278333606,1167.3716493147808,1046.2788411471677,1399.7557719971285,0,223.78895502247053,-531.8719253942857,233.56003919098,-543.7005189492229,-0.1211393933592559,-0.6427201803267938,0.7661010180130905
232.4571734505217,-537.6566321507702,0.0,0.6988267068836786,73.030605069354,1241.776496625955,1049.2777206501974,1396.7568924940988,0,226.0782152816645,-529.9635546535031,235.88619337324923,-541.7920591761431,-0.1188416886876336,-0.643319859949796,0.7655975168416985
234.762617161923,-535.7388279608227,0.0,0.6995129742378721,73.09799920879024,1326.2314584546184,1052.2765610289805,1393.7580521153156,0,228.3693897376974,-528.0533582773181,238.20884131725083,-539.8816261925846,-0.1166993721072918,-0.6438451130009335,0.7651558471741657
237.06541786577088,-533.8179354181626,0.0,0.7001019107777646,73.16492395454922,1422.9276118148546,1055.2753473238154,1390.7592658204808,0,230.66216849010792,-526.1416043159708,240.52852163234328,-537.969566815574,-0.1147182571173559,-0.6442956295543694,0.7647765305872944
239.36594178340155,-531.8944211567917,0.0,0.7005908992372639,73.23136308919632,1534.7447638315914,1058.2740666186623,1387.7605465256338,0,232.9563126150052,-524.2285018022194,242.84572406005492,-536.0562423173393,-0.1129041572169515,-0.644669519408349,0.7644613860397451
241.66449395114756,-529.9686985303563,0.0,0.7009931201304729,73.2973047050467,1651.092594655914,1061.2726912536934,1384.7619218906027,0,235.251604772482,-522.3142419015629,245.16083576379432,-534.1419496218263,-0.1112628609156249,-0.6449769495937273,0.7642020246589056
243.96127797812375,-528.0411283635812,0.0,0.7013381464674162,73.3627373666004,1728.5596251674929,1064.2711481258889,1381.7634650184075,0,237.547725776004,-520.3991008473265,247.47421667541911,-532.2269482246518,-0.1097959334730964,-0.6452405810236977,0.7639794451424731
246.25650211874503,-526.1119902274602,0.0,0.7015956928155771,73.42764646588054,1813.7171474304516,1067.269418928189,1378.7651942161071,0,239.844515341512,-518.4832224555255,249.7862058055492,-530.3115138175557,-0.1084959973792275,-0.645437319738246,0.7638132404515577
248.55043508173503,-524.1815453776967,0.0,0.7017782763765873,73.49202959760052,1907.762342094732,1070.267542634221,1375.7670705100752,0,242.14207127460705,-516.5665353048608,252.0970684839276,-528.3959829307444,-0.1073545361469067,-0.6455767687204661,0.7636953814764378
250.8433112908269,-522.2500249648954,0.0,0.7018916873343095,73.55588472155176,2012.1551505025984,1073.2655507088075,1372.7690624354884,0,244.44030612952255,-514.6491225339682,254.40716295522452,-526.4806148358967,-0.1063630332890232,-0.6456633759931829,0.7636221610856286
253.1353468947903,-520.3176363287362,0.0,0.7019430171800688,73.61921168568261,2128.694511543641,1076.2634754995577,1369.7711376447385,0,246.7391712619997,-512.7310349560962,256.7168274441668,-524.565684977164,-0.1055129723184657,-0.6457025717503309,0.7635890182781631
255.42673786475555,-518.3845649868854,0.0,0.7019382220474321,73.68201146076407,2259.6227767567257,1079.261347643249,1366.7732655010468,0,249.03861724550416,-510.8123240741487,259.0263988668006,-522.6514694391158,-0.1047958367481231,-0.6456989102322849,0.7635921144988598
257.71766269871847,-516.4509772346707,0.0,0.7018827246449263,73.74428602129743,2407.7712522669303,1082.2591965704607,1363.7754165738354,0,251.33860317948097,-508.8930343105853,261.3362081776441,-520.7382487541558,-0.1042031100908845,-0.6456565318590141,0.7636279479352428
260.008283686404,-514.517022257618,0.0,0.7017813172192996,73.8060381001936,2576.767094141503,1085.2570501963892,1360.777562947907,0,253.63909326160527,-506.9732058633794,263.64658179536485,-518.8263066549947,-0.1037262758596384,-0.6455790909950165,0.7636934183754945
262.2987484103045,-512.5828340789998,0.0,0.7016382912888004,73.86727102662431,2771.3340115816645,1088.2549348775833,1357.7796782667128,0,255.94005690056943,-505.0528746085525,265.9578221818572,-516.9159075040882,-0.1033568175672741,-0.6454698564304923,0.7637857451141646
264.5891910306429,-510.6485332790285,0.0,0.7014575061988043,73.92798858614148,2997.740456296516,1091.252875334269,1354.7817378100272,0,258.241467910504,-503.1320727695309,268.27004152617815,-515.0070988414235,-0.1030862187266802,-0.6453317648085503,0.7639024239581138
266.8797334778317,-508.7142285137581,0.0,0.7012424580797023,73.98819491206544,3264.487204962001,1094.2508946182832,1351.783718526013,0,260.5433039762498,-501.21082936095513,270.58324268619367,-513.0998068350326,-0.1029059628507456,-0.6451674741084593,0.7640411836756644
269.17048652366225,-506.78001784277006,0.0,0.700996330375699,74.04789439838413,3583.3980920528184,1097.2490141016838,1348.7855990426124,0,262.845546090317,-499.2891706565217,272.8974231789714,-511.1939586935905,-0.1028075334523593,-0.6449794028663053,0.7641999541207944
271.4615507487357,-504.8459898840696,0.0,0.7007220341208285,74.10709163052066,3971.419536856642,1100.2472534897993,1345.7873596544969,0,265.1481780623523,-497.3671205966536,275.2125773089597,-509.2894844678831,-0.1027824140444101,-0.6447697614199258,0.7643768408046465
273.7530174141943,-502.91222481475415,0.0,0.7004222400062159,74.16579132997214,4453.7314972212,1103.2456308546773,1342.7889822896188,0,267.4511860859755,-495.4447011485686,277.52869649119907,-507.38631677230967,-0.1028220881397869,-0.644540576770311,0.7645701046317432
276.0449692495065,-500.9787952360759,0.0,0.7000994051155982,74.22399831002969,5069.439006288912,1106.2441626872746,1339.7904504570215,0,269.75455837006416,-493.5219326127875,279.84576953918963,-505.4843905241906,-0.1029180392513786,-0.6442937132807284,0.7647781449720766
278.3374811664485,-499.04576692010056,0.0,0.6997557960287805,74.28171744034623,5882.742362172058,1109.242863966109,1336.791749178187,0,272.0582848289775,-491.59883388062894,282.1637829287721,-503.5836427057003,-0.1030617508920741,-0.6440308905309089,0.7649994849945746
280.6306209094194,-497.1131994528189,0.0,0.6993935088327791,74.33895361858808,7006.914373314253,1112.2417482413668,1333.7928649029293,0,274.3623568275692,-489.6754226461204,284.48272104191466,-501.6840121448866,-0.1032447065747623,-0.6437536987534357,0.7652327589310789
282.9244496477078,-495.1811467879118,0.0,0.6990144886769746,74.39571174791564,8662.262639031285,1115.2408277302388,1330.7937854140573,0,276.666766970015,-487.75171558145377,286.80256639377416,-499.7854393127185,-0.1034583898123319,-0.6434636138812335,0.7654766995871938
285.2190225258959,-493.2496577177248,0.0,0.698620542437593,74.45199671880917,11341.657073803772,1118.24011343213,1327.794499712166,0,278.97150894204185,-485.8277284679594,289.1232998492609,-497.8878661308071,-0.103694284117672,-0.6431620072911673,0.7657301302529478
287.5143891426587,-491.31877628692007,0.0,0.698213371699752,74.50781339596062,16420.796388892377,1121.2396152249576,1324.7949979193386,0,281.2765773396233,-483.9034763384561,291.4449008234284,-495.9912357942214,-0.1039438730036714,-0.6428501710833864,0.7659919435203355
289.8105940941645,-489.3885420937342,0.0,0.6977945275415972,74.56316660375964,29737.79972072384,1124.2393420825003,1321.7952710617958,0,283.5819677040818,-481.9789734473608,293.76734750364017,-494.0954925781881,-0.104198639983219,-0.6425292834542901,0.7662611303620435
292.1076770913068,-487.45899071866165,0.0,0.6973656563370202,74.6180611314302,157295.06819053803,1127.239301883032,1318.7953112612645,0,285.8876759163626,-480.05423377580377,296.09061696502977,-492.2005817334254,-0.1044500685692036,-0.6422005970399968,0.7665366221919679
294.4056745042155,-485.5301534073079,0.0,0.6969276558063596,74.67250167619007,47822.85636960397,1130.2395027902055,1315.7951103540906,0,288.1937000953551,-478.1292694464949,298.41468566898567,-490.306449070366,-0.1046896422745142,-0.641864792002127,0.7668178328573653
296.70461541685063,-483.6020593132585,0.0,0.6964838820732038,74.72649302546317,20757.08157705406,1133.2399487829366,1312.7946643613595,0,290.50003326767524,-476.20409684214894,300.7395285078068,-488.4130417297053,-0.1049088446120397,-0.6415244351980979,0.767102600076262
299.0045380992786,-481.6747279498169,0.0,0.6960281936257499,74.7800393487686,13255.635298010842,1136.2406571209217,1309.793956023375,0,292.8066906389899,-474.27871384112086,303.0651232170557,-486.5203045815532,-0.1050991590946688,-0.6411748088104267,0.7673948556948456
301.3053822443524,-479.7482141466329,0.0,0.695607860123428,74.83314679392323,12502.380242064866,1139.241546857946,1306.79306628635,0,295.11352640371047,-472.3532527222525,305.3914286778399,-484.6281978755069,-0.1052528073441304,-0.6408521904111041,0.7676642951481396
303.60700101901915,-477.8225549571417,0.0,0.6951971333731386,74.88580854459998,13104.41269319359,1142.242482095163,1303.792131049133,0,297.4202718010178,-470.4279483727368,307.7184171850315,-482.7366709594976,-0.1053687835474822,-0.6405368361039614,0.7679274455271975
305.9093718892102,-475.8977703537811,0.0,0.6947801863844391,74.93802521519963,13767.221962694584,1145.24343317661,1300.791179967686,0,299.72707474195306,-468.50268789216005,310.0459199719561,-480.8457878058277,-0.1054497223946996,-0.6402165954002906,0.7681944486743317
308.2125128183748,-473.9738796184071,0.0,0.694362137599945,74.98980206402832,14500.509873991938,1148.2444019703917,1297.7902111739045,0,302.03400526962014,-466.5774233877872,312.37385917066405,-478.9555383624125,-0.1054982935530677,-0.639895396710464,0.7684620233093877
310.5164286882023,-472.05089868320965,0.0,0.6939426238020573,75.04114311861785,15316.159336735376,1151.245382478888,1294.789230665408,0,304.3410375790904,-464.6521869652412,314.702211345831,-477.0658683670197,-0.1055171666898713,-0.63957295998981,0.7687304006281219
312.82112517578435,-470.1288411268068,0.0,0.6935226935359635,75.09205268041684,16228.883758430782,1154.2463708410778,1291.7882423032183,0,306.64817136922227,-462.7269894452083,317.03093886288883,-475.1767351327503,-0.1055090114723954,-0.6392500904460036,0.7689989088839959
315.12660524882966,-468.207718153925,0.0,0.6931029783434834,75.14253492119852,17257.12318083652,1157.2473626511537,1288.7872504931424,0,308.9554003584466,-460.801846639039,319.3600076949766,-473.2880930797076,-0.105476497567925,-0.6389272736250041,0.7692671441171259
317.4328702944286,-466.2875388117288,0.0,0.6926841868367086,75.19259399002017,18424.30389194229,1160.2483536819216,1285.7862594623746,0,311.2627206025685,-458.876772406871,321.6893826731096,-471.3998975895726,-0.105422294643745,-0.6386050550584713,0.7695346539654773
319.73991997910235,-464.3683101135052,0.0,0.6922669707735305,75.24223398358713,19760.645981874583,1163.2493396938248,1282.785273450471,0,313.5701281594551,-456.9517806060033,324.01902881775106,-469.51210392298015,-0.1053490723671404,-0.6382839372682306,0.7698010232685881
322.04775242896136,-462.4500371641286,0.0,0.6918519586512719,75.29145895342074,21305.8186683651,1166.2503164889588,1279.7842966553374,0,315.87761963142134,-455.0268846379307,326.34891101545105,-467.6246674799637,-0.1052595004053962,-0.6379644055535821,0.7700658525390309
324.35636430867186,-460.5327232677308,0.0,0.6914397457052092,75.34027290357083,23112.94661368688,1169.251279899009,1276.7833332452872,0,318.1851919551491,-453.1020976232548,328.6789941303407,-465.7375437077456,-0.1051562484257973,-0.6376469202475346,0.7703287642940735
326.6657509156879,-458.6163700269003,0.0,0.6910308972991618,75.38867979121903,25254.843460827746,1172.2522257906082,1273.782387353688,0,320.49284240717606,-451.1774323967405,331.0092429896957,-463.85068811068254,-0.1050419860956287,-0.6373319192753163,0.7705894008308457
328.975906260695,-456.70097743343325,0.0,0.6906259501105626,75.43668352678493,27834.06463197698,1175.2531500657565,1270.7814630785397,0,322.8005685603799,-449.2529015432661,333.3396223981991,-461.964056236981,-0.1049193830821752,-0.6370198190168613,0.7708474234112255
331.28682314329143,-454.7865439520386,0.0,0.690225414747578,75.48428797434282,30999.81993112882,1178.254048663336,1267.7805644809605,0,325.1083682587893,-447.3285174184895,335.67009714162936,-460.0776036740121,-0.104791109052722,-0.6367110162744842,0.7711025105358649
333.59849322114684,-452.87306659735214,0.0,0.6898297783556083,75.5314969520529,34977.90788441198,1181.2549175601305,1264.7796955841657,0,327.4162395904461,-445.40429217114746,338.0006319920854,-458.1912860423966,-0.104659833674554,-0.6364058902357362,0.7713543562288736
335.91090707350946,-450.960541004554,0.0,0.6894395072507529,75.5783142326277,40127.090784061846,1184.2557527718184,1261.7788603724778,0,329.7241808626775,-443.4802377633452,340.3311917122576,-456.3050589908844,-0.1045282266149561,-0.6361048044605592,0.771602668309405
338.22405425904503,-449.0489614938301,0.0,0.6890550494433721,75.62474354379637,47053.861370395854,1187.2565503537571,1258.7780627905388,0,332.0321905780985,-441.5563659902418,342.66174105965945,-454.4188781912749,-0.1043989575412132,-0.6358081087872126,0.7718471667373199
340.5379233685629,-447.138321128768,0.0,0.6886768367868633,75.67078856874251,56870.88379585454,1190.25730640192,1255.777306742376,0,334.3402674121895,-439.6326884984192,344.99224479064384,-452.5326993335234,-0.1042746961206104,-0.635516140952296,0.7720875822010748
342.8525020717599,-445.2286117695,0.0,0.6883052875469025,75.71645294655139,71864.27541903098,1193.2580170527774,1252.7765960915187,0,336.6484101906203,-437.7092168044636,347.32266766387727,-450.6464781212911,-0.1041581120204326,-0.6352292285384146,0.7723236544418995
345.1677771624928,-443.319824118917,0.0,0.6879408062672949,75.76174027248628,97594.47167052494,1196.2586784866594,1249.7759346576368,0,338.9566178735158,-435.7859623077561,349.6529744440333,-448.76017026732274,-0.1040518749079647,-0.6349476888367829,0.7725551322985486
347.4837345872379,-441.41194776981087,0.0,0.6875837925793571,75.8066540987426,152028.1526523359,1199.2592869177463,1246.77532622655,0,341.2648895205121,-433.8629363192675,351.98312990218943,-446.8737314914904,-0.1039586544504918,-0.6346718356208985,0.7727817680753081
349.80035951533563,-439.50497122549046,0.0,0.6872346156273699,75.85119793327617,343782.84087155224,1202.25983863336,1243.774774510936,0,343.573224334206,-431.9401500250386,354.3130988254206,-444.98711751139297,-0.1038811203152987,-0.6344019593530174,0.7730033337373472
352.1176362344864,-437.5988819972048,0.0,0.6868937166305051,75.89537524573812,1315245.8610662734,1205.2603298496952,1240.774283294601,0,345.88162141770266,-430.0176146877993,356.642845990323,-443.10028406215696,-0.1038219421696705,-0.6341384064344773,0.7732195558085309
354.43554867663204,-435.6936663955934,0.0,0.6865612350293869,75.9391894471565,225748.9073195601,1208.2607572489296,1237.7738558953663,0,348.1900805985726,-428.09534096044905,358.9723362682825,-441.2131868095375,-0.1037837896808921,-0.6338812901131802,0.7734303524199515
356.75407858115926,-433.78931043224605,0.0,0.6862384186879963,75.98264396789489,123466.03520043392,1211.2611159863682,1234.773497157928,0,350.4985992770904,-426.1733415100592,361.3015342568266,-439.3257816469103,-0.1037693325162485,-0.6336315811323199,0.7736349393556087
359.07321281966045,-431.88579644130135,0.0,0.6859222310404225,76.02574197201538,99221.90478657748,1214.2614074938572,1231.773205650439,0,352.8071847533432,-424.2516207551044,363.6304056813573,-437.4380235577247,-0.1037812265728601,-0.6333869356512993,0.7738352471594047
361.3929659707208,-429.98309928864165,0.0,0.6856068573772005,76.06848750932978,143263.3026298992,1217.261659339385,1228.7729538049111,0,355.115893233753,-422.33014241073727,365.95891535814656,-435.54986826407054,-0.1038204590129516,-0.6331428569002124,0.7740349622311883
363.7133498770393,-428.0811976218084,0.0,0.685302912198119,76.11088624639677,257625.84168075188,1220.2618945673305,1225.7727185769656,0,357.42475066912067,-420.4088953940924,368.28704426570977,-433.6612583772946,-0.103884774697605,-0.63290756346291,0.7742273671935412
366.0343477461802,-426.1800674369373,0.0,0.685009250330488,76.15294115884531,1277469.663425546,1223.262115740575,1222.7724974037212,0,359.7337127975064,-418.48792704251264,370.6147974822397,-431.7721169250274,-0.1039715457769618,-0.6326801751214396,0.7744131946243585
368.3559459039837,-424.2796842081712,0.0,0.6847267591130911,76.19465558085953,431741.52704458014,1226.2623281368049,1219.7722850074913,0,362.0427925598901,-416.5672370808123,372.94214161737466,-429.88239810206704,-0.1040781444011634,-0.6324613849538853,0.7745918903152894
370.6781287870187,-422.380022381457,0.0,0.6844558023213742,76.23603268689271,184660.30152662875,1229.262536195946,1216.77207694835,0,364.35199311730287,-414.64683336782014,375.26904926765815,-427.99205122132486,-0.1042019427203516,-0.6322514808060706,0.7747632315866124
373.0008802502826,-420.48105546959766,0.0,0.6841969016732395,76.27707563049263,117445.31563572408,1232.2627444707882,1213.771868673508,0,366.6613199389567,-412.7267218381792,377.5954914000812,-426.101026889149,-0.1043403128846679,-0.6320508729157384,0.774926895936935
375.3241831881209,-418.5827559781641,0.0,0.6839505552432147,76.31778750752243,86103.65208165279,1235.262957379924,1210.771655764372,0,368.97077755362005,-410.8069092044988,379.9214393945756,-424.2092753438652,-0.1044906270442537,-0.6318599532648272,0.7750825758976719
377.64801960430754,-416.68509537697497,0.0,0.6837172890757911,76.35817136621867,67966.05617017215,1238.2631792794675,1207.7714338648286,0,371.28037042017394,-408.8874022329436,382.2468644902141,-422.3167469017875,-0.1046502573492507,-0.6316791355338195,0.7752299463586572
379.97237056058674,-414.7880440564125,0.0,0.6834976467881296,76.39823020457536,56140.33001180939,1241.263414450384,1204.771198693912,0,373.59010268945065,-406.9682079409054,384.571737930911,-420.423391835155,-0.1048165759498005,-0.6315088470193424,0.7753686711083321
382.297216155099,-412.8915712844664,0.0,0.6832921955864791,76.43796697090806,47820.1164072484,1244.2636671085872,1201.770946035709,0,375.8999782608692,-405.04933354952334,386.8960309254421,-418.52916040093936,-0.1049869549960446,-0.6313495332672056,0.7754983989946606
384.62253548967215,-410.99564515929455,0.0,0.6831015274845162,76.47738456335689,41647.98715060297,1247.2639414093553,1198.7706717349408,0,378.2100007577487,-403.13078650378566,389.2197146589355,-416.6340028278013,-0.1051587666381246,-0.6312016589841468,0.775618763114754
386.9483066365367,-409.1002325582552,0.0,0.6829262614555699,76.51648582947281,36887.23728594789,1250.2642414536454,1195.7703716906508,0,380.5201735233173,-401.2125744754018,391.5427602914096,-414.73786931357176,-0.105329383026182,-0.631065709669572,0.7757293794096234
389.2745066014559,-407.2052990828805,0.0,0.6827670451365457,76.55527356559486,33103.48050697537,1253.2645712943272,1192.770041849969,0,382.8304996108128,-399.2947053705557,393.8651389600777,-412.8407100196532,-0.1054961763103584,-0.6309421928950392,0.7758298455362485
391.60111128396113,-405.3108089997888,0.0,0.6826245566209849,76.59375051610074,30024.00178356684,1256.2649349428852,1189.769678201411,0,385.1409817752429,-397.37718733625087,396.18682178063193,-410.9424750662356,-0.1056565186407953,-0.6308316396473925,0.7759197396765868
393.928095434446,-403.4167251773813,0.0,0.6824995063451892,76.63191937250448,27468.9458339961,1259.2653363765128,1186.7692767677834,0,387.451622464937,-395.4600287667995,398.5077798487408,-409.0431145273208,-0.1058077821676344,-0.6307346057378661,0.7759986192801496
396.2554326079387,-401.5230090181852,0.0,0.6823926392939796,76.66978277239616,25314.89410303237,1262.2657795455666,1183.7688335987295,0,389.7624238130487,-393.5432383103205,400.8279842415901,-407.1425784256879,-0.1059473390410171,-0.6306516734521656,0.7760660195962603
398.5830951146894,-399.6296203863827,0.0,0.6823047373133969,76.7073432981834,23474.338431151296,1265.2662683818016,1180.7683447624945,0,392.0733876292428,-391.6268248750546,403.1474060198401,-405.2408167274946,-0.1060725614110851,-0.6305834532756215,0.776121452129106
400.9110539658226,-397.7365175306639,0.0,0.6822366228525247,76.74460347566412,21883.505890945748,1268.266806805968,1177.767806338328,0,394.3845153886043,-389.7107976379492,405.4660162302067,-403.337779336338,-0.1061808214279799,-0.6305305867185581,0.7761644021805889
403.2392788188464,-395.8436569996723,0.0,0.6821891595325649,76.78156577214568,20494.822547564232,1271.267398740241,1174.767214404055,0,396.6958082270613,-387.7951660478092,407.7837859092979,-401.4334160862487,-0.106269491241843,-0.6304937466689906,0.7761943283813009
405.56773790319033,-393.9509935573207,0.0,0.68216326676446,76.81823259494946,19272.077187239865,1274.2680481055415,1171.7665650387546,0,399.0072669073713,-385.8799398528069,410.1006860876532,-399.5276767344728,-0.1063359430028161,-0.6304736486378911,0.776210653349479
407.89639799674205,-392.0584800685445,0.0,0.6821598833518722,76.85460628691465,18187.22008136794,1277.2687588774254,1168.7658542668707,0,401.31889188920906,-383.9651290416996,412.41668779749887,-397.620510951145,-0.1063775488610407,-0.630471022393387,0.7762127864975152
410.2252241896858,-390.1660674607114,0.0,0.6821801210586989,76.89068913125853,17218.186288429963,1280.269534929587,1165.765078214709,0,403.6306830098214,-382.0507441075768,414.7317620717569,-395.7118683160956,-0.1063916809666583,-0.6304867310310849,0.7762000270508476
412.5541804093157,-388.2737043764963,0.0,0.6822247056251621,76.92648331971623,16347.380318323398,1283.2703806629518,1162.7642324813444,0,405.9426406178039,-380.13679510828416,417.04587996730646,-393.8016982956075,-0.1063757114698105,-0.6305213369461327,0.7761719163018341
414.8832271123025,-386.3813379218899,0.0,0.6822960697776432,76.96199105537086,15560.599021024946,1286.271298746341,1159.7633143979551,0,408.2547613177161,-378.223295188062,419.3590125154128,-391.8899502791927,-0.1063270125206389,-0.6305767261914993,0.7761269177045793
417.21232942199777,-384.48891039728295,0.0,0.6823905388753856,76.99721415323225,14846.251645034105,1289.2722984972438,1156.7623146470523,0,410.5670537936778,-376.3102474824659,421.6711308343631,-389.976573482383,-0.1062429562692851,-0.6306500433872766,0.7760673442270497
419.5414246243018,-382.59637105778097,0.0,0.6825284788422687,77.03215550506009,16369.092491075022,1292.2733632437894,1153.7612499005068,0,412.8794758808621,-374.3976971742443,423.98220630496695,-388.06151679664765,-0.1061209369055454,-0.6307570880908727,0.7759803449979407
421.8703326444161,-380.7036718079595,0.0,0.6827417150394866,77.06681331889301,34521.17344458772,1295.2743835730157,1150.760229571281,0,415.19175099614046,-372.4858831840539,426.2922458272282,-386.1446995236264,-0.1059606425975962,-0.6309225408473418,0.7758458271143399
424.19889175238666,-378.81073263002384,0.0,0.682979078288937,77.10117851789768,317324.1200573034,1298.2752844795227,1147.7593286647734,0,417.5037872989707,-370.5748914389627,428.6011749803112,-384.2261082668833,-0.105766029116057,-0.6311066803587071,0.7756960474352133
426.5270607477605,-376.91749637008,0.0,0.6832504216566158,77.13525447645085,28354.695113670736,1301.276070111151,1144.758543033145,0,419.81584613636176,-368.6645159522942,430.9087890726151,-382.3058381464942,-0.1055415173404432,-0.6313171371006144,0.7755247722691287
428.85477784671417,-375.0238986770775,0.0,0.6835549137212513,77.16904248072055,14840.79760523583,1304.2767332238157,1141.7578799204805,0,422.1278749848229,-366.7548102257725,433.2150766691,-380.3838239468013,-0.1052915281502701,-0.6315532489696339,0.7753325052620325
431.1819835139029,-373.1298734369278,0.0,0.6838946595291742,77.20254425871617,10050.731301124775,1307.277269480507,1138.7573436637892,0,424.43987434610943,-364.84578390554736,435.51999484402353,-378.4600265614912,-0.1050204824250533,-0.6318166284837599,0.7751178929501077
433.5086144489759,-371.2353509889721,0.0,0.6842710640766031,77.23576129377676,7598.277096837567,1310.2776739222193,1135.7569392220769,0,426.7518301640848,-362.9374586331405,437.8235089906154,-376.5343999039053,-0.1047328010443082,-0.6321083416185599,0.7748800193941214
435.8346052362658,-369.3402583020901,0.0,0.6846858178357523,77.2686949956375,6107.863586661454,1313.2779421493,1132.756670994996,0,429.0637321314466,-361.0298529204778,440.1255824043128,-374.6068995753302,-0.1044329048875503,-0.6324296716424262,0.7746177834430688
438.15988793435736,-367.4445186058293,0.0,0.6851406422108142,77.3013466414946,5106.21203734913,1316.2780702502355,1129.7565428940609,0,431.3755689444431,-359.12298606805655,442.4261792495777,-372.67748038843456,-0.1041252148342949,-0.6327819212656975,0.774330058902076
440.4843921932073,-365.54805115778186,0.0,0.685637366441525,77.33371737659688,4386.750641767831,1319.2780550553496,1126.7565580889466,0,433.6873297358776,-357.2168769812891,444.7252639577847,-370.7460968654189,-0.1038141517640577,-0.6331664716879952,0.7740156452748065
442.80804520837927,-363.6507709610148,0.0,0.6861779157064434,77.36580819694919,3844.94237649965,1322.2778942977027,1123.7567188465937,0,435.9990038470573,-355.3115443583092,447.02280157090047,-368.8127029448493,-0.103504136556354,-0.6335847727521446,0.7736732745394617
445.13077169503634,-361.7525884817349,0.0,0.6867643237042196,77.39761993448073,3422.210343951097,1325.277586791353,1120.7570263529428,0,438.3105810423896,-353.4070065127333,449.3187578279932,-366.8772519021144,-0.1031995900906992,-0.6340383519852287,0.7733016023595549
447.4524938315376,-359.85340935280374,0.0,0.6873987398681387,77.42915323889271,3083.1809969302662,1328.2771325974525,1117.7574805468437,0,440.6220516018652,-351.50328129740086,451.6130993152108,-364.9396962151332,-0.1029049332466089,-0.6345288193933405,0.7728992025867885
449.7731311840412,-357.9531340658982,0.0,0.6880834396616449,77.46040855726714,2805.230407600911,1331.2765331855464,1114.7580799587497,0,442.9334064417834,-349.6003860050772,453.9057935945879,-362.999987446189,-0.1026245869035985,-0.6350578745384731,0.7724645596962213
452.0926006065148,-356.0516576498489,0.0,0.6888208361942763,77.49138611055726,2573.215010600612,1334.2757915876489,1111.7588215566473,0,445.24463722164194,-347.69833728081,456.1968093352897,-361.0580761199879,-0.1023629719411834,-0.6356273145172425,0.7719960602487543
454.4108161143344,-354.1488693333759,0.0,0.6896134942716197,77.52208586642283,2376.616092815196,1337.2749125451965,1108.7597005990997,0,447.55573644621774,-345.7971510384988,458.4861164423832,-359.1139116019853,-0.1021245092388791,-0.6362390436815158,0.7714919826512976
456.72768872762174,-352.24465218932363,0.0,0.6904641474838495,77.55250750754232,2207.899555995499,1340.2739026481984,1105.7607104960978,0,449.8666975573458,-343.8968423861877,460.7736861861736,-357.1674419743166,-0.101913619676201,-0.6368950855408846,0.7709504848003336
459.0431262801001,-350.33888275660087,0.0,0.6913757189179568,77.58265039431151,2061.5275105232936,1343.272770466247,1102.761842678049,0,452.1775150137212,-341.99742556144554,463.05949133329614,-355.2186139082048,-0.1017347241326647,-0.6375975972646681,0.7703695891987962
461.3570331871251,-348.4314306352886,0.0,0.692351347089619,77.61251352063387,1933.338262368188,1346.2715266699884,1099.7630864743078,0,454.48818435370544,-340.09891388093564,465.3435062814735,-353.2673725310863,-0.1015922434877855,-0.6383488879705307,0.7697471644811605
463.669310169203,-346.5221580485235,0.0,0.6933944138837516,77.64209546114125,1820.14387241768,1349.2701841449962,1096.7644289993,0,456.7987022450321,-338.2013197009414,467.6257071988473,-351.3136612875177,-0.1014905986210789,-0.6391514382740471,0.769080905335854
465.9798539134581,-344.6109193679865,0.0,0.694508586708976,77.67139430894161,1719.4611354276285,1352.2687580874056,1093.7658550568906,0,459.109066497652,-336.3046544083236,469.90607216963866,-349.35742179218886,-0.1014342104120603,-0.6400079304266719,0.7683683029582677
468.2885567038384,-342.6975605878211,0.0,0.695697824905376,77.7004076005898,1629.327076534631,1355.2672661157333,1090.7673470285629,0,461.4192761286839,-334.40892836883216,472.1845813385045,-347.3985936813983,-0.1014274997402453,-0.6409212505685127,0.7676066379140385
470.595305876341,-340.7819187772002,0.0,0.6969665265503054,77.72913223565517,1548.169528602896,1358.2657282701452,1087.768884874151,0,463.7293311709901,-332.5141510858808,474.4612170745712,-345.4371144448055,-0.1014748874851493,-0.6418945982968457,0.766792882516088
472.8999835955678,-338.86382139419123,0.0,0.6983191439540622,77.75756436116271,1474.7145155150065,1361.2641673574385,1084.770445786858,0,466.0392334014857,-330.6203306050648,476.7359640499775,-343.4729193278941,-0.1015807945262876,-0.6429311881818551,0.7659239435238123
475.2024651348725,-336.9430858542099,0.0,0.6997617656407601,77.78569932880414,1407.9187824256055,1364.2626079944005,1081.7720051498957,0,468.348983710743,-328.72747567230044,479.0088096395602,-341.50594095416955,-0.1017496417431759,-0.6440354572695235,0.7649956403664244
477.50262221423753,-335.0195180433955,0.0,0.70129635979831,77.81353131149234,1346.9198520675302,1367.261080224146,1078.7735329201505,0,470.658591853675,-326.8355877464064,481.27974298853655,-339.53611009685795,-0.1019858500153294,-0.6452086563040933,0.7640064069301162
479.80028908545495,-333.092914588214,0.0,0.7029542221065858,77.84105403138709,1269.9848281317682,1370.259592175866,1075.7750209684302,0,472.9679977725632,-324.9447254204234,483.5487653862583,-337.5633466279447,-0.1022938045995995,-0.6464743864690153,0.7629356903694506
482.0952465142606,-331.16305163384294,0.0,0.7047253460163145,77.8682544950297,1196.1624479538202,1373.2581252543368,1072.7764878899593,0,475.2770718484085,-323.055004083186,485.8158838732028,-335.58756495353555,-0.102677611056577,-0.6478246254493703,0.7617895081066575
484.38730408678,-329.22971183500835,0.0,0.7066097955747687,77.89512168854374,1130.4032622514897,1376.2566800218042,1069.777933122492,0,477.5859040767159,-321.1663592850853,488.0810115401807,-333.6087610556066,-0.1031412428586384,-0.6492590282409987,0.7605673633857517
486.6762748972133,-327.29266808629427,0.0,0.7086174996179954,77.92164420255389,1071.454261005265,1379.2552673317634,1066.7793458125327,0,479.89451637442966,-319.27878233262214,490.3441118608537,-331.62688704896595,-0.1036886726965548,-0.6507847128450371,0.7592623114097015
488.96195907269055,-325.35167411161166,0.0,0.7107576798813354,77.94780758723495,1018.3101465252096,1382.25390198103,1063.7807111632662,0,482.2028888813141,-317.3922986684729,492.6051765534454,-329.6418700896518,-0.1043238732610973,-0.6524081794008029,0.7578677770237562
491.244145135143,-323.4064639246255,0.0,0.7130432476816054,77.97359330702933,970.1550457684938,1385.2526043495898,1060.7820087947064,0,484.5110118899327,-315.5069253803296,494.8642002164098,-327.6536343882851,-0.1050508172430373,-0.6541386320499891,0.7563746757128831
493.5226048257841,-321.45674691345835,0.0,0.7154925830349893,77.99897570548275,926.3199412449276,1388.2513999387406,1057.7832132055555,0,486.8188659040611,-313.622687497531,497.1211907035583,-325.6620920065447,-0.1058734773331458,-0.6559892832636919,0.7547702036005316
495.7970863176203,-319.5022007427014,0.0,0.7181336402271721,78.02391698014598,886.2510878854877,1391.2503192091322,1054.784293935164,0,489.1264156729133,-311.7396228376498,499.3761725538702,-323.66713965477805,-0.106795826222194,-0.65798038439963,0.7530350680714113
498.06730284043,-317.5424598128311,0.0,0.7210089730245706,78.04835906292642,849.4862445770592,1394.2493969961606,1051.7852161481355,0,491.4335949295337,-309.85779441789714,501.6291950120648,-321.6686513605308,-0.1078218366009531,-0.6601428879076621,0.7511400452278736
500.3329158882383,-315.5770984495367,0.0,0.7241811512348515,78.07221171173559,815.6365538635299,1397.2486715369002,1048.785941607396,0,493.74028905778965,-307.9773045157846,503.8803411379911,-319.6664700440268,-0.1089554811601944,-0.6625223125838975,0.7490421786044391
502.593512531501,-313.6056087238033,0.0,0.7277365112782196,78.09533672914978,784.3725636005005,1400.2481829841536,1045.7864301601426,0,496.04631818059465,-306.09830834112364,506.1297369883198,-317.6603988820093,-0.1102007325906888,-0.6651812342755491,0.7466819440482387
504.8485784562369,-311.6273750464915,0.0,0.7317841043279004,78.1175300385462,755.4133265529977,1403.2479714445212,1042.786641699775,0,498.35142911093897,-304.22102044615383,508.377557112352,-315.65019581220594,-0.1115615635832078,-0.6681980418425095,0.7439834520188173
507.0974713832056,-309.64165082652954,0.0,0.7364461435351475,78.13850707141768,728.5178152479208,1406.2480747885268,1039.7865383557694,0,500.6553074513171,-302.34570471520374,510.62402138388063,-313.6355756995774,-0.1130419468285225,-0.6716592478024095,0.7408602127537296
509.339402892133,-307.6475457082438,0.0,0.7418376536785378,78.15790262018882,703.4780979962571,1409.248526773394,1036.786086370902,0,502.9575637325808,-300.472574757361,512.8693719819695,-311.61621759794224,-0.1146458550174038,-0.6756438218027375,0.7372282048726775
511.5734383134814,-305.64403301266583,0.0,0.7480374749503284,78.17530058073433,680.1138685395184,1412.2493562229265,1033.7852569213696,0,505.257392969684,-298.6012680468987,515.1136161027991,-309.59154110515885,-0.1163772608406233,-0.6802014905443909,0.7330251921054206
513.798521704779,-303.62998349738416,0.0,0.7550593623271071,78.19030380716987,658.2680261089639,1415.2505878947964,1030.7840252494998,0,507.553448893387,-296.7305464752864,517.3564021154555,-307.5606617403728,-0.118240136988952,-0.6853318993435592,0.7282308615694267
516.0135261270046,-301.6042239488633,0.0,0.7628341423393424,78.20263850152618,637.803077903484,1418.252245160192,1027.7823679841042,0,509.84437080873056,-294.8587509625202,519.5972477871626,-305.52273408550406,-0.120238456153161,-0.6909729639558999,0.7228806008477463
518.217320965147,-299.565610383416,0.0,0.7712102174486049,78.21226390125625,618.5981908493975,1421.2543539120277,1024.7802592322685,0,512.1290503185211,-292.9840298172612,521.835550743461,-303.4770118593066,-0.1223761910240215,-0.697003556645257,0.7170676690688697
520.4088407367682,-297.51309883889985,0.0,0.7799757711890188,78.21943461044727,600.546759947031,1424.2569465500287,1021.7776665942674,0,514.4066039514795,-291.1043550615228,524.0705404343518,-301.42279050735067,-0.1246573142923048,-0.7032621944042505,0.7109305774277248
522.5871392210136,-295.4457973179977,0.0,0.7888983398089748,78.22467233824572,583.5543906252499,1427.2600649068022,1018.774548237494,0,516.676287464401,-289.21758179556656,526.3014218456956,-299.359506145471,-0.1270857986487821,-0.709577443147639,0.7046274563030163
524.7514198589469,-293.36299078879523,0.0,0.7977691580156363,78.22864647650152,567.5372151635564,1430.2637615822043,1015.7708515620918,0,518.9373865327941,-287.3215272252497,528.5273721883154,-297.28664879621505,-0.1296656167842242,-0.715800064594186,0.6983052824710402
526.9010415403628,-291.2641399231258,0.0,0.8064406758638204,78.2320028471683,552.420480410589,1433.2680998337223,1012.7665133105738,0,521.1891168844566,-285.4140448621628,530.7475428895535,-295.2036874312709,-0.1324007413894029,-0.7218284432221249,0.6920720327794814
529.0355043558011,-289.1488597810917,0.0,0.8148494651556684,78.23520361718128,538.1373571569007,1436.2731525104275,1009.7614606338686,0,523.430553164192,-283.4930794127612,532.9611129622394,-293.11006824322453,-0.1352951451550891,-0.7276223432626994,0.6859779337448825
531.1544230938337,-287.0168871478778,0.0,0.8230175950052954,78.23844504765711,524.6279316380144,1439.2790007978765,1006.75561234642,0,525.6605938999024,-281.5566962236525,535.1673056338301,-291.00519913418333,-0.1383528007720536,-0.733201165049758,0.6800118025223368
533.2574968322674,-284.86804626654384,0.0,0.8310272579986976,78.24169054508697,511.83834750033697,1442.2857326253898,1003.7488805189064,0,527.8779603198115,-279.6030859511628,537.3653908076826,-288.8884481562375,-0.1415776809310682,-0.7386242531563683,0.6741173582167999
535.3444801960312,-282.7022164487313,0.0,0.8389826461590183,78.24478780298692,499.4748860262295,1445.2934424452285,1000.741170699068,0,530.0812127214135,-277.6305568159073,539.5546976566544,-286.75916207109015,-0.1449736981739587,-0.7439636888623418,0.6682200458339579
537.4150975127914,-280.5193630371795,0.0,0.8469705296029769,78.24758550166018,487.1017151531612,1448.3021473308545,997.7324658134416,0,532.2687064215575,-275.637584693322,541.7346296691891,-284.6167971736206,-0.1485399899304291,-0.7492775612885831,0.6622560955925083
539.4689836567576,-278.3195744607364,0.0,0.8550309237508111,78.24999433528714,475.23456002779415,1451.311718408837,994.7228947354596,0,534.4386202076756,-273.622853194964,543.9045551759407,-282.460953764811,-0.1522675300667058,-0.7545912085114659,0.6561951752620598
541.5057754511104,-276.10296313199643,0.0,0.8631725278688005,78.25199221619133,463.8436567837021,1454.3220151709918,991.7125979733044,0,536.5893583866042,-271.58538361556657,546.0638237018928,-280.2912460100485,-0.1561464928985158,-0.7599086216593439,0.6500299121792751
543.5251127252991,-273.8696398096072,0.0,0.8713848268030782,78.25359119937075,452.9019641326607,1457.3329047553598,988.7017083889364,0,538.7200942298115,-269.52501453576906,548.2117964541297,-278.1072685716786,-0.160167052741585,-0.7652211769320572,0.6437674660735173
545.526636237367,-271.6197122063383,0.0,0.8796576970842034,78.25480309772587,442.384868109726,1460.34426169025,985.690351454046,0,540.8303517156447,-267.44192271838705,550.3478257345522,-275.90861648962783,-0.1643193839116392,-0.7705207350545337,0.6374149330310839
547.5099873817929,-269.35328403697326,0.0,0.8879892254399504,78.25562429125608,432.2699241858887,1463.3559685831908,982.6786445611052,0,542.9196619916332,-265.3362905849322,552.4712528175703,-273.694887098943,-0.1685936607244053,-0.7758045717555688,0.6309732691985918
549.4748091204995,-267.07045548239216,0.0,0.8963840888085256,78.25603936936956,422.5366313669342,1466.3679165698773,979.6666965744188,0,544.9875641887697,-263.20830106388786,554.581405073088,-271.4656829375166,-0.1729800574956092,-0.7810741071633491,0.6244383389246507
551.4207467394908,-264.7713233607643,0.0,0.9048482333053244,78.25603066018131,413.1662337671814,1469.3800058331142,976.654607311182,0,547.0336049442063,-261.0581377726091,556.6775962711791,-269.2206114920818,-0.1774687485409767,-0.7863314017973023,0.6178049259657044
553.3474480315529,-262.4559808104313,0.0,0.9133854378230816,78.2555837927481,404.1415458615565,1472.3921461011323,973.6424670431638,0,549.0573374893028,-258.88598572540457,558.7591275806714,-266.9592842106183,-0.1820499081762346,-0.791577009473454,0.6110694216478708
555.2545629867034,-260.1245165660962,0.0,0.9219972507766112,78.25468742140333,395.4467982095265,1475.404257150674,970.630355993622,0,551.0583211111641,-256.692031742143,560.8252884911884,-264.6813155590276,-0.186713710717109,-0.7968100071791293,0.6042299334352743
557.1417433634052,-257.7770141772985,0.0,0.9306846491948908,78.25333038103864,387.067500933202,1478.416269308621,967.6183438356752,0,553.0361213687636,-254.47646406948303,562.8753570021172,-262.3863228613716,-0.191450330479326,-0.802029059528982,0.5972850137673444
559.0086424366509,-255.41355141019744,0.0,0.9394492594756932,78.25149974988993,378.9903226385677,1481.4281239533805,964.6064891909156,0,554.9903107296026,-252.23947147786,564.9085992112945,-260.0739268508826,-0.1962499417786113,-0.8072331577831092,0.590232690534428
560.8549149733432,-253.03419985722385,0.0,0.9482933694777896,78.24918074852938,371.2029828082545,1484.439774014789,961.5948391295072,0,556.9204691538885,-249.98124231739132,566.9242687878823,-257.7437524448805,-0.2011027189306921,-0.8124216025848118,0.5830704414164091
562.680217297181,-250.63902462988548,0.0,0.9572193254710168,78.24635720625437,363.6941559786976,1487.4511844722097,958.5834286720864,0,558.8261853898189,-247.7019646117461,568.9216067279739,-255.39542929789096,-0.205998836251294,-0.817593630884689,0.5757956709951813
564.4842072386118,-248.2280839742264,0.0,0.9662292649014046,78.24301062830376,356.45338625356254,1490.4623328501368,955.5722802941592,0,560.7070715103364,-245.40183653207816,570.8998415507651,-253.02859191698985,-0.2109284680561429,-0.8227482593180314,0.5684059304662024
566.2665437967859,-245.80142869267863,0.0,0.9753256006766282,78.23911669708122,349.4710109070297,1493.4732097094698,952.5614034348264,0,562.5628133025277,-243.08110236048947,572.8581898844633,-250.64287934697967,-0.2158817886609659,-0.8278845609872282,0.5608985235129297
568.0268865146986,-243.3591013994508,0.0,0.9845117615760356,78.2346404222703,342.73809200120644,1496.4838191314564,949.5507940128398,0,564.3931297714208,-240.7400186747757,574.7958570762347,-248.23793482558744,-0.2208489723814886,-0.8330020621043858,0.5532698839895779
569.7648948663578,-240.9011358484249,0.0,0.9937921133783432,78.22953364734016,336.246355086587,1499.494179189733,946.5404339545632,0,566.1977464438635,-238.3788329026755,576.7120371808038,-245.81340622488835,-0.225820193533437,-0.8381006567032596,0.5455156177723649
571.4802280221821,-238.4275565824925,0.0,1.0031706703027272,78.22373693611328,329.98813417786795,1502.5043224122924,943.5302907320038,0,567.9763954704262,-235.9977819513497,578.6059121826811,-243.36894757277813,-0.230785626432538,-0.84317987269969,0.5376315674085131
573.172544728258,-235.93837870513383,0.0,1.0126502057196618,78.21718001329228,323.956322302488,1505.5142962226096,940.5203169216866,0,569.7288153867787,-233.59709134724795,580.4766517829052,-240.90422003932667,-0.2357354453945174,-0.8482384093956118,0.5296145776184814
574.8415021730789,-233.43360695929923,0.0,1.022234369506425,78.20977038780694,318.14432700937266,1508.5241634042895,937.5104497400066,0,571.4547497469981,-231.1769759171005,582.3234156976285,-238.41888966981725,-0.2406598247351015,-0.8532752868643461,0.5214607222280198
576.4867532771196,-230.91323404637424,0.0,1.0319314740251353,78.20137479128003,312.5460303024938,1511.5340024058896,934.5006107384064,0,573.1539454758713,-228.73764102740475,584.1453568629619,-235.91262359718252,-0.2455489387700158,-0.8582917486812155,0.5131620349809027
578.1079448801835,-228.37723916464688,0.0,1.0417536313288396,78.19182625225963,307.15575253028624,1514.543908094444,931.490705049852,0,574.8261535883572,-226.27928048040351,585.9416203282659,-233.3850918811745,-0.2503929618149877,-0.8632906244484762,0.5047071405670421
579.7047202081977,-225.8255915512664,0.0,1.0517031581710736,78.18097977836999,301.96821981927604,1517.5539906499607,928.4806224943354,0,576.4710797762993,-223.8020373448593,587.7113313629512,-230.8359852615391,-0.2551820681857429,-0.8682694092925374,0.4960929679876426
581.2767257291221,-223.2582485374421,0.0,1.0617710562453515,78.1687632592918,296.9785346896512,1520.5643812406397,925.4702319036564,0,578.0883302866974,-221.30596743928243,589.4535972639142,-228.2650151157168,-0.2599064321980071,-0.8732199337138256,0.48732632533531584
582.8235993632263,-220.67522594418492,0.0,1.0719053788872746,78.15509500270055,293.9609264799286,1523.575165815657,922.4594473286388,0,579.6778745147825,-218.79137140845347,591.1674329881303,-225.67202940823867,-0.2645567709921584,-0.8781137299663977,0.47845195918137945
584.3449488357354,-218.0767229496525,0.0,1.0821326822975594,78.13981868275052,291.3495737718186,1526.586265619732,919.4483475245644,0,581.2394008494186,-216.25851308005608,592.8516731393898,-223.05716767470213,-0.2691276577011892,-0.8829609940630824,0.46944635791870143
585.8403326703229,-215.462940630093,0.0,1.0924654908857705,78.12277735395546,288.71734939462283,1529.5975827446437,916.4370303996524,0,582.7725143419239,-213.70779602550616,594.5053353047492,-220.4203178260498,-0.2736153345812006,-0.8877644720072199,0.46029799287172884
587.3093004418976,-212.83406610610615,0.0,1.102910464633676,78.10383291094963,286.0684209387718,1532.609035479918,913.425577664378,0,584.2768504090981,-211.1395876034437,596.1273925657861,-217.7614572838044,-0.2780160505739937,-0.8925237590480515,0.451000376424162
588.751404427889,-210.1902902325821,0.0,1.113472728746779,78.08285872976447,283.4068927242827,1535.6205491816702,910.414063962626,0,585.7520625652883,-208.55423518770343,597.716919237946,-215.08072166950052,-0.2823260546213691,-0.897237470419838,0.4415483231477732
590.1661979830078,-207.53180366790545,0.0,1.124150459439392,78.05973940670806,280.7368024502313,1538.6320590385646,907.4025541057316,0,587.197809468638,-205.952086472784,599.273473419299,-212.3785141095372,-0.2865415956651269,-0.9019009666114669,0.43194287403000603
591.5532349981728,-204.8587972505554,0.0,1.1349415912905776,78.03437090884614,278.0621182094025,1541.6435096837906,904.3911034605056,0,588.6137564448896,-203.3334864498693,600.7961356035747,-209.65498673366668,-0.2906589226470685,-0.9065095166439924,0.42218538135974726
592.9120695352893,-202.17146155192253,0.0,1.1458460356424782,78.00666194047655,275.3867358606716,1544.6548556380787,901.3797575062174,0,589.9995753613224,-200.69877703589788,602.2846035091807,-206.910624906356,-0.2946742845089942,-0.9110592278193451,0.41227549454851004
594.2422567717454,-199.4699873501032,0.0,1.1568644094409977,77.97653419490491,272.71447675131293,1547.666061533916,898.3685516103801,0,591.3549452917741,-198.04829512156215,603.7392736752524,-204.14625287244087,-0.2985839301927046,-0.915546438597934,0.4022122807307596
595.5433539049773,-196.75456594109292,0.0,1.1679964903012543,77.94392180121692,270.04908578082006,1550.6771024135148,895.3575107307813,0,592.6795522244435,-195.3823722387367,605.1598891699682,-201.36233931408984,-0.3023841086400001,-0.9199670776062251,0.3919956327826394
596.8149205919269,-194.02538918109053,0.0,1.1792412610958845,77.90877079995735,267.39422979755824,1553.687964022207,892.346649122089,0,593.9730885692638,-192.7013346226302,606.5461967456919,-198.5593448998928,-0.3060710687926819,-0.9243167238111948,0.3816262492058684
598.0565191792757,-191.28264939551684,0.0,1.1905975800977522,77.87103869168227,264.753496319214,1556.698643112292,889.3359700320041,0,595.2352528298508,-190.0055029697403,607.8979467172777,-195.7377211427344,-0.3096410595925503,-0.9285908980175541,0.3711050311151177
599.2677150232046,-188.5265393094176,0.0,1.2020644524582649,77.83069370363631,262.1303925677743,1559.7091477508948,886.3254653934014,0,596.465755264603,-187.2951944398528,609.2148922785211,-192.8979103265727,-0.3130903299814057,-0.9327851696350644,0.3604328332836564
600.448076897129,-185.75725198818785,0.0,1.2136408689942824,77.78771404099587,259.52834480955715,1562.71949763437,883.3151155099263,0,597.6643373477687,-184.5707300965044,610.4967888236656,-190.04034545747297,-0.3164151289010494,-0.9368950948841589,0.3496106136575417
601.5971774056784,-182.97498074721577,0.0,1.2253255530444425,77.74208780217164,256.950697990717,1565.7297244093968,880.3048887348994,0,598.8307518661464,-181.83242464142444,611.7433933953062,-187.16544995159856,-0.3196117052932817,-0.9409161342099575,0.33863967337479733
602.7145933542807,-180.17991900960064,0.0,1.237116853994385,77.69381310498936,254.40071565847575,1568.7398720003416,877.2947411439545,0,599.9647518502495,-179.08058130575623,612.9544641869244,-184.27363716474483,-0.3226763080999029,-0.9448436347101457,0.3275217640825123
603.7999059462315,-177.37226006699277,0.0,1.2490130235888304,77.64289637831388,251.8815801583472,1571.7499969413122,874.2846162029839,0,601.0660888269559,-176.31549134818087,614.1297601952973,-181.3653094788684,-0.3256051862627143,-0.9486729414589476,0.3162588340957893
604.8527007150744,-174.55219672719767,0.0,1.2610128037274162,77.58934848752024,249.3963930975237,1574.760168708132,871.274444436164,0,602.1345120693534,-173.5374341342585,615.2690409288356,-178.44085707492317,-0.3283945887235161,-0.9523995857288008,0.3048524710472405
605.8725675486376,-171.7199209933098,0.0,1.2731153696340614,77.53318404791845,246.94817606466563,1577.7704700536742,868.2641430906219,0,603.1697679684122,-170.74667689258226,616.3720655373558,-175.50065803089248,-0.3310407644241091,-0.9560192436510053,0.2933039477554975
606.8591014381557,-168.8756239966473,0.0,1.2853187158251578,77.47442952189887,244.53987159628028,1580.780997336459,865.2536158078371,0,604.1715995743982,-167.94347391884216,617.4385911006157,-172.5450808424233,-0.3335399623062937,-0.9595272593242622,0.2816157641426881
607.8119034859852,-166.01949589516505,0.0,1.2976184851161792,77.41313011563537,242.174344379978,1583.7918609126484,862.2427522316477,0,605.1397458999721,-165.1280662639958,618.4683717339307,-169.57448517033222,-0.3358884313118709,-0.9629184011142623,0.269792796040874
608.7305799375288,-163.1517252745363,0.0,1.310011169576593,77.34933061717744,239.85438268494005,1586.803185331432,859.2314278128642,0,606.0739404545405,-162.30068366203562,619.4611603047214,-166.58921480867969,-0.3380824203826412,-0.9661878316281515,0.2578392406397652
609.614738648203,-160.27249711143915,0.0,1.322501309285749,77.28303741051099,237.5827000099513,1589.8151102044712,856.2195029398249,0,606.9739098996524,-159.46154653400444,620.4167108223481,-163.58958670949224,-0.340118178460405,-0.9693328326279219,0.2457516217434365
610.4639889581241,-157.38199481857933,0.0,1.3350944195679906,77.21423736030764,235.36193693950003,1592.827788347574,853.2068247967222,0,607.8393740158801,-156.61086411972806,621.3347713278723,-160.57590866510998,-0.3419919544869634,-0.972350667605661,0.2335255429430052
611.2779516905905,-154.48039434572186,0.0,1.347785590966304,77.14302972634565,233.1946631984636,1595.8413942663913,850.1932188779049,0,608.6700490336973,-153.74882030840422,622.21507771309,-157.5484986784441,-0.3436999974041168,-0.9752359955555251,0.22116679898398842
612.056270331036,-151.56790235440604,0.0,1.3605093430262687,77.06966369115644,231.85474378111883,1598.85608985725,847.1785232870461,0,609.4656397437091,-150.8755962184109,623.0573319285273,-154.50776668074474,-0.34523862478742,-0.9779710498421458,0.20874057025564333
612.7986616810718,-148.6449091515255,0.0,1.3732132264017871,76.99429423473539,232.0731623298547,1601.8718872941968,844.1627258500994,0,610.2258184994396,-147.99145004626303,623.8611107558936,-151.45458605917835,-0.3466084358726967,-0.9805438787203914,0.1963000303208598
613.5048873171628,-145.71193083937774,0.0,1.3859528114945,76.91693415287847,232.22883305072185,1604.88869296056,841.1459201837363,0,610.9502109108222,-145.09679571798873,624.6260269715002,-148.38976650352535,-0.347816762309475,-0.9829650234133496,0.18379271679256812
614.1746557722678,-142.7694288060693,0.0,1.3987243101764724,76.83764330225286,232.3215866143187,1607.9064583589095,838.1281547853864,0,611.6384221317859,-142.1921346299083,625.3509484267685,-145.3133618876005,-0.3488715262278527,-0.9852321028400259,0.1712241324504831
614.8076961978744,-139.81788750814442,0.0,1.4115378576953452,76.75648228308705,232.3514058629729,1610.9251229997417,835.1094901445547,0,612.2900739864292,-139.27791314377745,626.0354026165224,-142.2259825786231,-0.3497806497579279,-0.9873451513156375,0.15858610334295048
615.4037482552932,-136.8577978355832,0.0,1.4243900912740834,76.6735142858023,232.3184257344764,1613.944627748,832.089985396296,0,612.9047852721338,-136.35459955705383,626.680063912246,-139.12842875927907,-0.3505520550297983,-0.9893017371792334,0.14588376473806455
615.9625627814052,-133.8896599097458,0.0,1.4372768135800933,76.58880377858821,232.2229327163604,1616.9649119103576,829.0697012339385,0,613.4821749712012,-133.42267462356105,627.2846180138758,-136.0212754503416,-0.3511936641735616,-0.9910995043596751,0.1331231477167151
616.4838992066497,-130.91398080396723,0.0,1.4501961153437493,76.50241858846731,232.06536383476404,1619.985914692358,826.0486984519382,0,614.0218625460363,-130.48263409424558,627.848754987443,-132.9050937820677,-0.3517133993193159,-0.9927366043889939,0.12030808080179062
616.967526421807,-127.93127423555364,0.0,1.4631475948416497,76.41442941580435,231.8463051846571,1623.0075754536774,823.0270376906187,0,614.5234693797241,-127.5349856721846,628.3721666351364,-129.78046531745647,-0.3521191825971588,-0.994211468407141,0.10744094232515063
617.4132234771579,-124.9420598541116,0.0,1.476130470667514,76.32490897977183,231.56649001094368,1626.0298342915946,820.0047788527015,0,614.9866195217329,-124.58024899031064,628.8545472013138,-126.64798109041756,-0.3524189361371883,-0.9955225331219909,0.09452452616318435
617.8207796293063,-121.94686250681458,0.0,1.4891435055294042,76.23393162905064,231.22679635256011,1629.0526325260803,816.9819806182159,0,615.4109403943136,-121.61895596443054,629.2955942068872,-123.5082391820698,-0.3526205820695022,-0.9966682601169609,0.08156211912052087
618.1899940705357,-118.94621145797578,0.0,1.502185540181093,76.1415732862997,230.8282442642494,1632.0759131978853,813.9586999464109,0,615.7960635863618,-118.65165081374556,629.6950089680327,-120.36184345835736,-0.3527320425241985,-0.997647203168234,0.06855696908849315
618.5206757785434,-115.94063966171926,0.0,1.5152556766057188,76.04791128315013,230.3719926330712,1635.0996215526152,810.934991591681,0,616.1416257124013,-115.67888968779168,630.0524968486767,-117.20940399224033,-0.3527612396313748,-0.9984580145378416,0.05551209962838151
618.8126434401524,-112.9306830612426,0.0,1.5283531665018129,75.95302404607052,229.8593356089438,1638.123705521717,807.9109076225791,0,616.4472692622879,-112.7012402953794,630.3677675762676,-114.05153728654598,-0.3527160955211289,-0.9990994242774114,0.042430418434715116
619.0657253206781,-109.91687989862898,0.0,1.5414773228222745,75.85699086763253,229.29169867063783,1641.1481161983995,804.8864969458966,0,616.7126434384629,-109.71928159653368,630.6405356287157,-110.88886599109348,-0.3526045323235589,-0.9995702287904372,0.02931480369766932
619.2797590686325,-106.8997700362292,0.0,1.5546274986066098,75.75989193790993,228.67063435053063,1644.1728083095163,801.8618048347796,0,616.9374049956706,-106.73360345823338,630.8705206172923,-107.72201856182063,-0.3524344721687624,-0.9998692873452412,0.01616812369199534
619.4545914736608,-103.87989429395137,0.0,1.5678031004802446,75.66180828719038,227.99781764316023,1647.1977406837434,798.8368724605527,0,617.1212190828423,-103.74480625002886,631.0574476551251,-104.55162896932327,-0.3522138371868374,-0.9999955203014592,0.0029932218450668064
619.5900781224425,-100.85779380220036,0.0,1.5810037208131134,75.56282079571417,227.27504112412657,1650.2228767160964,795.8117364281998,0,617.26376428033,-100.75350062355106,631.2010492318462,-101.37833624246932,-0.3519505495078817,-0.9999479050059995,-0.010207216766224422
619.6860829407577,-97.83400937903365,0.0,1.594229342325599,75.46300850821552,226.5042098072231,1653.2481848265086,792.7864283177876,0,617.3648669980367,-97.76031103164352,631.3011683020756,-98.20278704429506,-0.3516525312619931,-0.9997254594545739,-0.023430871053829315
619.7424778492503,-94.80908093388072,0.0,1.6074801542466528,75.3624492160442,225.68733576874683,1656.2736389220122,789.760974222284,0,617.4245795511083,-94.76586746130144,631.3578660128865,-95.0256310984455,-0.3513277045792695,-0.9993272238532391,-0.03667560041468952
619.7591427682701,-91.78354690675216,0.0,1.6207557054615185,75.26122422143517,224.8265325688472,1659.2992188447442,786.7353942995519,0,617.4430348595697,-91.77078957188388,631.3712721261675,-91.8475075806896,-0.3509839915898086,-0.9987522897914474,-0.04993859866216535
619.7359653475422,-88.75794363148609,0.0,1.6340548986201842,75.15941888427088,223.92400950038123,1662.3249108932073,783.7097022510889,0,617.4203728196211,-88.77568206490618,631.3396772475206,-88.66905421399069,-0.3506293144237085,-0.9979998436720696,-0.06321639052116704
619.6728391387329,-85.73280504810246,0.0,1.64737869991381,75.05710433250928,222.98206569624347,1665.3507080389054,780.6839051053907,0,617.3567353573774,-85.7811356772277,631.2646527505937,-85.4909162134685,-0.3502715952110669,-0.9970690029744735,-0.07650753758610561
619.5696607279162,-82.70866154204897,0.0,1.6607338592010352,74.95431636991087,222.0030841262881,1668.3766111651908,777.6580019791054,0,617.2522654780171,-82.78772695631922,631.1467693149416,-82.31367113783362,-0.3499187560819815,-0.9959583455654952,-0.08981633425185852
619.4263326813415,-79.68604266514664,0.0,1.6741227160419498,74.85109691468342,220.98952551502657,1671.4026263343433,774.6319868099529,0,617.1071062485529,-79.79601689865531,630.9861704676167,-79.13789252247102,-0.3495787191665503,-0.9946665762982909,-0.10314262937813945
619.2427695658021,-76.66546396069559,0.0,1.687536073381758,74.74760852445269,219.94392221104903,1674.4287775412677,771.6058356030285,0,616.9213987529123,-76.80653562292652,630.783000785011,-75.9641543760383,-0.3492594065948711,-0.9931936508927826,-0.11647476905435636
619.0189517376083,-73.64752932415574,0.0,1.7008868366975016,74.64408934904351,220.48138690383905,1677.4550002512883,768.5796128930078,0,616.6952860897752,-73.81985837079897,630.5374281220415,-72.79328936241126,-0.3489678460238759,-0.9915501564797227,-0.1297238882590151
618.7549926714222,-70.63281998200337,0.0,1.7142067850772973,74.54060270346503,221.3042174385589,1680.4812432696665,765.5533698746297,0,616.428905249841,-70.83648534207067,630.2496592541863,-69.62638084875657,-0.3487053066509195,-0.9897343324568197,-0.14291938691532885
618.4509559276021,-67.62180108106578,0.0,1.7275096747371668,74.4371893768568,222.11274305828263,1683.5075732522355,762.5270398920607,0,616.1223911940007,-67.8569272169921,629.9198411150617,-66.46373378811181,-0.348470776158053,-0.9877455738944161,-0.15607267939005431
618.1068911452039,-64.61493041397488,0.0,1.7408006601815076,74.3339025656942,222.904978338867,1686.5340649147215,759.5005482295744,0,615.7758721498608,-64.88166005824478,629.5481205251423,-63.305754020038215,-0.3482632365243975,-0.9855840337677807,-0.16918661998524043
617.7228575057572,-61.61267679300245,0.0,1.754083512036909,74.23078973204268,223.6789825635228,1689.560780732381,756.473832411915,0,615.3894708826305,-61.91115222854055,629.134648952869,-60.152936093074096,-0.3480816697290742,-0.9832498749768946,-0.18226267680993022
617.2989183207595,-58.61551463597412,0.0,1.7673573466868946,74.12789577425923,224.4328634760564,1692.5877768387709,753.4468363055253,0,614.9633064221024,-58.94587961221199,628.6795722398193,-57.00575684029616,-0.3479250577512045,-0.9807440009569914,-0.19529773318416344
616.8351409024207,-55.623925216575934,0.0,1.7806221632179475,74.0252640328546,225.1647810417433,1695.6151018540304,750.4195112902657,0,614.4974942678414,-55.98632378442213,628.1830325806554,-53.86469453070883,-0.3477923825699095,-0.9780672060124902,-0.20828955932288354
616.3315963633347,-52.63839600543915,0.0,1.7938790334307848,73.92293655624698,225.87295119906116,1698.6427976401678,747.3918155041283,0,613.9921466918663,-53.03297164788807,627.6451686720958,-50.73022926153995,-0.3476826261643107,-0.9752200754767066,-0.22123698693303198
615.7883605000214,-49.65942035647852,0.0,1.8071291789943265,73.8209535901858,226.5556495851824,1701.6708995407469,744.3637136035493,0,613.4473729664436,-50.08631487783941,627.0661165942017,-47.60284712796084,-0.3475947705135291,-0.9722031323058713,-0.2341389961852842
615.2055142478744,-46.687497082115655,0.0,1.820373519183737,73.71935346110816,227.21121521797352,1704.6994367623015,741.3351763819946,0,612.8632797338234,-47.14685032987296,626.4460098900225,-44.48303883993366,-0.3475277975966861,-0.9690169393801006,-0.24699427360654025
614.5831438924469,-43.72313010060153,0.0,1.8336128496316524,73.61817270974154,227.83805411715744,1707.728432711524,738.3061804327722,0,612.239971384258,-44.21508036041879,625.784979670556,-41.37129898180348,-0.3474806893929029,-0.9656620727594389,-0.25980138805238145
613.9213412606204,-40.76682807264204,0.0,1.8468480041542663,73.51744619728393,228.43464284732715,1710.7579053395584,735.2767078047377,0,611.5775504090118,-41.29151294562712,625.0831548525658,-38.26812613310949,-0.3474524278813009,-0.9621390856820334,-0.2725589473910931
613.2202039659081,-37.81910402297996,0.0,1.860079849761028,73.41720713501253,228.999531965602,1713.78786748107,732.2467456632262,0,610.8761177432605,-38.37666173361701,624.3388478522658,-35.17445487536279,-0.3474419950410011,-0.9584485077451109,-0.28526559203866503
612.4798356504431,-34.88047495247436,0.0,1.8733092328201213,73.31748714612223,229.5313493569836,1716.8183271915043,729.2162859527918,0,610.1357731193822,-35.47104612897459,623.5536840347766,-32.09049150192142,-0.3474483728511249,-0.9545908590707787,-0.29791994189465176
611.7003461912429,-31.95146145016433,0.0,1.8865369601633812,73.21831636582168,230.02880344080447,1719.8492880810109,726.1853250632853,0,609.3566154306354,-32.57519139256844,622.7281121302019,-29.016675625119376,-0.3474705432907936,-0.9505666577444752,-0.31052057771506486
610.8818518711989,-29.03258730722923,0.0,1.8997638150173013,73.11972349613941,230.49068623211997,1722.8807496450488,723.1538634992473,0,608.5387431006313,-29.68962873006581,621.8622546798472,-25.953524322472887,-0.3475074883391282,-0.9463764174335684,-0.3230660559786563
610.0244755289256,-26.124379130756594,0.0,1.912990572572364,73.02173584393503,230.91587624245068,1725.9127075916556,720.1219055526406,0,607.6822544555798,-26.814895357520157,620.9562334554936,-22.901559422895502,-0.3475581899752504,-0.9420206439253894,-0.3355549231026042
609.1283466968415,-23.22736595507129,0.0,1.926217993864567,72.92437939397172,231.303341204982,1728.9451541655933,717.0894589787029,0,606.7872480995712,-23.951534546837937,620.0101697449591,-19.8613076088754,-0.3476216301782812,-0.9374998380547048,-0.3479857089700701
608.193601721878,-20.34207885246846,0.0,1.9394468135792264,72.8276789006186,231.65214061007617,1731.9780784694074,714.0565346748888,0,605.8538332630325,-21.10009243368571,619.0241846375355,-16.83330048957935,-0.3476967909273417,-0.9328145012917487,-0.3603569149882185
607.2203838631181,-17.469050545834172,0.0,1.952677737061452,72.73165798869557,231.96142803784895,1735.0114667813996,711.0231463628966,0,604.8821865526063,-18.261098217150163,617.9983993074076,-13.818074644151633,-0.3477826542015533,-0.927965138810228,-0.37266701108753136
606.2088433684509,-14.608815023369363,0.0,1.965911442733204,72.63633925343098,232.23045327551827,1738.0453028706306,707.9893102736655,0,603.8725405616789,-15.435063378895675,616.9329353036813,-10.816171663821304,-0.3478782019800374,-0.9229522606918649,-0.38491443787389423
605.1591375328258,-11.76190715519632,0.0,1.979148583952288,72.54174435304998,232.4585642083136,1741.07956830912,704.9550448351761,0,602.8251413312406,-12.622493288144504,615.8279148485232,-7.828138193976255,-0.3479824162419151,-0.9177763831694451,-0.3970976082733461
604.0714307384183,-8.928862312242174,0.0,1.9923897895431368,72.44789409247593,232.6452084738584,1744.1142427814134,701.9203703628827,0,601.7402362458196,-9.82389088723673,614.6834611410644,-4.85452596697593,-0.3480942789663076,-0.9124380302725572,-0.409214907979091
602.9458944761743,-6.110215988081874,0.0,2.005635664309833,72.35480849857092,232.7899348711645,1747.1493043917153,698.8853087525808,0,600.6180738414635,-7.039756709068653,613.4996986658948,-1.895891821785068,-0.3482127721323364,-0.9069377354370989,-0.42126469593383536
601.7827073485706,-3.306503424323465,0.0,2.018886790005987,72.2625068871446,232.8923945166651,1750.1847299687968,695.8498831754994,0,599.4589036434274,-4.270588898647893,612.2767535064556,1.0472022889925423,-0.3483368777191223,-0.9012760428737275,-0.43324530527390004
600.5820550537502,-0.5182592400044876,0.0,2.032143726468325,72.1710079217364,232.95234174104223,1753.220495368897,692.8141177753992,0,598.2629760108007,-1.5168832451927063,611.0147536636456,3.9741893043471728,-0.3484655777057872,-0.8954535087869718,-0.44515504445204324
599.344130351137,2.2539829345437306,0.0,2.045407012672666,72.08032966439468,232.96963472199656,1756.256575776871,689.7780373674252,0,597.0305419883722,1.220866775991783,609.7138293793946,6.88449707345958,-0.3485978540714518,-0.8894707025417555,-0.45699219831401483
598.0691330085513,5.00969081886392,0.0,2.058677167714024,71.99048961883551,232.9442358495411,1759.2929460058294,686.7416671384667,0,595.761853165995,3.942169952592344,608.3741134648103,9.777548388923169,-0.3487326887952376,-0.8833282077832656,-0.46875502912971917
596.7572697308083,7.748333838059493,0.0,2.0719546918083878,71.90150476624045,232.8762118218301,1762.32958079554,683.7050323487563,0,594.457161545627,6.646537276103123,606.9951384623645,12.652472105494848,-0.3488690638562658,-0.8770266234698296,-0.480441777664172
595.4087540698075,10.46938347248584,0.0,2.085240067325031,71.81339159394189,232.765733471019,1765.3664551098598,680.6681580344364,0,593.1167194161432,9.333481875205871,605.5761297216404,15.508198319633973,-0.3490059612336577,-0.870566564812967,-0.4920506642915443
594.0238063161864,13.172313600941074,0.0,2.098533759777771,71.72616611770975,232.6130753201045,1768.4035444334672,677.6310687108289,0,591.7407792359386,12.002518942559584,604.1187573661003,18.34484086396851,-0.3491423629065346,-0.8639486641585971,-0.5035798900855509
592.6026533726192,15.856600836879805,0.0,2.1118362186381114,71.63984389868857,232.41861487317107,1771.4408250681854,674.5937880761107,0,590.3295935232816,14.653165655822942,602.6231819657854,21.161809428425187,-0.3492772508540176,-0.8571735718838193,-0.5150276377670765
591.1455286087601,18.52172485708121,0.0,2.125147878155573,71.55444005431028,232.1828316428899,1774.4782744291635,671.5563387151326,0,588.8834147543868,17.284941093589737,601.0896575698504,23.95855873587333,-0.349409607055228,-0.8502419572264447,-0.5263920726718295
589.6526716975951,21.16716872206412,0.0,2.138469158762881,71.46996925985978,231.90630592056215,1777.515871341196,668.5187418031003,0,587.4024952691979,19.897366146799484,599.5185458740001,26.73460435881504,-0.3495384134892871,-0.8431545087364347,-0.5376713442219341
588.1243284331842,23.79241918760192,0.0,2.151800468936114,71.38644574104327,231.58971729534028,1780.5535963354434,665.4810168088527,0,585.8870871846262,22.48996342653025,597.9102179014592,29.48947493578303,-0.3496626521353162,-0.8359119343751237,-0.5488635877604188
586.560750530731,26.396967007233485,0.0,2.1651422053882685,71.30388327018656,231.23384293059829,1783.5914319468266,662.4431811974696,0,584.3374423145327,25.062257169699304,596.265043252049,32.22270671668432,-0.3497813049724365,-0.8285149624164276,-0.5599669249626316
584.9621954099632,28.98030722578505,0.0,2.178494750327077,71.22229517546582,230.83955560670117,1786.6293630123575,659.4052501319386,0,582.7538120960583,27.61377314339459,594.5833896518428,34.9338433542479,-0.3498933539797693,-0.8209643440057471,-0.570979461864622
583.3289259595515,31.541939461904597,0.0,2.1918584723549,71.14169432616171,230.40782154058,1789.6673769706492,656.3672361736469,0,581.1364475237095,30.14403854566237,592.8656225135038,37.62243568606678,-0.3499977811364357,-0.8132608537728565,-0.5818992900155872
581.6612102775431,34.08136817538524,0.0,2.2052337407775213,71.06209303103236,229.93969799367983,1792.70546416276,653.3291489815363,0,579.4855990927418,32.65258190090355,591.112104499385,40.28804151852679,-0.3500935684215571,-0.8054052824274461,-0.5927244984290473
579.9593213920369,36.59810292056572,0.0,2.218620937856409,70.9835029301592,229.43633068085813,1795.7436181345342,650.2909950097619,0,577.8015167466724,35.13893295834704,589.3231951082303,42.93022537939468,-0.3501796978142548,-0.7973984296637384,-0.603453183246061
578.2235369830842,39.09165859952501,0.0,2.2320204224133047,70.9059351639765,228.89895099375232,1798.7818359408202,647.252777203476,0,576.0844498177817,37.60262260876956,587.4992503309837,45.54855817752801,-0.3502551512936499,-0.7892411261666331,-0.6140834184109067
576.4541391079206,41.56155571801224,0.0,2.245432463194504,70.82940075568293,228.32887305299235,1801.8201184518032,644.214494692493,0,574.3346469694901,40.04318280357207,585.6406223353574,48.14261684043187,-0.3503189108388638,-0.7809342768334505,-0.6246132045247007
574.6514138584821,44.00732059390632,0.0,2.258857320610326,70.75391016231812,227.72749060438096,1804.8584706619856,641.1761424823105,0,572.5523561862797,42.46014641416279,583.7476589800444,50.71198420132996,-0.3503699584290177,-0.7724788139130198,-0.6350405357577846
572.8156508935854,46.42848546278692,0.0,2.2722955456332485,70.67947142690515,227.096273774791,1807.896901998315,638.1377111459813,0,570.7378248140047,44.85304703915154,581.8207031548252,53.25624909450798,-0.3504072760432328,-0.7638755048022537,-0.6453636286335805
570.9471430384473,48.82458862679547,0.0,2.285747927821344,70.6060901578495,226.43676570407047,1810.93542663657,635.099186507726,0,568.8912994781241,47.22141898906893,579.85928534938,55.77437616692285,-0.3504298456606303,-0.7551249715371637,-0.6555808701914644
569.0461863255294,51.19517491662172,0.0,2.2992144068000653,70.53377568276183,225.75057906967763,1813.9740637952157,632.0605493490807,0,567.0130257655466,49.5647975574316,577.8634997287604,58.265717413094585,-0.3504366492603317,-0.7462284039260152,-0.6656899947979028
567.113079959241,53.539796269415454,0.0,2.312693526759219,70.4625453347017,225.03939252105985,1817.012838138822,629.0217750054742,0,565.1032481056139,51.88271899901261,575.8347616951173,60.7306966117138,-0.3504266688214581,-0.7371879714855826,-0.6756877198062518
565.1481250543314,55.85801081140456,0.0,2.326185606583121,70.39240590957837,224.3049470410244,1820.051779803451,625.9828333408452,0,563.1622109617485,54.1747189649124,573.7733918089316,63.16892182012528,-0.3503988863231307,-0.7280047189809374,-0.6855721181184998
563.1516212446118,58.14938179500602,0.0,2.339697696810734,70.32332567873674,223.549042251412,1823.090925809604,622.9436873346922,0,561.1901591125933,56.44033221411251,571.6796964115175,65.58001379748599,-0.3503522837444709,-0.7186750312486003,-0.6953461004850917
561.1238714172216,60.413476462213865,0.0,2.353233071711988,70.25527741863577,222.77353268040463,1826.13031621305,619.9042969312461,0,559.1873558181361,58.67911030312271,569.5539848367462,67.96358524472404,-0.3502858430645999,-0.7091977165543907,-0.7050096444971785
559.0651783886151,62.64988445871536,0.0,2.3667781473984384,70.18836701282892,221.98032400865733,1829.170009900389,616.8646032439071,0,557.1541442191449,60.89070959962358,567.3965772087819,70.31923311801596,-0.3501985462626388,-0.6995835426308814,-0.7145508147640907
556.9759937577733,64.85812315452681,0.0,2.380248892176974,70.12276692494987,222.76792066660505,1832.20991295138,613.824700192916,0,555.091010164563,63.07476578478522,565.2080114219036,72.64632323332302,-0.3500897715277071,-0.689894829488461,-0.7239096105489189
554.8569034772856,67.03776338532113,0.0,2.3936780356375174,70.05846037126048,223.757729063455,1835.2498759696675,610.7847371746286,0,552.998447824592,65.2309352424467,562.9890555089733,74.94400593229275,-0.3499612122449633,-0.6801114281365916,-0.7331087540863264
552.7083592958312,69.18846083214481,0.0,2.407075846498759,69.99544320036067,224.71819695717485,1838.289899260275,607.7447138840212,0,550.8769477523242,67.35888288687794,560.7399446586949,77.21200501997131,-0.349815400300991,-0.6702286300093587,-0.7421546897485578
550.5307991869923,71.30987694451612,0.0,2.4204483774526104,69.93373088253622,225.64699393007564,1841.329993724175,604.7046194201212,0,548.7269692675974,69.45830805489649,558.460997169801,79.4499503048791,-0.3496548687440424,-0.6602445134508834,-0.7510507189651084
548.3246759351838,73.40167510621328,0.0,2.4337979024382657,69.87333095548887,226.5418559474361,1844.3701580867464,601.6644550575497,0,546.5489662902357,71.52891586590388,556.1525878938123,81.6574135905752,-0.3494821506223697,-0.6501598107501869,-0.7597974864957643
546.0904493917279,75.46352233831293,0.0,2.447122100701024,69.81425005722446,227.40059070529043,1847.410385422983,598.6242277213132,0,544.3433963992713,73.57040818911595,553.8150866626644,83.8339725640165,-0.349299778984225,-0.639978705981883,-0.7683926443490688
543.8285867034157,77.49508784264,0.0,2.4604201870749,69.75649894412655,228.2210829318756,1850.450661926716,595.5839512175803,0,542.1107200697857,75.58248476199687,551.4488686091324,85.97920084822621,-0.3491102868778604,-0.6297042695913877,-0.7768349456984907
541.5395617592723,79.49604364941938,0.0,2.473692703757078,69.70009228119831,229.00129961672064,1853.4909677231112,592.5436454211849,0,539.8513998517311,77.56484421811656,549.0543168463421,88.09266621607065,-0.3489162073515278,-0.6193385540868996,-0.785124038239531
539.2238555953824,81.46606553844734,0.0,2.4869400817187257,69.64504667094134,229.73929514117808,1856.531277128538,589.5033360157581,0,537.5658999695796,79.51718462320952,546.6318254271721,90.17392888602168,-0.3487200734534797,-0.6088836794124634,-0.7932595192905917
536.8819562607571,83.40483363617571,0.0,2.500162295813248,69.5913803433827,230.4332162842644,1859.571559061236,586.4630540830606,0,535.2546867305476,81.43920327815681,544.1804793690079,92.22095064933826,-0.348524418231968,-0.5983421139680561,-0.8012407345188073
534.5143585236281,85.31203277887052,0.0,2.513359263090825,69.53911364204,231.08130707792165,1862.611777411084,583.4228357332122,0,532.9182287699376,83.33059669891173,541.7018260570193,94.23455769344278,-0.3483317747352448,-0.5877163702781026,-0.8090670356077623
532.121563613248,87.18735293240391,0.0,2.5265310163372776,69.48826917977355,231.68191348614428,1865.6518914157537,580.3827217285425,0,530.5569970661269,85.19106079857885,539.1965206071608,96.2145694608967,-0.3481446760115622,-0.5770088648605833,-0.8167378832111934
529.7040790098503,89.03048967624107,0.0,2.5396776171818547,69.43887169076248,232.23348788304864,1868.6918560313616,577.3427571129346,0,528.1714649425335,87.02029107156471,536.6650052633865,98.16054044408452,-0.3479656551091725,-0.566221984805733,-0.8242527912738035
527.2624182085701,90.84114467240812,0.0,2.552799074412292,69.39094800100497,232.73459330567653,1871.7316223025823,574.3029908417136,0,525.7621081353569,88.81798272091264,534.1077863518526,100.07209540635048,-0.3477972450763277,-0.5553581541403185,-0.8316112797634831
524.7971004459291,92.61902610057318,0.0,2.5658953399453885,69.34452716703987,233.18390745824155,1874.7711377316284,571.2634754126677,0,523.3294048729744,90.5838307783017,531.525450575934,101.94896274651067,-0.3476419789612798,-0.5444198386601492,-0.8388128750044656
522.3086503976374,94.363849067297,0.0,2.5789663478531377,69.29964046705132,233.5802264456468,1877.8103466464693,568.2242664978266,0,520.8738359441679,92.31753023488857,528.9185949196752,103.79088956296142,-0.3475023898122811,-0.5334095143988405,-0.8458571332966301
519.7975978484492,96.07533598757377,0.0,2.592012068916219,69.25632113216368,233.9224682153615,1880.849190568599,565.1854225756972,0,518.3958847627924,94.01877617676334,526.2878153630741,105.59762741837798,-0.3473810106775835,-0.5223296211176871,-0.8527436701043599
517.2644773596952,97.75321697393466,0.0,2.6050324771869,69.21460448486366,234.2096756881369,1883.8876085804825,562.1470045638139,0,515.896037397862,95.68726394560473,523.6337068276979,107.36893214927947,-0.3472803746054395,-0.511182589184971,-0.8594721406271114
514.7098279691313,99.3972302919802,0.0,2.6180273543234605,69.17452907085642,234.44101955966931,1886.925537693977,559.1090754503191,0,513.3747825501742,97.32268933268408,520.9568633563661,109.1045635414474,-0.3472030146441008,-0.49997100836593106,-0.8660421414651565
512.1341928559807,101.00712278733891,0.0,2.6309962576818906,69.13613706342508,234.6158007569896,1889.962913219444,556.071699924852,0,510.8326116015766,98.92474872129004,518.2578779464027,110.80428526013696,-0.3471514638418198,-0.4886976612856449,-0.8724532055382346
509.538118814392,102.58265003874465,0.0,2.643939102073184,69.09947127046402,234.7334525352316,1892.99966914466,553.0349439996362,0,508.2700188510509,100.49313911849111,515.5373414355561,112.46786535483656,-0.3471282552468485,-0.4773650184075339,-0.8787050922811218
506.922155694054,104.1235763928126,0.0,2.656856542678181,69.06457269416546,234.7935422024099,1896.0357384909744,549.998874653322,0,505.6875016161178,102.02755828933256,512.7958420710047,114.09507626493226,-0.3471359219074388,-0.4659748871527618,-0.88479794560282
504.28685622168376,105.6296757981655,0.0,2.669748422806338,69.03148886084647,234.79577246184508,1899.071053751022,546.9635593932742,0,503.0855595612495,103.52770534113527,510.03396830985895,115.68569295068022,-0.3471769968718433,-0.454529771954343,-0.8907315456450012
501.6327764310515,107.10073319396749,0.0,2.682611623007408,69.00028571461587,234.7399823641117,1902.1055470195568,543.9290661247389,0,500.4646943478904,104.9932810581332,507.2523117193955,117.23949126289205,-0.3472540131883138,-0.44303482655662163,-0.8965044018062288
498.9604737690982,108.53654428867873,0.0,2.6954444356399194,68.97102893466587,234.6261478625392,1905.13915131425,540.8954618300461,0,497.8254105552241,106.42398751913304,504.4514578267945,118.75625311261442,-0.3473695039051024,-0.4314939900821697,-0.9021158110370134
496.27050760949663,109.9369105644859,0.0,2.708252524436284,68.94373865330984,234.45438196859104,1908.1717976250188,537.8628155192773,0,495.16822072850096,107.81952566363763,501.6311968776533,120.23426845763343,-0.3475260020704614,-0.419904534384327,-0.9075682795269354
493.56338581532617,111.30165265200938,0.0,2.721060512390118,68.91842743290259,233.69276961416944,1911.2034686780737,534.8311444662224,0,492.4936033969713,109.179617048195,498.792608368828,121.67441280249378,-0.3477253518267333,-0.408246287547116,-0.91287182490424
490.8395339180834,112.6306004552244,0.0,2.7338564818186737,68.89517560690199,232.84518835603035,1914.2342229442231,531.800390200073,0,489.80198547831486,110.50400956933116,495.9362773115101,123.0770409612844,-0.3479655638118477,-0.39653210433015856,-0.9180208550112009
488.0993981482193,113.9235987471752,0.0,2.7466368741957563,68.87405246714953,231.98066497574655,1917.264105552556,528.7705075917404,0,487.0937697610876,111.79246034434485,493.06273449190206,124.44195405967356,-0.348243323012431,-0.3847673729646415,-0.923013579911958
485.3434249546469,115.18050374476012,0.0,2.75939778494762,68.8551264904796,231.1008977753304,1920.2931645510969,525.7414485931993,0,484.3693668326307,113.04471935499608,490.17246358803135,125.76897387568071,-0.3485553131423942,-0.3729578712193959,-0.9278482776270571
482.5720541046411,116.40118102163228,0.0,2.772136656636506,68.83847838816848,230.20762557521564,1923.321456050034,522.7131570942622,0,481.6291854664229,114.26053442416452,487.2659229601644,127.05792999731588,-0.3488982179156485,-0.3611081895653244,-0.9325239275369044
479.78571958173313,117.58550556109132,0.0,2.7848539351434347,68.8241868666491,229.30262470827148,1926.349043321825,519.6855698224708,0,478.87363000213634,115.4396522928849,484.3435653283516,128.30864987733827,-0.3492687210461048,-0.3492201422532632,-0.9370407100252425
476.9848485391007,118.7333613875841,0.0,2.797551863105307,68.81231685242086,228.3877060298168,1929.375997499852,516.6586156444446,0,476.10310089664057,116.58181815220944,481.40583335717525,129.5209603796086,-0.3496635062476741,-0.33729383327278234,-0.9413994210940182
474.1698615814115,119.84464322465018,0.0,2.810229280034658,68.80294640897328,227.4647119553996,1932.4023978192663,513.6322153250298,0,473.3179931298585,117.6867760654788,478.4531684622389,130.6946837842461,-0.3500792572342677,-0.32533253594498207,-0.9455996727239319
471.3411733565218,120.91926004281808,0.0,2.822876714744883,68.79619999746897,226.53551353779588,1935.4283321178789,510.6062810264175,0,470.51869473917634,118.7542691914046,475.4860177986716,131.8296352289219,-0.3505126577197964,-0.3133474252929829,-0.9496385581168545
468.4991906748986,121.95713140779635,0.0,2.8354896761187973,68.7921817139146,225.60200759428483,1938.4538969466155,507.5807161976809,0,467.7055925340651,119.7840372763628,472.5048075031655,132.92563293822533,-0.3509603914181712,-0.3013450640331947,-0.9535151558223025
465.6443062129349,122.958175536686,0.0,2.848090264503936,68.79085965770689,224.666113894807,1941.4791993511933,504.5554137931029,0,464.8790775418508,120.77581475969367,469.5099073008494,133.98250919346313,-0.3514191420433035,-0.28930660728706464,-0.9572364843548579
462.77690524413407,123.92231326440864,0.0,2.8606934849405645,68.79220563695843,223.7297724211619,1944.5043522190492,501.5302609252467,0,462.0395358063764,121.7293342123547,466.5017050086959,135.00008166449183,-0.3518855933091041,-0.2772196876506166,-0.9608065595003474
459.8973591539663,124.8495066243959,0.0,2.8732516491870013,68.7965569259377,222.7949407068301,1947.529492416165,498.50512072813103,0,459.18731053766896,122.64433798846429,463.4806955385176,135.97812630738505,-0.352356428929484,-0.2651321786905719,-0.9642120761651923
457.0062740307975,125.73976959431296,0.0,2.885590399823349,68.80431070637276,225.14380814931968,1950.5545447041447,495.4800684401509,0,456.3228913682049,123.52051807424031,460.44789323221886,136.91625834995347,-0.3528241074711388,-0.2532151259629249,-0.9674099958050775
454.104400162149,126.59334060136652,0.0,2.8977797490887904,68.8154127538397,227.8911444614405,1953.5793513779056,492.4552617663903,0,453.4467602840295,124.35757115567765,457.40488432788095,137.81395221455443,-0.3532581412704237,-0.24140450850252243,-0.9704245788698138
451.1922640101126,127.4104315022327,0.0,2.9098381018067325,68.82988960033265,230.66385543507295,1956.603946310831,489.4306668334653,0,450.5594809013261,125.1551737756546,454.3518091679851,138.67114394986672,-0.3536202899765369,-0.22968551985930324,-0.9732648981479614
448.27037827549486,128.19124566115434,0.0,2.921786396671177,68.84781404844081,233.45713621978408,1959.6283614603988,486.4062516838974,0,447.6615694860552,125.91302145549903,451.288926466811,139.48695898638866,-0.3538723071806421,-0.21804054560732933,-0.9759397114941364
445.339274304785,128.93600491504867,0.0,2.933626711962257,68.86920703107461,236.26604255165117,1962.6526029906624,483.3820101536337,0,444.75355221748697,126.6308139062299,448.2167166666685,140.2605808613073,-0.3539759464739037,-0.20647009800711394,-0.9784529107877051
442.3994922725332,129.64494357655508,0.0,2.94534877353865,68.89405312748333,239.08549175,1965.6766586156352,480.3579545286609,0,441.83601312739455,127.30834387284108,445.136142298192,140.9931109298467,-0.3538929614474855,-0.1949866903716982,-0.9808058883274975
439.4515806921444,130.31830383868453,0.0,2.956951130282279,68.92233182500816,241.91026438834757,1968.7004966947009,477.3341164495955,0,438.9096026102805,127.94557180547731,442.0478059727901,141.68434814000747,-0.3535851056925516,-0.18359416198046366,-0.9830021280173769
436.4960957184508,130.956338834441,0.0,2.9684345564566783,68.9540321554837,244.73500666629195,1971.7240674455743,474.31054569872185,0,435.97499813619294,128.54252754754538,438.9523432989215,142.3340890582285,-0.3530141328002661,-0.1722940726439697,-0.9850455586071918
433.5336012452217,131.55931667595885,0.0,2.979795272998007,68.98913412435856,247.55423350883623,1974.7473034240045,471.28730972029166,0,433.0328858491425,129.0992485085927,435.85042710122514,142.94212931226906,-0.3521417963617929,-0.16109237147286845,-0.9869393334208781
430.5646664573835,132.12751693454936,0.0,2.9910351484842623,69.02756124579281,250.36233241919027,1977.7701208694184,468.26449227487774,0,430.0839646800577,129.61577532989295,432.7427364159564,143.50827147062338,-0.3509298499682959,-0.14998935414561676,-0.9886876117576172
427.5898663499805,132.6612269071775,0.0,3.002162720435007,69.06918501197691,253.1535681104236,1980.7924183421844,465.2421948021117,0,427.1289477707611,130.0921524860755,429.6299592213426,144.0323250767602,-0.3493400472109394,-0.1389786026916741,-0.9902953842131497
424.6097749084468,133.1607508929339,0.0,3.0131752905387104,69.11393920109458,255.92208794045425,1983.8140849704291,462.2205281738668,0,424.1685446389448,130.52843175034525,426.51282767583984,144.51410213653412,-0.3473341416808873,-0.12806469843481225,-0.9917658156111253
421.6249941398858,133.6264220431251,0.0,3.024030369491878,69.16182965339901,259.24973197956086,1986.8349732266367,459.1996399176594,0,421.2034796930186,130.9246694991605,423.392176716681,144.95341227558444,-0.3448746531496711,-0.1172916685942909,-0.9930975100554663
418.6360366502757,134.05866478971262,0.0,3.0347050528006503,69.21275619661245,263.5471981365287,1989.8550230054773,456.17959013881887,0,418.2343416735981,131.28094505107475,420.2689233447357,145.35007211493132,-0.3419528047664476,-0.1066841859445241,-0.994292957065147
415.64319653314334,134.45797149383716,0.0,3.0452231203169893,69.26654056043013,268.0179624850714,1992.8743835024493,453.16022964184685,0,415.2615314232473,131.597356732282,417.1436432573759,145.70395635589546,-0.3385964922970964,-0.09622043715071531,-0.9953600491653888
412.64671587401006,134.82480625214117,0.0,3.055587977806953,69.32303463574387,272.664752880395,1995.8932349529944,450.1413781913016,0,412.2854715330003,131.87399077854303,414.01663653258527,146.0149693025187,-0.3348360015901988,-0.08589868836352647,-0.9963038770061199
409.646849013324,135.15963385970232,0.0,3.065811692483992,69.38206428203019,277.49052057344375,1998.9117297283133,447.1228834159826,0,409.3065700270024,132.11092571436953,410.88837309704894,146.28299068991873,-0.330701618494337,-0.07570845002584393,-0.997129996838268
406.6438525482192,135.46291409021447,0.0,3.075895201775198,69.44342652498945,282.49845542523354,2001.930001861116,444.10461128318025,0,406.3252529530852,132.3082295387168,407.759313610972,146.50789919442596,-0.3262236288580939,-0.0656502019465313,-0.9978426985173463
403.6379876443249,135.73509935345407,0.0,3.085839730895406,69.50690004682173,287.69200291203856,2004.9481649842733,441.08644816002266,0,403.3419626166301,132.46596115386316,404.6299388233588,146.6896646372102,-0.3214323185300504,-0.05572404356020526,-0.998446208350405
400.629519274964,135.97663096704343,0.0,3.0956510441198724,69.57225312243844,293.0748831012821,2007.966313332153,438.0682998121431,0,400.3571593528004,132.5841714925505,401.5007691600192,146.82874130591793,-0.316357973358789,-0.045925450207457454,-0.998944869861817
397.6187166951952,136.18793838666005,0.0,3.105336571182177,69.63924244848788,298.6511118007209,2010.984521906776,435.05009123752006,0,397.3713189593676,132.66290484732684,398.3723384993731,146.92587875953302,-0.3110308791928919,-0.03624813980505654,-0.9993428202377166
394.6058537224983,136.3694385775937,0.0,3.114902333717903,69.70761394383283,304.42502410943644,2014.002846874628,432.0317662696684,0,394.3849327852582,132.7021999467115,395.2451650544895,146.98186510052588,-0.3054813218809415,-0.026687151073443223,-0.9996438345568802
391.59120906172006,136.521534841812,0.0,3.124353503389859,69.77710902721807,310.4013006291531,2017.0213259128768,429.0132872314196,0,391.398508693401,132.7020910213568,392.1197466824198,146.99748653235477,-0.2997395872715188,-0.017238296333666657,-0.9998514095301925
388.575066663069,136.6446159137269,0.0,3.133695432902612,69.8474732003988,316.5849966288736,2020.0399785790848,425.9946345652115,0,388.4125711223234,132.66260891290156,388.9965631260309,146.9735262249739,-0.2938359612132063,-0.007897138600968613,-0.9999688171147724
385.55771613082624,136.7390560558594,0.0,-3.140252236856343,69.918465114314,322.9815744956568,2023.0588066919245,422.97580645237167,0,385.4276600916302,132.58378214130818,385.8760421503587,146.90953190198238,-0.2878007295545868,0.001340416332058877,-0.9999991016416249
382.5394531075249,136.8052159946531,0.0,-3.1311154335465976,69.9898663894636,329.5969398504874,2026.0777947368376,419.9568184074585,0,382.44433011121225,132.4656378802983,382.7586996638675,146.80739837360437,-0.2816641781442414,0.010477028359770438,-0.9999451144321615
379.5205795800514,136.84344429583234,0.0,-3.1220776610636367,70.06149091419363,336.43748176155674,2029.0969102990327,416.93770284526295,0,379.4631493584617,132.30820285726708,379.6449899567334,146.6680815703909,-0.2754565928307522,0.0195137538845965,-0.9998095885764106
376.5014040847123,136.8540789520779,0.0,-3.113138067450452,70.13319040703554,343.5101175494126,2032.1161045239169,413.9185086203795,0,376.4846989768674,132.11150419575452,376.5353536319671,146.49234452292416,-0.2692082594627022,0.028450746521614678,-0.9995951955778714
373.482241805986,136.83744901346503,0.0,-3.104295903742408,70.20485391963658,350.82234275067003,2035.1353126022284,410.89930054206775,0,373.5095724799364,131.87557021377475,373.4302258003909,146.28094520658703,-0.2629494638886721,0.03728810352336824,-0.999304556847226
370.4634145765538,136.79387605195683,0.0,-3.095549958511076,70.27640198632614,358.3822868913855,2038.1544542756408,407.88015886865537,0,370.5383750126052,131.60045798604708,370.3300358619612,146.0346364111766,-0.2567104919572447,0.04602642892296949,-0.998940222355972
367.4452507980388,136.7236753247847,0.0,-3.0868983629266133,70.34777843860503,366.1987758199743,2041.1734343577275,404.86117878656887,0,367.5717068242375,131.2869083107913,367.23520608826254,145.75419908789155,-0.2505216295170019,0.05466702539502143,-0.9985046401166396
364.4280853054024,136.6271566264807,0.0,-3.078338682002677,70.41894267600763,374.2814014654281,2044.1921432653692,401.8424698789268,0,364.6101174005354,130.9368503372479,364.1461411439184,145.4407047765022,-0.2444131624165264,0.06321179948352232,-0.9980001344719623
361.4122591955305,136.504624843509,0.0,-3.069868054243261,70.48986342332879,382.6406000230618,2047.2104575569608,398.8241555873356,0,361.654080045964,130.55278429274426,361.063203239977,145.095800447373,-0.2384153765043989,0.07166311827441667,-0.9974288934451353
358.39811963989075,136.35638021459374,0.0,-3.0614831959594904,70.5605140215292,391.28773973098345,2050.22824047342,395.806372670876,0,358.70399553100697,130.13725019095588,357.9867079751671,144.721284773827,-0.2325585576292024,0.08002380104288068,-0.9967929530582815
355.3860196883142,136.1827184074858,0.0,-3.0531804324755023,70.63086970770988,400.2352195912043,2053.2453424838823,392.7892706604139,0,355.7601944913825,129.69279454355524,354.9169271006298,144.31895621463244,-0.2268729916395193,0.08829708384804753,-0.9960941847957606
352.37631807154725,135.98393066981933,0.0,-3.0449560751694977,70.70090732054541,409.4965806157343,2056.2616018206463,389.7730113236498,0,352.82293921230865,129.22196242564524,351.8540899688418,143.89060933865596,-0.2213889643839304,0.0964862397878033,-0.9953343184737531
349.3693789368672,135.76030417313922,0.0,-3.0368068899643648,70.77060609868155,419.0866314479338,2059.2768450562226,386.7577680880736,0,349.8924251846227,128.72729039806157,348.7983852417841,143.4380316020884,-0.2161367617110186,0.10459410994415164,-0.9945149934339808
346.36557171870203,135.5121223654542,0.0,-3.028730068080319,70.83994671656566,429.0215905322423,2062.2908875266544,383.74372561764176,0,346.9687832627308,128.21130041184125,345.74996217557145,142.96300043937697,-0.2111466694693661,0.1126231314912266,-0.9936377761805908
343.365221966193,135.23965807330987,0.0,-3.020719634739645,70.9089091373947,439.0530145805046,2065.303583234467,380.731029909829,0,344.05203993141185,127.67648678306462,342.7088762983674,142.46727144797492,-0.2064437439125781,0.12057890221247075,-0.9927037465131455
340.36843416710826,134.9431527302128,0.0,-3.0127728562217384,70.97747295650898,449.61526306703865,2068.315003585602,377.7196095586942,0,341.1419430580284,127.12527672642622,339.6749175548801,141.95254453502574,-0.2020265749979824,0.12846380865238546,-0.9917141976731619
337.37525160224425,134.6228356910881,0.0,-3.0048847578827544,71.04562369254633,460.77541115937015,2071.32527680778,374.70933633651657,0,338.23809518447547,126.56004773076992,336.64779709956923,141.42048885399393,-0.1978853998248744,0.13628247002055793,-0.9906700199183862
334.385721896501,134.2789283655746,0.0,-2.997058383172292,71.1133707053162,472.5754841938366,2074.3345225787434,371.7000905655527,0,335.3400463084466,125.9831435224722,333.62718684374227,140.87274857479457,-0.1940104523077517,0.14403157188426816,-0.9895730929550111
331.3998960946281,133.91164909911836,0.0,-2.9893043070033363,71.18074557690262,485.0621300331409,2077.34285264353,368.6917605007661,0,332.44728093241577,125.39685134499663,330.61273398058063,140.31094566997416,-0.1903919663611112,0.1517003901513735,-0.9884265231305366
328.41782835850523,133.5212131258289,0.0,-2.981627591243868,71.24776429829481,498.287251884306,2080.3503712606066,365.6842418836896,0,329.5592739221583,124.80309230506506,327.604050303356,139.7366785251354,-0.1870201758994503,0.15928371511169806,-0.987232848977492
325.43957669782526,133.1078236304616,0.0,-2.9740111743739264,71.31438273279167,512.3087485593793,2083.357175848408,362.677437295888,0,326.67557101304465,124.20314133169454,324.6006951744912,139.15151926855154,-0.1838853148372672,0.16679819935338855,-0.9859910550773101
322.4652042838667,132.67166081822424,0.0,-2.9664182424523737,71.38050664573501,527.1913840214304,2086.3633576885,359.6712554557962,0,323.79577765849314,123.59793736175772,321.6021743943354,138.5570142317254,-0.1809776170890583,0.17427988222030377,-0.9846961575294569
319.49477886639784,132.21288734709108,0.0,-2.958831308118213,71.44609565046781,543.0078132884438,2089.3690024210923,356.6656107232038,0,320.9194742509738,122.98839716015372,318.6079741111147,137.9546914207203,-0.1782873165693217,0.18174561974672734,-0.9833455799986482
316.5283672908012,131.73168656980462,0.0,-2.951311325911271,71.51131556879889,559.8397984500397,2092.3741899067404,353.66042323755573,0,318.0461104664073,122.37540300291307,315.6176437114952,137.34593553892853,-0.1758046471925549,0.1891351524709777,-0.9819510650229878
313.5660242098829,131.22833145704294,0.0,-2.9440279241095624,71.57661257871034,577.779657148857,2095.3789932112195,350.65561993307665,0,315.1749005230426,121.7597803417226,312.6308991567843,136.7317249075261,-0.1735198428732548,0.19628201680156646,-0.9805474847656841
310.60777570450017,130.70327303554453,0.0,-2.937239390423734,71.6426473543147,596.9319970196015,2098.3834766219884,347.6511365223077,0,312.3047522262653,121.14228314635238,309.64763447720605,136.1128355419286,-0.1714231375259191,0.20293392257468854,-0.979192434135625
307.65360007277985,130.15723112973862,0.0,-2.931230736010476,71.71011942599895,617.4158041289511,2101.387692896817,344.6469202474791,0,309.43425585603654,120.52359336778896,306.6678965386573,135.49004776824844,-0.1695047650650452,0.20881385276703626,-0.9779554053700948
304.7034098694252,129.5912637004635,0.0,-2.9262280370190465,71.77952249000951,639.3669726189372,2104.3916804745163,341.64293266977984,0,306.5617588606341,119.90434055843686,303.69185115497464,134.8641653819473,-0.1677549594051308,0.21370363589368271,-0.9768985392587197
301.75703934421824,129.00679611014874,0.0,-2.922325835986608,71.85094474039,662.9413882062059,2107.3954616975643,338.63915144673183,0,303.6855116912461,119.28513801290562,300.7197283435794,134.23600403955572,-0.1661639544606729,0.2175140536586629,-0.9760571891344156
298.81424217180523,128.40559073330027,0.0,-2.919456660399256,71.92404147944039,688.3187123115205,2110.399043409973,335.6355697343233,0,300.8038966379865,118.6665734812425,297.7517367606783,133.6063724294459,-0.164721984146169,0.22031363396968986,-0.9754290864471233
295.87470434732865,127.78964030837908,0.0,-2.917410189953852,71.99819592833732,715.7070598006298,2113.4024210997563,332.6321920445398,0,297.9157594237075,118.0489885349456,294.7879454792309,132.97604601508402,-0.1634192823761169,0.22230935803220322,-0.9749761788532629
292.93807288625504,127.16099346634168,0.0,-2.915892960496701,72.07275968703561,745.3488265594164,2116.4055862950413,329.62902684925484,0,295.02069420973754,117.43233360348452,291.8281700617398,132.3457416194421,-0.1622460830650135,0.22378836416685996,-0.9746377624858996
290.0039932050367,126.52155952920816,0.0,-2.914609794267741,72.14723603749411,777.5280106793101,2119.4085347354408,326.6260784088554,0,292.1190210048211,116.81663188589556,288.87192779332486,131.71610728374836,-0.1611926201273566,0.22503880185046862,-0.9743498025153521
287.07214300058206,125.8729568942682,0.0,-2.913337341300855,72.22133314594835,812.5794937408378,2122.411271986585,323.6233411577109,0,289.211609328106,116.20202055840892,285.91849643127927,131.0877351697095,-0.1602491274776435,0.22627843362864222,-0.9740626624989627
284.1422537505153,125.21644193164502,0.0,-2.911954406728785,72.2949120287311,850.9009229737435,2125.413814727964,320.6207984163325,0,286.2995926320438,115.58868878419798,282.96703700325315,130.4611889828681,-0.1594058390303716,0.2276252817509696,-0.9737488028787464
281.2141177567116,124.5529153153372,0.0,-2.9104255066143483,72.3679134377433,892.9680862103556,2128.4161884503305,317.6184246939656,0,283.3840968986937,114.9768201365216,280.0167171044514,129.83703182658874,-0.1586529887000384,0.2291137797860735,-0.9733996486090072
278.28758403359376,123.88298038496382,0.0,-2.908767682377905,72.44031234329421,939.3550391224148,2131.4184230253563,314.6161901189398,0,280.4660607371842,114.3665553576394,277.06679749825645,129.2158460147671,-0.1579808104011412,0.23072718973016396,-0.9730184807696208
275.3625484512802,123.20701757416444,0.0,-2.907012527219163,72.51209916037179,990.7607914789762,2134.4205487521344,311.6140643921617,0,277.5461789691045,113.75798153073352,274.11666073072,128.59824007336778,-0.1573795380481777,0.23243463187391056,-0.9726120202350163
272.43894071355345,122.52526477490156,0.0,-2.905210391594211,72.58327103120898,1048.0451892740389,2137.422592902942,308.612020241354,0,274.6248847931209,113.1511294106302,271.16582566195353,127.98485220878982,-0.156839405555645,0.23418703225804544,-0.9721915623590699
269.5167291196765,121.83783430569449,0.0,-2.903322467533412,72.65383275923328,1076.798952080234,2140.4245724580665,305.6100406862297,0,271.7025656834814,112.54601900917636,268.2138442429243,127.37629304861832,-0.1563507628037317,0.23602203765871768,-0.9717477027188831
266.5959624350382,121.14464396718078,0.0,-2.9013466625384803,72.72377234608057,1062.30971530931,2143.4264703363265,302.60814280796967,0,268.7798694406269,111.9427228354634,265.26027289778096,126.7725895467536,-0.1559076110394266,0.2379415596824561,-0.9712794727450386
263.6767043107476,120.4456222395123,0.0,-2.8993715461114515,72.79307314287773,1048.1629134256325,2146.428253035322,299.60636010897406,0,265.85678079233526,111.34117565574608,262.30520760275687,126.1732738256709,-0.1555082512309313,0.23985948436204854,-0.9708076162461706
260.7589819570355,119.74081548713718,0.0,-2.8973796311109066,72.86174105312054,1034.3466379393583,2149.429895301073,296.6047178432227,0,262.93292508553435,110.74123873741816,259.34899527709086,125.57780504583133,-0.1551512310699427,0.24179277348859401,-0.9703279109088295
257.84283291215735,119.03022675463322,0.0,-2.895372159798249,72.92977630427063,1020.8495888879592,2152.4313718708145,293.6032412734817,0,260.0084453233689,110.14287986091423,256.39167130606063,124.98557523964332,-0.154835098248158,0.24374019042014008,-0.9698405639969664
254.92829308897797,118.3138527687236,0.0,-2.8933435529740894,72.99718020638815,1007.6610372199024,2155.43266060544,290.6019525388565,0,257.0833612579452,109.54604136900356,253.43334503102585,124.39599105708363,-0.1545584004572741,0.24570711273199816,-0.9693441157570953
252.01540027193136,117.5916752523863,0.0,-2.8912899017279816,73.0639537467296,994.7707899268684,2158.4337412322648,287.6008719120314,0,254.15771711475745,108.95067051029008,250.47410816724047,123.80845519798044,-0.1543196853889881,0.24769728795128576,-0.9688374752978839
249.1041931524257,116.86366383885704,0.0,-2.8892073534476537,73.13009821091383,982.1691576932268,2161.434595695728,284.600017448568,0,251.2315437612542,108.35671171830845,247.5140584377177,123.222371156356,-0.154117500734997,0.24971440017867338,-0.9683195331828256
246.1947116575393,116.12977595947208,0.0,-2.8870926608026646,73.19561509373553,969.8469248537324,2164.435207964681,281.5994051796147,0,248.30486835994745,107.76410860152085,244.5532930722549,122.63714191195209,-0.1539503941869978,0.25176153849547833,-0.9677892992456518
243.28699686347016,115.3899576899769,0.0,-2.8849429144366927,73.26050609628369,957.7953214697836,2167.4355640094745,278.5990491348216,0,245.3777111742561,107.17280331260189,241.59191086675983,122.05217033473524,-0.1538169134366876,0.25384145667573255,-0.9672458399356092
240.3810910016216,114.644144423373,0.0,-2.882755437610842,73.32477304755598,946.0059973524536,2170.435651725953,275.5989614183427,0,242.45008605492248,106.5827366652352,238.63001186280863,121.46685911871212,-0.1537156061757633,0.2559566755256941,-0.966688253913243
237.4770374345118,113.89226156606637,0.0,-2.88052766438249,73.38841783220239,934.4709978760052,2173.435460878509,272.5991522657873,0,239.52200028841145,105.99384811939257,235.6676975298156,120.88061081925888,-0.1536450200959221,0.2581096008037359,-0.9661156421324189
234.57488065459944,113.13422513217854,0.0,-2.878257073791676,73.45144232368716,923.182741440034,2176.4349830421697,269.5996301021264,0,236.59345482987345,105.406075841937,232.70507068833365,120.29282784328376,-0.1536037028888608,0.260302586653202,-0.965527090962057
231.67466630059985,112.36994223798092,0.0,-2.8759411560205184,73.51384833181822,912.1339984509158,2179.434211549888,266.6004015944086,0,233.6644457300641,104.8193521273863,229.74223544899476,119.70291244637544,-0.1535902022462767,0.26253796793992257,-0.964921662825525
228.77644119521767,111.59931149659948,0.0,-2.873577402329999,73.57563756323395,901.3178717048484,2182.4331414425374,263.6014717017588,0,230.7349933839613,104.23349435641812,226.77929715274507,119.11026673384148,-0.1536030658598667,0.26481806951453457,-0.9642983926454483
225.88025340113572,110.82222333126296,0.0,-2.871163306450329,73.63681159249239,890.7277780649885,2185.4317694213464,260.60284372294973,0,227.8053038470972,103.64760936429944,223.8163623559715,118.51429267416816,-0.1536408414213277,0.26714520436907363,-0.9636562871597973
222.98615229213613,110.0385602265142,0.0,-2.868696370224094,73.69737184059395,880.3574313346611,2188.4300938018723,257.6045193424238,0,224.8756870092238,103.06042831360509,220.8535388668748,117.91439212636512,-0.1537020766223569,0.26952166766994107,-0.9629943253500582
220.0941886359368,109.24819693533088,0.0,-2.8661741093888407,73.75731955836098,870.2008262368724,2191.428114469051,254.60649867524532,0,221.94645986815,102.47067937506552,217.8909358342933,117.3099668819496,-0.1537853191546512,0.27194973064497613,-0.9623114589373468
217.20441468600097,108.4510006561702,0.0,-2.863594057978509,73.81665581286249,860.2522234181339,2194.425832832946,251.60878031135007,0,219.01794605569825,101.87709176254084,214.92866404796865,116.70041812367228,-0.1538891167099078,0.2744316357885812,-0.96160661253883
214.31688428023605,107.64683119011283,0.0,-2.860953771218975,73.87538147582404,850.5061354013765,2197.4232517850373,248.6113613592588,0,216.0904763586868,101.27839609015965,211.9668482628644,116.08510289927445,-0.1540120169798235,0.27696959349912464,-0.9608786834335173
211.4316529451012,106.83554108516633,0.0,-2.8582508274135616,73.93349721351592,840.9573134191136,2200.4203756549546,245.6142374893416,0,213.16438925828737,100.6733247881238,209.00563777997937,115.46329943109504,-0.1541525676560956,0.27956577966559937,-0.9601265410558993
208.54877800403924,106.016975772638,0.0,-2.855482829433333,73.99100347796671,831.6007350635616,2203.4172101676827,242.61740297661345,0,210.24003149048423,100.06061258398016,206.04518968696888,114.83427099826216,-0.1543093164304209,0.28222233360864557,-0.9593490263780385
205.66831868940676,105.1909736991572,0.0,-2.8526474063185403,74.04790049953789,822.4315926956601,2206.413762401275,239.62085074302104,0,207.31775862757056,99.43899705606056,203.08566563740897,114.19727922662648,-0.1544808109944964,0.28494135588835146,-0.9585449513217978
202.7903362571823,104.35736645717824,0.0,-2.849742215323031,74.10418828097922,813.4452825596355,2209.4100407451665,236.62457239912965,0,204.3979356785556,98.8072192658189,200.12723216352876,113.5515845622475,-0.1546655990400194,0.28772490566156816,-0.9577130983034751
199.9148941037628,103.51597891640316,0.0,-2.8467649445713263,74.1598665931116,804.6373945539154,2212.406054859191,233.6285582851051,0,201.480937704976,98.1640244759165,197.17006119044083,112.89644615720484,-0.1548622282586866,0.29057499742903753,-0.9568522199739701
197.0420578841456,102.66662935835684,0.0,-2.843713316394174,74.21493497228646,796.0037026132075,2215.401815633435,230.6327975108611,0,198.5671504476625,97.50816296106102,194.21433058027893,112.23112178763928,-0.1550692463421953,0.2934935971136277,-0.9559610391921334
194.17189563076175,101.80912961622724,0.0,-2.8405850913476347,74.26939271977419,787.5401556600452,2218.3973351490617,227.6372779952344,0,195.65697095926464,96.8383909187264,191.26022470497264,111.5548678070293,-0.1552852009822423,0.29648261747014043,-0.9550382492539523
191.3044778721667,100.943285221992,0.0,-2.837378072906012,74.3232389032467,779.2428690872962,2221.392626640275,224.64198650402116,0,192.75082146058537,96.15342769323252,188.30793504623884,110.8669391379424,-0.1555086398705249,0.2995439128420754,-0.9540825143976066
188.43987775075465,100.068895562782,0.0,-2.8340901128258453,74.37647236054549,771.1081167361793,2224.3877044575825,221.6469086867137,0,189.84908331214228,95.45217762733336,185.357660821175,110.16658930571694,-0.1557381106987398,0.3026792732749867,-0.9530924706080339
185.5781711385972,99.18575404837044,0.0,-2.8307191171971025,74.4290917059645,763.1323233369617,2227.382584032548,218.65202911174856,0,186.95190096582417,94.73435903891624,182.40964116227696,109.4529683465187,-0.1559721611585842,0.30589041797901767,-0.9520667267521862
182.71943675044693,98.29364829163713,0.0,-2.8272630532207867,74.48109533932107,755.3120573819989,2230.377281844212,215.657331300084,0,184.05935278103544,93.99991517203097,179.46407721375897,108.7253803851502,-0.1562093389417552,0.30917898811249167,-0.9510038660855884
179.86375625286368,97.3923603038362,0.0,-2.8237199567630293,74.53248145813613,747.6440244030713,2233.3718153873924,212.66279775690373,0,181.17151846515677,93.2487889973622,176.52118731678175,107.9831027211256,-0.1564481917399497,0.31254653884967715,-0.9499024481772258
177.011214368342,96.48166670649532,0.0,-2.820087940742619,74.5832480732824,740.1250606270178,2236.366203143042,209.6684100012535,0,178.2884794968269,92.48092234277009,173.58120900355587,107.22538335911632,-0.1566872672448648,0.3159945306911427,-0.9487610113054206
174.16189897322846,95.56133896178686,0.0,-2.8163652044020657,74.63339302849538,732.7521269855839,2239.360464550888,206.6741485934085,0,175.41031925476167,91.69625595391624,170.6443910046321,106.45146985806996,-0.1569251131481974,0.319524319983693,-0.9475780753789941
171.31590118810504,94.63114362322412,0.0,-2.8125500435062825,74.68291402416804,725.5223034571545,2242.35461998453,203.67999315976613,0,172.53712313181128,90.8947295574406,167.71099397386683,105.66060971703357,-0.1571602771416446,0.3231371486247956,-0.9463521454398657
168.4733154592238,93.69084260855205,0.0,-2.808640861501525,74.73180864587258,718.4327837196413,2245.348690729224,200.68592241507213,0,169.6689786346172,90.07628192437868,164.78129121821087,104.85205083275778,-0.1573913069169036,0.3268341329395955,-0.9450817158032542
165.63423962946706,92.74019349669987,0.0,-2.8046361816561114,74.78007439806468,711.4808700952841,2248.342698962508,197.691914181788,0,166.80597546868452,89.24085093327957,161.85556942759715,104.02504203334824,-0.1576167501656712,0.33061625173158116,-0.9437652748914636
162.79877499720212,91.77894985064256,0.0,-2.800534660187712,74.8277087434267,704.6639687694807,2251.3366677378817,194.6979454064144,0,163.94820560871696,88.3883736324684,158.93412939955255,103.17883369208036,-0.1578351545796446,0.3344843335262689,-0.9424013108148183
159.96702636130507,90.80686156797265,0.0,-2.7963351003660457,74.87470914829613,697.9795852670018,2254.330620971686,191.70399217261,0,161.09576335411222,87.51878630088964,156.0172867524527,102.31267842526128,-0.1580450678505205,0.338439043044808,-0.9409883177504993
157.1391020505313,89.8236752609077,0.0,-2.792036467566225,74.92107313461332,691.4253201701304,2257.324583433352,188.71002971094413,0,158.2487453695747,86.63202450696446,153.10537262058062,101.42583187768788,-0.1582450376699963,0.3424808669596626,-0.9395248031673021
154.31511393533023,88.82913466736835,0.0,-2.7876379052613,74.96679833882295,684.9988650643155,2260.3185807391283,185.71603240516788,0,155.40725071087098,85.72802316489546,150.19873432343874,100.5175535988351,-0.1584336117297689,0.34661009897443434,-0.9380092959501696
151.49517742010303,87.82298109466932,0.0,-2.7831387519650805,75.01188257821461,678.6979986978964,2263.312639349404,182.72197379489216,0,152.5713808358016,84.80671658785093,147.2977360011032,99.587108012405,-0.1586093377215353,0.35082682425141476,-0.9364403554875596
148.67941141377025,86.80495389733893,0.0,-2.778538559289395,75.0563239253176,672.5205833433956,2266.3067865697194,179.72782657457674,0,149.74123960045574,83.86803853743943,144.40275822113216,98.63376820827617,-0.1587707633369925,0.3551309030702907,-0.93481658184078
145.86793827648654,85.77479099063335,0.0,-2.7738371112162024,75.1001207912312,666.464561348717,2269.3010505554125,176.7335625888836,0,146.91693324099668,82.91192226893028,141.51416026512672,97.656921326484,-0.1589164362678376,0.35952195366595774,-0.9331366270982042
143.06088373959517,84.7322294016469,0.0,-2.769034445643746,75.1432720190853,660.5279518673082,2272.295460320277,173.73915282401958,0,144.09857034044444,81.93830057139228,138.63212600288222,96.65647889343832,-0.1590449042057675,0.36399933330488937,-0.9313992083707158
140.25837679746445,83.67700586000832,0.0,-2.7641308764873966,75.1857769893226,654.7088477571489,2275.290045747931,170.74456739636526,0,141.28626178263656,80.94710580282847,135.75667189428697,95.63282256116744,-0.1591547148424794,0.3685621192608762,-0.9296031218998415
137.46054956262816,82.60885743195537,0.0,-2.759127025307957,75.22763573790833,649.005412639037,2278.284837610539,167.7497755337572,0,138.4801206857529,79.93826991694992,132.88780411638925,94.58636113037082,-0.1592444158696703,0.3732090814107221,-0.9277472616788287
134.6675371003764,81.52752219682938,0.0,-2.7540238304162608,75.26884908966431,643.415878105258,2281.279867577838,164.75474556645804,0,135.68026234428666,78.91172449118196,130.02552766588158,93.51750437744668,-0.159312554979037,0.37793867629115024,-0.9258306308193163
131.87947716762932,80.43273998295524,0.0,-2.74882265025582,75.30941879794891,637.9385410703409,2284.275168278002,161.75944486629396,0,132.88680407848156,77.86740071845759,127.16984616299372,92.42666291634096,-0.1593576798622768,0.3827489544498282,-0.9238523896530026
129.09651011622276,79.3242531050017,0.0,-2.743525012310731,75.34934770346149,632.5717612560991,2287.270773186499,158.76383995779725,0,130.09986536881755,76.80522950232081,124.32076120430597,91.31424787353896,-0.1593783382110867,0.3876377961262076,-0.9218117698393836
126.31877800355018,78.20180730813517,0.0,-2.7381336507786203,75.38863980567987,627.3139588036323,2290.266717154045,155.76789599025096,0,127.3195669253813,75.72514114399804,121.47827328736848,90.18067116883692,-0.1593730777171635,0.3926019588884262,-0.9197084874442393
123.54642820884838,77.06515236038473,0.0,-2.732648214932774,75.42730048623858,621.6632868318321,2293.2630328674554,152.77158027684072,0,124.54603562837696,74.62706731989196,118.64237647431185,89.02634326212389,-0.1593405095846577,0.3976410288096095,-0.9175410684036085
120.77964952383093,75.9140526842992,0.0,-2.727071024227232,75.46533516917768,615.5295018616205,2296.2597134904368,149.7748996538594,0,121.77944162524248,73.51095629473103,115.8130792282222,87.85168164642393,-0.1592809464770875,0.40275211949207557,-0.9153090900043771
118.01866682752024,74.74829552298132,0.0,-2.7214085953490827,75.50275032383432,609.4717601636025,2299.256714526221,146.77789861807514,0,119.01998556027604,72.37676928547135,112.99045291640492,86.65713216803675,-0.159196548047098,0.40792850769564803,-0.9130138731745545
115.26370259864288,73.56768118655135,0.0,-2.715664041466049,75.53955501907234,603.4897592840535,2302.2539929773798,143.78062016691683,0,116.2678650367954,71.22446756316116,110.17458101994995,85.44314929928208,-0.1590895666272091,0.41316660545814526,-0.9106554541286146
112.51497906495352,72.37201823465364,0.0,-2.7098416899882958,75.57575975015922,597.5832138362325,2305.251507107321,140.78310603697537,0,113.5232831528259,70.054016183113,107.3655166072678,84.2101776597868,-0.1589622545499404,0.418461728522226,-0.9082344310596195
109.77271668001192,71.16112537559334,0.0,-2.7039459936331385,75.61137675248618,591.7518546146082,2308.2492169838747,137.78539616042144,0,110.7864286037984,68.86541105457265,104.5633117095045,82.95866401962864,-0.158816864147812,0.4238090992425537,-0.9057515373430041
107.03713383646313,69.93483193471089,0.0,-2.697981758767641,75.64641986633922,585.9954277581807,2311.24708440874,134.78752873555595,0,108.05745701124305,67.65872209121815,101.76800986203013,81.68905377464671,-0.1586556477533436,0.42920364424672186,-0.9032077456296161
104.30844624378412,68.69297861641651,0.0,-2.691953986673198,75.68090442436255,580.3136939607037,2314.2450730082182,131.7895401360779,0,105.33651076941597,66.43404281921795,98.97964726809796,80.40179111031576,-0.158480857699055,0.434640144395477,-0.9006042110049669
101.58686640665168,67.43541806370182,0.0,-2.685867799873561,75.71484704774771,574.7064277257493,2317.243148283062,128.7914648612341,0,102.62372819068362,65.19146876104371,96.19825158098315,79.09731810338891,-0.1582947463174663,0.44011330614367666,-0.8979422463361897
98.8726031071239,66.16201531390143,0.0,-2.6797283384499693,75.74826539808019,569.1734166646705,2320.241277670257,125.79333547403894,0,99.91924428953972,63.93109524587818,93.42384125014551,77.77607405421872,-0.1580995659410971,0.4456178587264913,-0.8952232816364959
96.1658609345032,64.87264809709178,0.0,-2.673540666010048,75.78117789177891,563.7144608356493,2323.2394306031188,122.79518254117738,0,97.22319075359306,62.65301727788944,90.6564246781998,76.4384947138538,-0.1578975689024673,0.4511486410832187,-0.8924488241063266
93.46683986641298,63.56720697367983,0.0,-2.6673096818961146,75.81360339698541,558.3293721220994,2326.237578573565,119.79703457073128,0,94.53569593462528,61.3573294118936,87.89599943044033,75.08501151806323,-0.1576910075340968,0.4567006816139754,-0.889620417601423
90.77573491156024,62.24559530478407,0.0,-2.6610400464713715,75.84556093022587,553.017973648827,2329.235695195945,116.79891794835066,0,91.85688486531058,60.04412564016823,85.14255147450721,73.71605082195869,-0.1574821341685053,0.4622692647170476,-0.8867396048998603
88.09273581840439,60.90772906012861,0.0,-2.654736122203058,75.87706937008016,547.7800992344133,2332.233756273119,113.80085687117707,0,89.18687929172965,58.71349928683011,82.39605449458844,72.33203316141949,-0.1572732011382129,0.46784998187326227,-0.8838078945456349
85.41802685118826,59.55353647464264,0.0,-2.6484019326870434,75.9081472024522,542.6155928783909,2335.2317398651176,110.80287327917858,0,86.52579771591572,57.36554290765382,79.65647204439061,70.93336713685125,-0.1570664607757392,0.47343876564096526,-0.8808267339201048
82.7517866314834,58.18295757114052,0.0,-2.6420411399977737,75.93881230830304,537.5243082818722,2338.2296263606167,107.8049867836794,0,83.87375544232685,56.00034819266438,76.92384318346083,69.52028166067568,-0.1568641654136042,0.47903190655066924,-0.877797489462365
80.09418804057277,56.79594357065135,0.0,-2.635657039286605,75.96908179992467,532.506108400343,2341.2273985514216,104.80721459287452,0,81.23086462322226,54.61800586900958,74.19835260852655,68.09270332283906,-0.1566685673843277,0.4846260542043135,-0.8747214342785695
77.44539817557325,55.39245621433558,0.0,-2.6292525679768994,75.9989719066151,527.5608650274244,2344.2250417103487,101.80957143394744,0,78.59723429878032,53.218605601744265,71.48024356608735,66.65044226006563,-0.1564819190204295,0.4902182052561885,-0.871599742562721
74.80557835119264,53.9724670213522,0.0,-2.62283032559109,76.02849790548647,522.6884584084755,2347.222543672547,98.81206947174906,0,75.97297042965353,51.80223589088049,68.76976259403077,65.19330318742799,-0.1563064726544295,0.4958056820486837,-0.8684334894787508
72.17488413932409,52.535956505322254,0.0,-2.616392599209505,76.05767408882535,517.8887768829574,2350.219894919736,95.81471822456024,0,73.35817592189971,50.36898396412829,66.06715675219331,63.721090833055214,-0.1561444806188475,0.5013861064878211,-0.8652236544506763
69.55346543799665,51.08291336880615,0.0,-2.609941391005176,76.0865137569766,513.1617165545475,2353.2170886679355,92.81752447636065,0,70.75295064390657,48.91893566455374,63.37267365648158,62.23360997091967,-0.1559981952462034,0.5069573723800077,-0.8619711263085081
66.94146656479069,49.61333369095233,0.0,-2.603478440413268,76.11502922718199,508.507180988049,2356.2141209572496,89.82049218704651,0,68.15739143891433,47.4521753346036,60.68656154602867,60.73066547447054,-0.155869868869017,0.5125176226992161,-0.858676706579807
64.3390263626052,48.12722012268608,0.0,-2.5970052556722947,76.14323185596098,503.9250809321892,2359.210990748171,86.8236223961253,0,65.57159212576138,45.96878569185231,58.009069389421775,59.21206239643993,-0.1557617538198082,0.5180652190856768,-0.8553411183695717
61.74627833719448,46.62458109774083,0.0,-2.590523110090974,76.17113209511092,499.4153340674464,2362.2077000037643,83.82691314053181,0,62.99564351954647,44.46884771415054,55.3404469707254,57.67760604305786,-0.1556761024310968,0.5235987418599513,-0.8519649978271855
59.16335070860712,45.105430104284565,0.0,-2.5840332280584297,76.19873963228915,494.9778647780912,2365.2042538369933,80.83035930730284,0,60.4296333307324,42.9524404512639,52.6809452567916,56.12710221806556,-0.1556151670354026,0.5291168288023443,-0.8485489859036723
56.59036673189663,43.56978500881328,0.0,-2.5775364649769505,76.22606377971461,490.6126039476784,2368.200660418827,77.83395272546932,0,57.87364640877255,41.41964103610933,50.0308162588424,54.56035718682852,-0.1555811999652455,0.5346184453221704,-0.8450935557210844
54.027427451996296,42.01767921031778,0.0,-2.571053541910441,76.25311423422148,489.2853380406517,2371.1969398053625,74.83767333893366,0,55.32774357504447,39.87051161950132,47.3903760087521,52.97721551454287,-0.1555757384367182,0.5400858489408453,-0.8416099308906986
51.474635079549245,40.449181403029606,0.0,-2.5645668726658437,76.27990449535791,487.9874141249348,2374.1930930504905,71.84152009380568,0,52.79199807237678,38.30512089863628,44.75998043691093,51.37754807061141,-0.1555973196042256,0.5455336933876003,-0.8380888910962152
48.93212258503945,38.86434538996631,0.0,-2.558077196417874,76.30644113697497,486.6709936110198,2377.189102892437,68.8455102518592,0,50.26654023773563,36.723572763076895,42.13985158696805,49.76101465817237,-0.1556436940213304,0.5509610930000549,-0.8345309305233598
46.4000206525181,37.26322801411567,0.0,-2.5515856265180075,76.33273049291401,485.3368317891478,2380.184952863301,65.84966028099461,0,47.75147580088207,35.12595672813624,39.53042569450362,48.12721271079413,-0.1557126122385902,0.556366861978849,-0.8309367694908009
43.87845716297737,35.645889362374575,0.0,-2.545092958625402,76.35877843091173,483.9856888880325,2383.180627536259,62.853985608036965,0,45.246908551167934,33.512361511569814,36.93180145164274,46.47629485429443,-0.1558018248065628,0.5617500938508787,-0.827306975710062
41.3675573318705,34.012392419828366,0.0,-2.538599757259361,76.38459017799724,482.6183296826091,2386.1761125092075,59.8585006350886,0,42.75294098277365,31.88287537913607,34.34427586729578,44.80810056221921,-0.155909082275806,0.5671100847701971,-0.8236420046063337
38.86744371666081,32.36280281081845,0.0,-2.532106354226529,76.41017032755624,481.2355231064146,2389.1713944603957,56.86321868390087,0,40.269674197894815,30.23758603044645,31.768149834102417,43.12247369939303,-0.1560321351968773,0.5724463308238121,-0.8199421920637787
36.37823630682322,30.697188463521524,0.0,-2.525612917197418,76.43552290574493,479.83804186892735,2392.1664611847123,53.86815195958389,0,37.79720800503017,28.57658061017376,29.203727585108908,41.41926245442957,-0.1561687341203346,0.5777584679211996,-0.8162077877264761
33.90005262340992,29.01561927077984,0.0,-2.519119504209139,76.46065146686357,478.4266620781952,2395.161301634338,50.87331150995806,0,35.33564094147277,26.89994567181152,26.65131649757113,39.69831949504691,-0.1563166295967356,0.583046224545877,-0.812438982350551
31.433007829805824,27.318166756521617,0.0,-2.512626108586137,76.48555918633625,477.0021628690752,2398.1559059574183,47.87870718687782,0,32.88507029186732,25.20776713890276,24.111220983760543,37.95951075094168,-0.156473572176638,0.5883093834133829,-0.8086359312989778
28.977214839224988,25.604903766607386,0.0,-2.5061326876384284,76.51024893977875,475.56532603737577,2401.150265535892,44.88434760840437,0,30.44559209017114,23.500130254525374,21.583686692570428,36.202794869785485,-0.1566373124105994,0.593547757162651,-0.8047987698593896
26.53278441385575,23.87590418998171,0.0,-2.499639179238713,76.53472336474026,474.116935680207,2404.1443730223464,41.89024012194977,0,28.01730111662164,21.7771195261406,19.06881364296745,34.428340114826376,-0.1568056008491777,0.598761174388917,-0.8009276222258819
24.09982525276611,22.131242712232947,0.0,-2.493145509922849,76.5589849076893,472.65777784281227,2407.138222375849,38.89639076844696,0,25.60029089305224,20.038818667801756,16.566657130413866,32.636369711973245,-0.1569761880429306,0.6039494728027985,-0.7970226058909633
21.67844406810484,20.370994599567524,0.0,-2.48665159887192,76.58303586098484,471.1886401721495,2410.131808896993,35.902804247303266,0,23.19465367990073,18.285310541968464,14.07726670090126,30.82710457962587,-0.1571468245424157,0.6091124958373036,-0.7930838337873561
19.268745650090818,18.59523551035312,0.0,-2.4801573608336915,76.60687839490623,469.7103115774837,2413.1251292621905,32.90948388210563,0,20.80048047592589,16.51667710169833,11.600686360296043,29.00076318135648,-0.1573152608981909,0.6142500901811048,-0.7891114159055771
16.870832921399067,16.80404133120423,0.0,-2.4736627100239805,76.63051458872299,468.22358189823,2416.118181557397,29.916431586899307,0,18.417861020797176,14.732999333427536,9.136954765262145,27.157561395435188,-0.1574792476608137,0.6193621026091617,-0.7851054616110872
14.484806981253056,14.997488035339114,0.0,-2.467167565713412,76.65394646293923,466.72924157928543,2419.1109653113376,26.92364783295852,0,16.046883800086107,12.93435720008105,6.686105407614785,25.297712388945875,-0.157636535380842,0.6244483755894638,-0.7810660831348907
12.11076713922569,13.175651561464626,0.0,-2.460671859022646,76.67717601246461,465.2280813540632,2422.1034815283483,23.931131615947837,0,13.687636052305,11.120829584307003,4.248166793972975,23.421426497494355,-0.1577848746088335,0.6295087420872439,-0.7769933999949651
9.748810938631577,11.3386077115684,0.0,-2.4541755395371703,76.70020523787336,463.7208919354428,2425.0957327210067,20.938880423289447,0,11.340203777872553,9.292494231784763,1.8231626210302947,21.52891111044705,-0.1579220158953458,0.6345430206787639,-0.7728875435067315
7.3990341703658205,9.486432065455382,0.0,-2.4476785790179303,76.72303616973485,462.20846371483,2428.0877229423704,17.946890201925726,0,9.00467175098867,7.449427695421805,-0.588888056933979,19.62037055871499,-0.1580457097909367,0.6395510130680033,-0.7687486596305002
5.061530877683395,7.619199908392661,0.0,-2.441180971440645,76.74567088041559,460.6915864695116,2431.079457818938,14.955155325358191,0,6.681123534278875,5.591705280434074,-2.987970672206192,17.6960060013841,-0.1581537068461639,0.6445325045125053,-0.7645769095564142
2.736393357893632,5.736986168364296,0.0,-2.4346827242040625,76.76811148175939,459.17104907847215,2434.070944581249,11.963668563046667,0,4.36964150089882,3.7194009942325374,-5.374075007743951,15.756015303561073,-0.1582437576115853,0.6494872709761126,-0.7603724645461601
0.4237121524467828,3.839865357025175,0.0,-2.428183859340601,76.79036011880456,457.6476392468434,2437.0621921020747,8.972421042221413,0,2.070306851492827,1.8325874911605369,-7.747195064400282,13.800592917919715,-0.1583136126377583,0.6544150785059422,-0.7561355070515215
-1.876423948269436,1.9279115270528768,0.0,-2.421684400066616,76.81241900113066,456.1221432391206,2440.0532109134106,5.981402230885578,0,-0.2168003466039332,-0.0686639654875413,-10.10732893397056,11.829929767446531,-0.1583610224752408,0.6593156936695087,-0.7518662221972034
-4.16392798332993,0.0011982444173119,0.0,-2.4151844873343,76.83429056456288,454.5953456212911,2443.044013277978,2.990599866318007,0,-2.4916012013290305,-1.9842836102226735,-12.454478513075127,9.844213269321855,-0.1583837376745905,0.6641887964670762,-0.7475648752099157
