270.611716 -158.300780 0.000000 -2.421664 -100.000000 452.732804 0.000000 2447.882979 0.000000 1.224678 -0.588428 -9.033212 11.108916 -0.158297 0.000000 0.000000 0.010000
268.043995 -161.350641 0.000000 -2.413467 -100.000000 455.518515 3.986833 2443.896146 0.000000 -1.804634 -3.142654 -12.159606 8.471959 -0.158264 0.000000 0.000000 0.010000
265.451391 -164.379713 0.000000 -2.405271 -100.000000 458.319576 7.973921 2439.909058 0.000000 -4.812973 -5.721880 -15.263912 5.808705 -0.158186 0.000000 0.000000 0.010000
262.834037 -167.387834 0.000000 -2.397076 -100.000000 461.133752 11.961319 2435.921660 0.000000 -7.800150 -8.325994 -18.345918 3.119309 -0.158069 0.000000 0.000000 0.010000
260.192071 -170.374837 0.000000 -2.388880 -100.000000 463.958779 15.949071 2431.933908 0.000000 -10.765960 -10.954874 -21.405446 0.403898 -0.157919 0.000000 0.000000 0.010000
257.525638 -173.340548 0.000000 -2.380685 -100.000000 466.792364 19.937217 2427.945762 0.000000 -13.710199 -13.608399 -24.442264 -2.337359 -0.157740 0.000000 0.000000 0.010000
254.834889 -176.284789 0.000000 -2.372492 -100.000000 469.632188 23.925786 2423.957193 0.000000 -16.632653 -16.286445 -27.456145 -5.104294 -0.157538 0.000000 0.000000 0.010000
252.119982 -179.207376 0.000000 -2.364298 -100.000000 472.475904 27.914801 2419.968178 0.000000 -19.533093 -18.988877 -30.446877 -7.896755 -0.157319 0.000000 0.000000 0.010000
249.381080 -182.108123 0.000000 -2.356106 -100.000000 475.321140 31.904277 2415.978702 0.000000 -22.411287 -21.715559 -33.414224 -10.714570 -0.157089 0.000000 0.000000 0.010000
246.618354 -184.986840 0.000000 -2.347916 -100.000000 478.165497 35.894222 2411.988757 0.000000 -25.266997 -24.466350 -36.357937 -13.557549 -0.156852 0.000000 0.000000 0.010000
243.831983 -187.843332 0.000000 -2.339726 -100.000000 481.006553 39.884637 2407.998342 0.000000 -28.099972 -27.241101 -39.277783 -16.425523 -0.156615 0.000000 0.000000 0.010000
241.022147 -190.677400 0.000000 -2.331535 -100.000000 483.841863 43.875517 2404.007462 0.000000 -30.909954 -30.039654 -42.173533 -19.318320 -0.156383 0.000000 0.000000 0.010000
238.189037 -193.488843 0.000000 -2.323346 -100.000000 486.668960 47.866848 2400.016131 0.000000 -33.696686 -32.861856 -45.044906 -22.235721 -0.156161 0.000000 0.000000 0.010000
235.332850 -196.277458 0.000000 -2.315160 -100.000000 489.485355 51.858611 2396.024368 0.000000 -36.459905 -35.707545 -47.891630 -25.177511 -0.155955 0.000000 0.000000 0.010000
232.453787 -199.043037 0.000000 -2.306972 -100.000000 492.288540 55.850782 2392.032197 0.000000 -39.199323 -38.576536 -50.713497 -28.143537 -0.155770 0.000000 0.000000 0.010000
229.552055 -201.785368 0.000000 -2.298779 -100.000000 495.075990 59.843329 2388.039650 0.000000 -41.914658 -41.468648 -53.510245 -31.133594 -0.155612 0.000000 0.000000 0.010000
226.627870 -204.504242 0.000000 -2.290593 -100.000000 497.845162 63.836215 2384.046764 0.000000 -44.605647 -44.383718 -56.281009 -34.147822 -0.155487 0.000000 0.000000 0.010000
223.681453 -207.199445 0.000000 -2.282411 -100.000000 500.593499 67.829396 2380.053583 0.000000 -47.271992 -47.321549 -59.025959 -37.185640 -0.155399 0.000000 0.000000 0.010000
220.713025 -209.870758 0.000000 -2.274216 -100.000000 503.318429 71.822824 2376.060155 0.000000 -49.913368 -50.281906 -61.745028 -40.246879 -0.155355 0.000000 0.000000 0.010000
217.722821 -212.517957 0.000000 -2.266015 -100.000000 506.017370 75.816442 2372.066537 0.000000 -52.529487 -53.264597 -64.437881 -43.331237 -0.155360 0.000000 0.000000 0.010000
214.711074 -215.140850 0.000000 -2.257846 -100.000000 510.380900 79.810211 2368.072768 0.000000 -55.120135 -56.269511 -67.103948 -46.438127 -0.155418 0.000000 0.000000 0.010000
211.678001 -217.739334 0.000000 -2.249703 -100.000000 516.354583 83.804162 2364.078817 0.000000 -57.685050 -59.296489 -69.743070 -49.567428 -0.155531 0.000000 0.000000 0.010000
208.623799 -220.313305 0.000000 -2.241562 -100.000000 522.462718 87.798344 2360.084635 0.000000 -60.223948 -62.345340 -72.355210 -52.719172 -0.155691 0.000000 0.000000 0.010000
205.548659 -222.862621 0.000000 -2.233428 -100.000000 528.705895 91.792776 2356.090203 0.000000 -62.736578 -65.415917 -74.940104 -55.893126 -0.155893 0.000000 0.000000 0.010000
202.452785 -225.387138 0.000000 -2.225301 -100.000000 535.084746 95.787475 2352.095504 0.000000 -65.222671 -68.508050 -77.497532 -59.089104 -0.156131 0.000000 0.000000 0.010000
199.336388 -227.886708 0.000000 -2.217179 -100.000000 541.599942 99.782445 2348.100534 0.000000 -67.681953 -71.621565 -80.027244 -62.306887 -0.156398 0.000000 0.000000 0.010000
196.199687 -230.361181 0.000000 -2.209064 -100.000000 548.252199 103.777681 2344.105298 0.000000 -70.114144 -74.756275 -82.528993 -65.546252 -0.156689 0.000000 0.000000 0.010000
193.042909 -232.810400 0.000000 -2.200956 -100.000000 555.042279 107.773169 2340.109810 0.000000 -72.518955 -77.911982 -85.002527 -68.806970 -0.156998 0.000000 0.000000 0.010000
189.866288 -235.234206 0.000000 -2.192854 -100.000000 561.970991 111.768886 2336.114093 0.000000 -74.895941 -81.088581 -87.447593 -72.088804 -0.157318 0.000000 0.000000 0.010000
186.670068 -237.632439 0.000000 -2.184758 -100.000000 569.039193 115.764802 2332.118177 0.000000 -77.244861 -84.285812 -89.863921 -75.391494 -0.157643 0.000000 0.000000 0.010000
183.454501 -240.004937 0.000000 -2.176670 -100.000000 576.247798 119.760877 2328.122102 0.000000 -79.565495 -87.503384 -92.251241 -78.714769 -0.157968 0.000000 0.000000 0.010000
180.219846 -242.351536 0.000000 -2.168589 -100.000000 583.597776 123.757065 2324.125914 0.000000 -81.857531 -90.741054 -94.609291 -82.058370 -0.158286 0.000000 0.000000 0.010000
176.966370 -244.672071 0.000000 -2.160514 -100.000000 591.090155 127.753311 2320.129668 0.000000 -84.120651 -93.998569 -96.937805 -85.422019 -0.158592 0.000000 0.000000 0.010000
173.694349 -246.966378 0.000000 -2.152447 -100.000000 598.726027 131.749556 2316.133423 0.000000 -86.354543 -97.275676 -99.236514 -88.805384 -0.158878 0.000000 0.000000 0.010000
170.404066 -249.234294 0.000000 -2.144391 -100.000000 606.506549 135.745729 2312.137250 0.000000 -88.558886 -100.572105 -101.505262 -92.208074 -0.159140 0.000000 0.000000 0.010000
167.095812 -251.475655 0.000000 -2.136341 -100.000000 614.432952 139.741758 2308.141221 0.000000 -90.733350 -103.887560 -103.744027 -95.629678 -0.159372 0.000000 0.000000 0.010000
163.769883 -253.690299 0.000000 -2.128297 -100.000000 622.506541 143.737562 2304.145417 0.000000 -92.877609 -107.221748 -105.952773 -99.069729 -0.159566 0.000000 0.000000 0.010000
160.426588 -255.878067 0.000000 -2.120268 -100.000000 630.728701 147.733054 2300.149925 0.000000 -94.991353 -110.574386 -108.131426 -102.527695 -0.159717 0.000000 0.000000 0.010000
157.066239 -258.038805 0.000000 -2.112252 -100.000000 639.100903 151.728143 2296.154836 0.000000 -97.074255 -113.945159 -110.279964 -106.003121 -0.159820 0.000000 0.000000 0.010000
153.689155 -260.172349 0.000000 -2.104232 -100.000000 646.544167 155.722727 2292.160252 0.000000 -99.125950 -117.333677 -112.398465 -109.495712 -0.159867 0.000000 0.000000 0.010000
150.295604 -262.278545 0.000000 -2.096207 -100.000000 652.700021 159.716754 2288.166225 0.000000 -101.146134 -120.739637 -114.486934 -113.005063 -0.159858 0.000000 0.000000 0.010000
146.885779 -264.357293 0.000000 -2.088191 -100.000000 658.998743 163.710261 2284.172718 0.000000 -103.134732 -124.162780 -116.545342 -116.530706 -0.159796 0.000000 0.000000 0.010000
143.459876 -266.408520 0.000000 -2.080185 -100.000000 665.442018 167.703298 2280.179681 0.000000 -105.092173 -127.602521 -118.573739 -120.072312 -0.159686 0.000000 0.000000 0.010000
140.018091 -268.432147 0.000000 -2.072188 -100.000000 672.031603 171.695909 2276.187070 0.000000 -107.019062 -131.058188 -120.572187 -123.629577 -0.159531 0.000000 0.000000 0.010000
136.560624 -270.428094 0.000000 -2.064194 -100.000000 678.769335 175.688138 2272.194842 0.000000 -108.916018 -134.529107 -122.540770 -127.202247 -0.159334 0.000000 0.000000 0.010000
133.087677 -272.396286 0.000000 -2.056210 -100.000000 685.657135 179.680022 2268.202957 0.000000 -110.783694 -138.014663 -124.479514 -130.789969 -0.159102 0.000000 0.000000 0.010000
129.599457 -274.336648 0.000000 -2.048241 -100.000000 692.697007 183.671598 2264.211381 0.000000 -112.622760 -141.514277 -126.388429 -134.392367 -0.158836 0.000000 0.000000 0.010000
126.096172 -276.249104 0.000000 -2.040279 -100.000000 699.891046 187.662902 2260.220078 0.000000 -114.433854 -145.027324 -128.267616 -138.009241 -0.158541 0.000000 0.000000 0.010000
122.578027 -278.133575 0.000000 -2.032313 -100.000000 707.241438 191.653963 2256.229016 0.000000 -116.217623 -148.553193 -130.117172 -141.640401 -0.158222 0.000000 0.000000 0.010000
119.045237 -279.989988 0.000000 -2.024363 -100.000000 714.750469 195.644812 2252.238167 0.000000 -117.974786 -152.091427 -131.937043 -145.285366 -0.157882 0.000000 0.000000 0.010000
115.498021 -281.818279 0.000000 -2.016443 -100.000000 722.420526 199.635475 2248.247504 0.000000 -119.706058 -155.641580 -133.727205 -148.943712 -0.157525 0.000000 0.000000 0.010000
111.936591 -283.618370 0.000000 -2.008516 -100.000000 730.254102 203.625977 2244.257002 0.000000 -121.412044 -159.202987 -135.488067 -152.615431 -0.157155 0.000000 0.000000 0.010000
108.361158 -285.390174 0.000000 -2.000562 -100.000000 738.253802 207.616341 2240.266638 0.000000 -123.093395 -162.775080 -137.220783 -156.299967 -0.156776 0.000000 0.000000 0.010000
104.771951 -287.133637 0.000000 -1.992655 -100.000000 746.422348 211.606589 2236.276390 0.000000 -124.750974 -166.357761 -138.926554 -159.995708 -0.156392 0.000000 0.000000 0.010000
101.169208 -288.848724 0.000000 -1.984831 -100.000000 754.762585 215.596737 2232.286242 0.000000 -126.385561 -169.950790 -140.606853 -163.701436 -0.156008 0.000000 0.000000 0.010000
97.553140 -290.535343 0.000000 -1.976948 -100.000000 763.277486 219.586804 2228.296175 0.000000 -127.997551 -173.553082 -142.263925 -167.417639 -0.155626 0.000000 0.000000 0.010000
93.923937 -292.193363 0.000000 -1.968921 -100.000000 771.970161 223.576809 2224.306170 0.000000 -129.587569 -177.163787 -143.899757 -171.144311 -0.155252 0.000000 0.000000 0.010000
90.281859 -293.822783 0.000000 -1.961057 -100.000000 780.843859 227.566764 2220.316215 0.000000 -131.157587 -180.783844 -145.514776 -174.877870 -0.154889 0.000000 0.000000 0.010000
86.627343 -295.423957 0.000000 -1.953985 -100.000000 789.901982 231.556656 2216.326323 0.000000 -132.710568 -184.415768 -147.108247 -178.611855 -0.154540 0.000000 0.000000 0.010000
82.961128 -296.997864 0.000000 -1.948369 -100.000000 799.148086 235.546433 2212.336546 0.000000 -134.249579 -188.062316 -148.679393 -182.339441 -0.154211 0.000000 0.000000 0.010000
79.284323 -298.546292 0.000000 -1.944545 -100.000000 808.585894 239.535986 2208.346994 0.000000 -135.776913 -191.724511 -150.228751 -186.056755 -0.153905 0.000000 0.000000 0.010000
75.598386 -300.071839 0.000000 -1.942311 -100.000000 818.219301 243.525149 2204.357830 0.000000 -137.293668 -195.400479 -151.758856 -189.764745 -0.153626 0.000000 0.000000 0.010000
71.904988 -301.577672 0.000000 -1.941057 -100.000000 828.052389 247.513723 2200.369256 0.000000 -138.800088 -199.086130 -153.273661 -193.468024 -0.153377 0.000000 0.000000 0.010000
68.205762 -303.067037 0.000000 -1.940094 -100.000000 838.089430 251.501514 2196.381465 0.000000 -140.296309 -202.776936 -154.777323 -197.171973 -0.153164 0.000000 0.000000 0.010000
64.502077 -304.542764 0.000000 -1.938984 -100.000000 848.334902 255.488374 2192.394605 0.000000 -141.783070 -206.469725 -156.273026 -200.879796 -0.152990 0.000000 0.000000 0.010000
60.794934 -306.007016 0.000000 -1.937614 -100.000000 858.793498 259.474217 2188.408762 0.000000 -143.261848 -210.163124 -157.762743 -204.591780 -0.152859 0.000000 0.000000 0.010000
57.084998 -307.461308 0.000000 -1.936081 -100.000000 869.470137 263.459012 2184.423967 0.000000 -144.734577 -213.856910 -159.247708 -208.306380 -0.152775 0.000000 0.000000 0.010000
53.372708 -308.906717 0.000000 -1.934556 -100.000000 880.369982 267.442766 2180.440213 0.000000 -146.203355 -217.551289 -160.728902 -212.021396 -0.152742 0.000000 0.000000 0.010000
49.658403 -310.344120 0.000000 -1.933219 -100.000000 891.498447 271.425503 2176.457476 0.000000 -147.670297 -221.246542 -162.207272 -215.734531 -0.152763 0.000000 0.000000 0.010000
45.942422 -311.774422 0.000000 -1.932263 -100.000000 902.861218 275.407246 2172.475733 0.000000 -149.137531 -224.942977 -163.683721 -219.443382 -0.152844 0.000000 0.000000 0.010000
42.225192 -313.198756 0.000000 -1.931920 -100.000000 914.464263 279.388016 2168.494963 0.000000 -150.607255 -228.641077 -165.158961 -223.145100 -0.152988 0.000000 0.000000 0.010000
38.507314 -314.618689 0.000000 -1.932507 -100.000000 926.313854 283.367818 2164.515161 0.000000 -152.081812 -232.341661 -166.633341 -226.835978 -0.153198 0.000000 0.000000 0.010000
34.789646 -316.036451 0.000000 -1.934441 -100.000000 938.416585 287.346650 2160.536329 0.000000 -153.563708 -236.045911 -168.106753 -230.511264 -0.153480 0.000000 0.000000 0.010000
31.073387 -317.455162 0.000000 -1.938197 -100.000000 950.779385 291.324504 2156.558475 0.000000 -155.055534 -239.755144 -169.578750 -234.165509 -0.153836 0.000000 0.000000 0.010000
27.360106 -318.878977 0.000000 -1.944200 -100.000000 963.409548 295.301400 2152.581579 0.000000 -156.559766 -243.470287 -171.048952 -237.793656 -0.154271 0.000000 0.000000 0.010000
23.651714 -320.312991 0.000000 -1.952650 -100.000000 976.314751 299.277400 2148.605579 0.000000 -158.078462 -247.191128 -172.517763 -241.392828 -0.154789 0.000000 0.000000 0.010000
19.950189 -321.762888 0.000000 -1.963398 -100.000000 989.503075 303.252759 2144.630220 0.000000 -159.613035 -250.916071 -173.986266 -244.964123 -0.155394 0.000000 0.000000 0.010000
16.257652 -323.234088 0.000000 -1.975833 -100.000000 982.377288 307.227588 2140.655391 0.000000 -161.162628 -254.642074 -175.455725 -248.514007 -0.156090 0.000000 0.000000 0.010000
12.576924 -324.730499 0.000000 -1.988991 -100.000000 914.383228 311.200875 2136.682104 0.000000 -162.723484 -258.364691 -176.928180 -252.052004 -0.156886 0.000000 0.000000 0.010000
8.909756 -326.254964 0.000000 -2.002002 -100.000000 855.086228 315.172287 2132.710693 0.000000 -164.291731 -262.081269 -178.405744 -255.587671 -0.157802 0.000000 0.000000 0.010000
5.256290 -327.809809 0.000000 -2.013595 -100.000000 802.919659 319.142848 2128.740131 0.000000 -165.863319 -265.788850 -179.892866 -259.135979 -0.158860 0.000000 0.000000 0.010000
1.616005 -329.395643 0.000000 -2.022139 -100.000000 756.674598 323.113558 2124.769421 0.000000 -167.433459 -269.482737 -181.395417 -262.715206 -0.160081 0.000000 0.000000 0.010000
-2.012597 -331.010929 0.000000 -2.025289 -100.000000 715.403405 327.085447 2120.797532 0.000000 -168.995733 -273.154354 -182.921862 -266.349939 -0.161485 0.000000 0.000000 0.010000
-5.632458 -332.650390 0.000000 -2.019966 -100.000000 678.352893 331.059265 2116.823714 0.000000 -170.541651 -276.790068 -184.482714 -270.070039 -0.163095 0.000000 0.000000 0.010000
-9.248840 -334.302243 0.000000 -2.004031 -100.000000 644.917015 335.035046 2112.847933 0.000000 -172.063654 -280.378037 -186.083169 -273.893430 -0.164931 0.000000 0.000000 0.010000
-12.869197 -335.947837 0.000000 -1.979537 -100.000000 614.602717 339.011849 2108.871130 0.000000 -173.562190 -283.924782 -187.710741 -277.796545 -0.167015 0.000000 0.000000 0.010000
-16.500366 -337.568975 0.000000 -1.951448 -100.000000 587.004887 342.988466 2104.894513 0.000000 -175.044517 -287.452718 -189.342584 -281.731083 -0.169368 0.000000 0.000000 0.010000
-20.146227 -339.154765 0.000000 -1.923660 -100.000000 561.787684 346.964272 2100.918707 0.000000 -176.516966 -290.982293 -190.961849 -285.662571 -0.172012 0.000000 0.000000 0.010000
-23.808197 -340.700847 0.000000 -1.898702 -100.000000 538.670425 350.939242 2096.943737 0.000000 -177.983562 -294.528922 -192.557801 -289.570968 -0.174967 0.000000 0.000000 0.010000
-27.486470 -342.206279 0.000000 -1.878693 -100.000000 517.416799 354.913663 2092.969316 0.000000 -179.447344 -298.106277 -194.120417 -293.440094 -0.178255 0.000000 0.000000 0.010000
-31.181140 -343.670386 0.000000 -1.863769 -100.000000 497.826508 358.887854 2088.995125 0.000000 -180.906779 -301.717468 -195.646353 -297.271234 -0.181897 0.000000 0.000000 0.010000
-34.892677 -345.091221 0.000000 -1.851156 -100.000000 479.728735 362.862055 2085.020924 0.000000 -182.354082 -305.350171 -197.142717 -301.091883 -0.185915 0.000000 0.000000 0.010000
-38.621436 -346.467049 0.000000 -1.838576 -100.000000 462.976986 366.836543 2081.046436 1.000000 -183.782601 -308.994326 -198.614337 -304.924950 -0.190329 0.000000 0.000000 0.010000
-42.367442 -347.797137 0.000000 -1.825787 -100.000000 447.444981 370.811677 2077.071302 1.000000 -185.189652 -312.650168 -200.057459 -308.774657 -0.195162 0.000000 0.000000 0.010000
-46.130643 -349.081003 0.000000 -1.813130 -100.000000 433.023346 374.787856 2073.095123 1.000000 -186.572894 -316.320921 -201.467537 -312.639098 -0.200433 0.000000 0.000000 0.010000
-49.911012 -350.318080 0.000000 -1.800856 -100.000000 419.616945 378.765487 2069.117492 1.000000 -187.928895 -320.009306 -202.839756 -316.517092 -0.206166 0.000000 0.000000 0.010000
-53.708570 -351.507625 0.000000 -1.788931 -100.000000 407.198936 382.744992 2065.137987 1.000000 -189.253473 -323.716470 -204.170201 -320.410002 -0.212380 0.000000 0.000000 0.010000
-57.523182 -352.648693 0.000000 -1.777045 -100.000000 395.778893 386.726612 2061.156367 1.000000 -190.541847 -327.441993 -205.455703 -324.321655 -0.219076 0.000000 0.000000 0.010000
-61.354156 -353.740186 0.000000 -1.764882 -100.000000 384.802380 390.710043 2057.172936 1.000000 -191.789065 -331.184894 -206.692778 -328.255418 -0.226197 0.000000 0.000000 0.010000
-65.200666 -354.781092 0.000000 -1.752353 -100.000000 374.249258 394.694905 2053.188074 1.000000 -192.990494 -334.945051 -207.877061 -332.212198 -0.233677 0.000000 0.000000 0.010000
-69.061866 -355.770487 0.000000 -1.739503 -100.000000 364.101527 398.680852 2049.202127 1.000000 -194.141645 -338.722754 -209.003812 -336.191352 -0.241451 0.000000 0.000000 0.010000
-72.936916 -356.707468 0.000000 -1.726383 -100.000000 354.343075 402.667572 2045.215407 1.000000 -195.237982 -342.518123 -210.069125 -340.191790 -0.249451 0.000000 0.000000 0.010000
-76.824978 -357.591130 0.000000 -1.713026 -100.000000 344.959449 406.654788 2041.228191 1.000000 -196.274913 -346.330970 -211.071181 -344.212189 -0.257614 0.000000 0.000000 0.010000
-80.725225 -358.420573 0.000000 -1.699449 -100.000000 335.937670 410.642256 2037.240723 1.000000 -197.247829 -350.160836 -212.008893 -348.251241 -0.265871 0.000000 0.000000 0.010000
-84.636837 -359.194901 0.000000 -1.685660 -100.000000 327.266058 414.629773 2033.253206 1.000000 -198.152185 -354.007014 -212.881203 -352.307704 -0.274159 0.000000 0.000000 0.010000
-88.559005 -359.913226 0.000000 -1.671666 -100.000000 318.934096 418.617177 2029.265802 1.000000 -198.984104 -357.868507 -213.687070 -356.380370 -0.282409 0.000000 0.000000 0.010000
-92.490929 -360.574670 0.000000 -1.657471 -100.000000 310.932297 422.604349 2025.278630 1.000000 -199.742336 -361.743903 -214.425467 -360.468057 -0.290558 0.000000 0.000000 0.010000
-96.431824 -361.178361 0.000000 -1.643076 -100.000000 303.252096 426.591214 2021.291765 1.000000 -200.427181 -365.631652 -215.095373 -364.569590 -0.298537 0.000000 0.000000 0.010000
-100.380917 -361.723439 0.000000 -1.628485 -100.000000 295.885756 430.577747 2017.305232 1.000000 -201.038969 -369.530267 -215.695774 -368.683797 -0.306283 0.000000 0.000000 0.010000
-104.337452 -362.209054 0.000000 -1.613701 -100.000000 288.826282 434.563972 2013.319007 1.000000 -201.578034 -373.438335 -216.225659 -372.809498 -0.313728 0.000000 0.000000 0.010000
-108.300692 -362.634369 0.000000 -1.598726 -100.000000 282.067352 438.549968 2009.333011 1.000000 -202.044705 -377.354512 -216.684025 -376.945528 -0.320807 0.000000 0.000000 0.010000
-112.269918 -362.998560 0.000000 -1.583574 -100.000000 275.603250 442.535867 2005.347112 1.000000 -202.439304 -381.277564 -217.069864 -381.090608 -0.327453 0.000000 0.000000 0.010000
-116.244433 -363.300862 0.000000 -1.568335 -100.000000 269.428816 446.521862 2001.361117 1.000000 -202.762150 -385.206562 -217.382166 -385.242552 -0.333602 0.000000 0.000000 0.010000
-120.223566 -363.540567 0.000000 -1.553170 -100.000000 263.539396 450.508208 1997.374771 1.000000 -203.013529 -389.140863 -217.620445 -389.398361 -0.339186 0.000000 0.000000 0.010000
-124.206683 -363.716667 0.000000 -1.537656 -100.000000 257.930803 454.495216 1993.387763 1.000000 -203.193617 -393.078197 -217.785063 -393.561935 -0.344140 0.000000 0.000000 0.010000
-128.193172 -363.828123 0.000000 -1.521325 -100.000000 252.767119 458.483264 1989.399716 1.000000 -203.302647 -397.016242 -217.876151 -397.737808 -0.348398 0.000000 0.000000 0.010000
-132.182426 -363.874667 0.000000 -1.504914 -100.000000 251.813149 462.472789 1985.410190 1.000000 -203.339711 -400.956194 -217.893430 -401.916421 -0.351916 0.000000 0.000000 0.010000
-136.173392 -363.856281 0.000000 -1.488710 -100.000000 250.756997 466.463797 1981.419183 1.000000 -203.306101 -404.897585 -217.837105 -406.093074 -0.354729 0.000000 0.000000 0.010000
-140.164791 -363.772434 0.000000 -1.472526 -100.000000 249.603555 470.456076 1977.426903 1.000000 -203.201941 -408.838343 -217.707439 -410.268414 -0.356890 0.000000 0.000000 0.010000
-144.155342 -363.622695 0.000000 -1.456270 -100.000000 248.358012 474.449436 1973.433543 1.000000 -203.027491 -412.776707 -217.504014 -414.441938 -0.358451 0.000000 0.000000 0.010000
-148.143760 -363.406720 0.000000 -1.439938 -100.000000 247.025833 478.443698 1969.439281 1.000000 -202.783076 -416.711209 -217.225274 -418.611959 -0.359465 0.000000 0.000000 0.010000
-152.128763 -363.124210 0.000000 -1.423530 -100.000000 245.612734 482.438701 1965.444278 1.000000 -202.469044 -420.640438 -216.873791 -422.777239 -0.359985 0.000000 0.000000 0.010000
-156.109070 -362.774907 0.000000 -1.407048 -100.000000 244.124653 486.434306 1961.448673 1.000000 -202.085759 -424.563018 -216.449781 -426.936347 -0.360063 0.000000 0.000000 0.010000
-160.083409 -362.358588 0.000000 -1.390494 -100.000000 242.567735 490.430391 1957.452588 1.000000 -201.633595 -428.477615 -215.953466 -431.087866 -0.359751 0.000000 0.000000 0.010000
-164.050517 -361.875067 0.000000 -1.373870 -100.000000 240.948298 494.426857 1953.456123 1.000000 -201.112933 -432.382938 -215.385073 -435.230405 -0.359103 0.000000 0.000000 0.010000
-168.009142 -361.324187 0.000000 -1.357178 -100.000000 239.272815 498.423628 1949.459351 1.000000 -200.524160 -436.277735 -214.744828 -439.362605 -0.358170 0.000000 0.000000 0.010000
-171.958047 -360.705821 0.000000 -1.340419 -100.000000 237.547885 502.420655 1945.462324 1.000000 -199.867662 -440.160794 -214.032957 -443.483140 -0.357006 0.000000 0.000000 0.010000
-175.896010 -360.019868 0.000000 -1.323596 -100.000000 235.780217 506.417915 1941.465064 1.000000 -199.143826 -444.030943 -213.249681 -447.590721 -0.355662 0.000000 0.000000 0.010000
-179.821826 -359.266246 0.000000 -1.306710 -100.000000 233.976599 510.415411 1937.467568 1.000000 -198.353027 -447.887050 -212.395212 -451.684090 -0.354193 0.000000 0.000000 0.010000
-183.734310 -358.444893 0.000000 -1.289760 -100.000000 232.143882 514.413179 1933.469800 1.000000 -197.495637 -451.728022 -211.469751 -455.762025 -0.352649 0.000000 0.000000 0.010000
-187.632296 -357.555760 0.000000 -1.272747 -100.000000 230.288958 518.411285 1929.471694 1.000000 -196.572011 -455.552803 -210.473486 -459.823336 -0.351084 0.000000 0.000000 0.010000
-191.514639 -356.598809 0.000000 -1.255671 -100.000000 228.418739 522.409828 1925.473151 1.000000 -195.582489 -459.360377 -209.406588 -463.866866 -0.349550 0.000000 0.000000 0.010000
-195.380215 -355.574008 0.000000 -1.238530 -100.000000 226.540139 526.408940 1921.474039 1.000000 -194.527393 -463.149760 -208.269205 -467.891499 -0.348100 0.000000 0.000000 0.010000
-199.227923 -354.481324 0.000000 -1.221319 -100.000000 224.660060 530.408792 1917.474187 1.000000 -193.407023 -466.919998 -207.061476 -471.896174 -0.346787 0.000000 0.000000 0.010000
-203.056680 -353.320721 0.000000 -1.204031 -100.000000 222.785370 534.409590 1913.473389 1.000000 -192.221661 -470.670157 -205.783652 -475.879955 -0.345662 0.000000 0.000000 0.010000
-206.865440 -352.092299 0.000000 -1.186792 -100.000000 223.362995 538.411548 1909.471431 1.000000 -190.971402 -474.399792 -204.436596 -479.840583 -0.344770 0.000000 0.000000 0.010000
-210.653082 -350.796468 0.000000 -1.169532 -100.000000 224.022404 542.414723 1905.468256 1.000000 -189.656610 -478.107571 -203.020599 -483.777704 -0.344105 0.000000 0.000000 0.010000
-214.418364 -349.433505 0.000000 -1.152251 -100.000000 224.605991 546.419097 1901.463882 1.000000 -188.277589 -481.792353 -201.536200 -487.690171 -0.343651 0.000000 0.000000 0.010000
-218.160022 -348.003693 0.000000 -1.134948 -100.000000 225.111138 550.424640 1897.458339 1.000000 -186.834649 -485.452973 -199.983937 -491.576848 -0.343390 0.000000 0.000000 0.010000
-221.876780 -346.507336 0.000000 -1.117620 -100.000000 225.535576 554.431306 1893.451673 1.000000 -185.328112 -489.088245 -198.364347 -495.436605 -0.343304 0.000000 0.000000 0.010000
-225.567347 -344.944763 0.000000 -1.100269 -100.000000 225.877405 558.439038 1889.443941 1.000000 -183.758307 -492.696971 -196.677972 -499.268300 -0.343376 0.000000 0.000000 0.010000
-229.230425 -343.316324 0.000000 -1.082891 -100.000000 226.135096 562.447773 1885.435206 1.000000 -182.125574 -496.277937 -194.924855 -503.070522 -0.343588 0.000000 0.000000 0.010000
-232.864709 -341.622398 0.000000 -1.065487 -100.000000 226.307506 566.457436 1881.425543 1.000000 -180.430264 -499.829915 -193.103835 -506.841137 -0.343922 0.000000 0.000000 0.010000
-236.468888 -339.863389 0.000000 -1.048058 -100.000000 226.393877 570.467950 1877.415029 1.000000 -178.672739 -503.351667 -191.217731 -510.580141 -0.344361 0.000000 0.000000 0.010000
-240.041651 -338.039730 0.000000 -1.030602 -100.000000 226.393845 574.479231 1873.403748 1.000000 -176.853376 -506.841942 -189.267106 -514.286376 -0.344888 0.000000 0.000000 0.010000
-243.581690 -336.151883 0.000000 -1.013122 -100.000000 226.307437 578.491193 1869.391786 1.000000 -174.972565 -510.299483 -187.252530 -517.958677 -0.345484 0.000000 0.000000 0.010000
-247.087699 -334.200340 0.000000 -0.995618 -100.000000 226.135078 582.503751 1865.379228 1.000000 -173.030710 -513.723022 -185.174578 -521.595878 -0.346132 0.000000 0.000000 0.010000
-250.558382 -332.185623 0.000000 -0.978092 -100.000000 225.877579 586.516820 1861.366159 1.000000 -171.028235 -517.111291 -183.033832 -525.196808 -0.346815 0.000000 0.000000 0.010000
-253.992450 -330.108287 0.000000 -0.960548 -100.000000 225.536142 590.530316 1857.352663 1.000000 -168.965699 -520.463100 -180.830882 -528.760292 -0.347514 0.000000 0.000000 0.010000
-257.388633 -327.968917 0.000000 -0.942987 -100.000000 225.112348 594.544163 1853.338816 1.000000 -166.843917 -523.777439 -178.566323 -532.285155 -0.348213 0.000000 0.000000 0.010000
-260.745676 -325.768129 0.000000 -0.925413 -100.000000 224.608154 598.558288 1849.324691 1.000000 -164.663838 -527.053430 -176.240761 -535.770218 -0.348893 0.000000 0.000000 0.010000
-264.062344 -323.506571 0.000000 -0.907830 -100.000000 224.025877 602.572629 1845.310350 1.000000 -162.426405 -530.290225 -173.854802 -539.214306 -0.349538 0.000000 0.000000 0.010000
-267.337428 -321.184921 0.000000 -0.890240 -100.000000 223.368187 606.587131 1841.295848 1.000000 -160.132549 -533.487002 -171.409053 -542.616254 -0.350129 0.000000 0.000000 0.010000
-270.569746 -318.803884 0.000000 -0.872641 -100.000000 222.638096 610.601757 1837.281222 1.000000 -157.783192 -536.642948 -168.904092 -545.974945 -0.350648 0.000000 0.000000 0.010000
-273.758177 -316.364276 0.000000 -0.855127 -100.000000 223.317405 614.616452 1833.266527 1.000000 -155.378983 -539.757599 -166.341124 -549.288462 -0.351082 0.000000 0.000000 0.010000
-276.901801 -313.867058 0.000000 -0.837671 -100.000000 224.228573 618.631234 1829.251745 1.000000 -152.920853 -542.830093 -163.720599 -552.555928 -0.351428 0.000000 0.000000 0.010000
-279.999720 -311.313114 0.000000 -0.820267 -100.000000 225.095808 622.646172 1825.236807 1.000000 -150.409626 -545.859703 -161.043076 -555.776313 -0.351692 0.000000 0.000000 0.010000
-283.051043 -308.703340 0.000000 -0.802918 -100.000000 225.915255 626.661330 1821.221649 2.000000 -147.846092 -548.845729 -158.309262 -558.948554 -0.351880 0.000000 0.000000 0.010000
-286.054895 -306.038669 0.000000 -0.785608 -100.000000 226.683275 630.676750 1817.206230 2.000000 -145.231101 -551.787382 -155.519965 -562.071931 -0.351996 0.000000 0.000000 0.010000
-289.010401 -303.320044 0.000000 -0.768278 -100.000000 227.396460 634.692461 1813.190518 2.000000 -142.565641 -554.683726 -152.675802 -565.146125 -0.352046 0.000000 0.000000 0.010000
-291.916717 -300.548448 0.000000 -0.750935 -100.000000 228.051649 638.708482 1809.174497 2.000000 -139.850506 -557.534038 -149.777827 -568.170320 -0.352036 0.000000 0.000000 0.010000
-294.773029 -297.724899 0.000000 -0.733631 -100.000000 228.645940 642.724817 1805.158163 2.000000 -137.086340 -560.337724 -146.827403 -571.143389 -0.351969 0.000000 0.000000 0.010000
-297.578485 -294.850381 0.000000 -0.716263 -100.000000 229.176701 646.741461 1801.141518 2.000000 -134.274285 -563.093686 -143.824692 -574.065143 -0.351853 0.000000 0.000000 0.010000
-300.332227 -291.925878 0.000000 -0.698756 -100.000000 229.641585 650.758402 1797.124577 2.000000 -131.415417 -565.800921 -140.768361 -576.933194 -0.351691 0.000000 0.000000 0.010000
-303.033425 -288.952406 0.000000 -0.681172 -100.000000 230.038536 654.775616 1793.107363 2.000000 -128.510362 -568.458850 -137.661783 -579.748507 -0.351489 0.000000 0.000000 0.010000
-305.681242 -285.930978 0.000000 -0.663561 -100.000000 230.365802 658.793073 1789.089906 2.000000 -125.559772 -571.066837 -134.506310 -582.509954 -0.351253 0.000000 0.000000 0.010000
-308.274836 -282.862604 0.000000 -0.645935 -100.000000 230.621939 662.810740 1785.072239 2.000000 -122.564428 -573.624110 -131.303021 -585.216675 -0.350987 0.000000 0.000000 0.010000
-310.813370 -279.748308 0.000000 -0.628301 -100.000000 230.805823 666.828575 1781.054404 2.000000 -119.525131 -576.129873 -128.052957 -587.867840 -0.350697 0.000000 0.000000 0.010000
-313.296023 -276.589126 0.000000 -0.610666 -100.000000 230.916647 670.846534 1777.036445 2.000000 -116.442693 -578.583311 -124.757147 -590.462631 -0.350389 0.000000 0.000000 0.010000
-315.721986 -273.386109 0.000000 -0.593030 -100.000000 230.953934 674.864570 1773.018409 2.000000 -113.317943 -580.983590 -121.416602 -593.000242 -0.350066 0.000000 0.000000 0.010000
-318.090471 -270.140321 0.000000 -0.575396 -100.000000 230.917532 678.882637 1769.000342 2.000000 -110.151723 -583.329863 -118.032319 -595.479876 -0.349735 0.000000 0.000000 0.010000
-320.400704 -266.852838 0.000000 -0.557763 -100.000000 230.807618 682.900687 1764.982292 2.000000 -106.944888 -585.621268 -114.605286 -597.900737 -0.349401 0.000000 0.000000 0.010000
-322.651933 -263.524745 0.000000 -0.540126 -100.000000 230.624696 686.918675 1760.964304 2.000000 -103.698322 -587.856926 -111.136444 -600.262055 -0.349069 0.000000 0.000000 0.010000
-324.843428 -260.157153 0.000000 -0.522505 -100.000000 230.670181 690.936552 1756.946427 2.000000 -100.412826 -590.036008 -107.626975 -602.562898 -0.348745 0.000000 0.000000 0.010000
-326.974544 -256.751222 0.000000 -0.504921 -100.000000 231.160535 694.954265 1752.928714 2.000000 -97.089227 -592.157666 -104.078066 -604.802342 -0.348432 0.000000 0.000000 0.010000
-329.044697 -253.308105 0.000000 -0.487352 -100.000000 231.588943 698.971799 1748.911180 2.000000 -93.728494 -594.220960 -100.490525 -606.979706 -0.348134 0.000000 0.000000 0.010000
-331.053290 -249.828929 0.000000 -0.469801 -100.000000 231.953535 702.989151 1744.893828 2.000000 -90.331507 -596.225010 -96.865379 -609.094160 -0.347853 0.000000 0.000000 0.010000
-332.999749 -246.314836 0.000000 -0.452266 -100.000000 232.252723 707.006308 1740.876671 2.000000 -86.899198 -598.168908 -93.203622 -611.144890 -0.347592 0.000000 0.000000 0.010000
-334.883514 -242.766984 0.000000 -0.434748 -100.000000 232.485213 711.023251 1736.859729 2.000000 -83.432325 -600.051326 -89.506292 -613.131059 -0.347354 0.000000 0.000000 0.010000
-336.704045 -239.186538 0.000000 -0.417245 -100.000000 232.650002 715.039956 1732.843023 2.000000 -79.931861 -601.871268 -85.774436 -615.051820 -0.347143 0.000000 0.000000 0.010000
-338.460821 -235.574675 0.000000 -0.399758 -100.000000 232.746391 719.056400 1728.826579 2.000000 -76.399049 -603.628281 -82.009126 -616.906318 -0.346960 0.000000 0.000000 0.010000
-340.153340 -231.932579 0.000000 -0.382286 -100.000000 232.773982 723.072553 1724.810427 2.000000 -72.834930 -605.321433 -78.211479 -618.693758 -0.346809 0.000000 0.000000 0.010000
-341.781122 -228.261442 0.000000 -0.364828 -100.000000 232.732684 727.088387 1720.794592 2.000000 -69.240601 -606.949858 -74.382756 -620.413660 -0.346693 0.000000 0.000000 0.010000
-343.343707 -224.562459 0.000000 -0.347383 -100.000000 232.622712 731.103874 1716.779105 2.000000 -65.617351 -608.513151 -70.523727 -622.064210 -0.346615 0.000000 0.000000 0.010000
-344.840657 -220.836833 0.000000 -0.329952 -100.000000 232.444582 735.118990 1712.763989 2.000000 -61.966531 -610.011111 -66.635713 -623.644908 -0.346576 0.000000 0.000000 0.010000
-346.271555 -217.085764 0.000000 -0.312533 -100.000000 232.199117 739.133711 1708.749268 2.000000 -58.289470 -611.443567 -62.720634 -625.157130 -0.346581 0.000000 0.000000 0.010000
-347.636008 -213.310458 0.000000 -0.295126 -100.000000 231.887436 743.148019 1704.734960 2.000000 -54.587479 -612.810363 -58.779763 -626.600604 -0.346632 0.000000 0.000000 0.010000
-348.933644 -209.512116 0.000000 -0.277729 -100.000000 231.510950 747.161903 1700.721076 2.000000 -50.861844 -614.111355 -54.814354 -627.975066 -0.346732 0.000000 0.000000 0.010000
-350.164111 -205.691937 0.000000 -0.260343 -100.000000 231.071363 751.175357 1696.707623 2.000000 -47.113828 -615.346412 -50.825646 -629.280265 -0.346884 0.000000 0.000000 0.010000
-351.327080 -201.851118 0.000000 -0.242965 -100.000000 230.570653 755.188384 1692.694595 2.000000 -43.344667 -616.515409 -46.814864 -630.515954 -0.347090 0.000000 0.000000 0.010000
-352.422244 -197.990848 0.000000 -0.225594 -100.000000 230.011075 759.200998 1688.681981 2.000000 -39.555577 -617.618229 -42.783201 -631.681899 -0.347354 0.000000 0.000000 0.010000
-353.449308 -194.112304 0.000000 -0.208221 -100.000000 229.395143 763.213225 1684.669754 2.000000 -35.747776 -618.654752 -38.731754 -632.777888 -0.347679 0.000000 0.000000 0.010000
-354.408012 -190.216666 0.000000 -0.190869 -100.000000 229.045192 767.225096 1680.657883 2.000000 -31.922334 -619.624891 -34.661960 -633.803623 -0.348066 0.000000 0.000000 0.010000
-355.298193 -186.305173 0.000000 -0.173576 -100.000000 229.472301 771.236604 1676.646375 2.000000 -28.080300 -620.528552 -30.575439 -634.758776 -0.348515 0.000000 0.000000 0.010000
-356.119757 -182.379131 0.000000 -0.156307 -100.000000 229.816154 775.247686 1672.635293 2.000000 -24.223055 -621.365558 -26.473100 -635.643202 -0.349010 0.000000 0.000000 0.010000
-356.872551 -178.439823 0.000000 -0.139064 -100.000000 230.075189 779.258277 1668.624702 2.000000 -20.351813 -622.135772 -22.356273 -636.456652 -0.349540 0.000000 0.000000 0.010000
-357.556460 -174.488543 0.000000 -0.121845 -100.000000 230.248220 783.268308 1664.614671 2.000000 -16.467822 -622.839051 -18.226212 -637.198899 -0.350089 0.000000 0.000000 0.010000
-358.171384 -170.526582 0.000000 -0.104651 -100.000000 230.334432 787.277705 1660.605274 2.000000 -12.572310 -623.475255 -14.084228 -637.869711 -0.350644 0.000000 0.000000 0.010000
-358.717250 -166.555232 0.000000 -0.087481 -100.000000 230.333396 791.286394 1656.596585 2.000000 -8.666513 -624.044243 -9.931619 -638.468866 -0.351192 0.000000 0.000000 0.010000
-359.194006 -162.575783 0.000000 -0.070334 -100.000000 230.245064 795.294300 1652.588679 2.000000 -4.751664 -624.545874 -5.769692 -638.996148 -0.351717 0.000000 0.000000 0.010000
-359.601627 -158.589521 0.000000 -0.053211 -100.000000 230.069770 799.301349 1648.581630 2.000000 -0.828997 -624.980006 -1.599760 -639.451346 -0.352206 0.000000 0.000000 0.010000
-359.940111 -154.597725 0.000000 -0.036111 -100.000000 229.808231 803.307470 1644.575509 2.000000 3.100256 -625.346497 2.576861 -639.834268 -0.352645 0.000000 0.000000 0.010000
-360.209482 -150.601666 0.000000 -0.019034 -100.000000 229.461544 807.312598 1640.570381 2.000000 7.034862 -625.645205 6.758846 -640.144822 -0.353021 0.000000 0.000000 0.010000
-360.409788 -146.602603 0.000000 -0.001979 -100.000000 229.031175 811.316674 1636.566305 2.000000 10.973590 -625.875987 10.944880 -640.382488 -0.353319 0.000000 0.000000 0.010000
-360.541100 -142.601784 0.000000 0.015053 -100.000000 228.518959 815.319648 1632.563331 2.000000 14.915209 -626.038700 15.133594 -640.545092 -0.353525 0.000000 0.000000 0.010000
-360.603516 -138.600441 0.000000 0.032063 -100.000000 227.927086 819.321478 1628.561501 2.000000 18.858490 -626.133201 19.323636 -640.635251 -0.353626 0.000000 0.000000 0.010000
-360.597152 -134.599788 0.000000 0.049053 -100.000000 227.258092 823.322136 1624.560843 2.000000 22.802202 -626.159345 23.513729 -640.652929 -0.353607 0.000000 0.000000 0.010000
-360.522149 -130.601019 0.000000 0.066024 -100.000000 226.514849 827.321608 1620.561372 2.000000 26.745110 -626.116989 27.702606 -640.598081 -0.353455 0.000000 0.000000 0.010000
-360.378667 -126.605309 0.000000 0.082974 -100.000000 225.700547 831.319894 1616.563085 2.000000 30.686003 -626.005985 31.888960 -640.470657 -0.353156 0.000000 0.000000 0.010000
-360.166881 -122.613803 0.000000 0.099909 -100.000000 224.818684 835.317014 1612.565965 2.000000 34.623640 -625.826189 36.071586 -640.270599 -0.352695 0.000000 0.000000 0.010000
-359.886961 -118.627629 0.000000 0.116867 -100.000000 223.873047 839.313004 1608.569975 2.000000 38.556689 -625.577555 40.249650 -639.997807 -0.352060 0.000000 0.000000 0.010000
-359.539131 -114.647874 0.000000 0.133766 -100.000000 223.694287 843.307930 1604.575049 2.000000 42.484282 -625.260415 44.420991 -639.652272 -0.351235 0.000000 0.000000 0.010000
-359.123971 -110.675395 0.000000 0.150396 -100.000000 227.452755 847.302045 1600.580934 2.000000 46.406204 -624.875369 48.582136 -639.234183 -0.350211 0.000000 0.000000 0.010000
-358.642383 -106.710739 0.000000 0.166913 -100.000000 231.360854 851.295843 1596.587136 2.000000 50.321292 -624.423152 52.733964 -638.743317 -0.348988 0.000000 0.000000 0.010000
-358.094914 -102.754533 0.000000 0.183306 -100.000000 235.412909 855.289749 1592.593230 2.000000 54.228921 -623.904448 56.875351 -638.179589 -0.347568 0.000000 0.000000 0.010000
-357.482154 -98.807448 0.000000 0.199589 -100.000000 239.602954 859.284114 1588.598865 2.000000 58.128334 -623.319945 61.005381 -637.542866 -0.345952 0.000000 0.000000 0.010000
-356.804689 -94.870209 0.000000 0.215754 -100.000000 243.924711 863.279212 1584.603767 2.000000 62.018803 -622.670325 65.122785 -636.833045 -0.344140 0.000000 0.000000 0.010000
-356.063117 -90.943586 0.000000 0.231803 -100.000000 248.371565 867.275248 1580.607731 2.000000 65.899531 -621.956272 69.226297 -636.050017 -0.342135 0.000000 0.000000 0.010000
-355.258043 -87.028393 0.000000 0.247735 -100.000000 252.936554 871.272357 1576.610622 2.000000 69.769681 -621.178481 73.314558 -635.193687 -0.339938 0.000000 0.000000 0.010000
-354.390093 -83.125486 0.000000 0.263553 -100.000000 257.612340 875.270609 1572.612370 2.000000 73.628382 -620.337652 77.386113 -634.263984 -0.337550 0.000000 0.000000 0.010000
-353.459909 -79.235761 0.000000 0.279256 -100.000000 262.391202 879.270009 1568.612970 2.000000 77.474729 -619.434495 81.439549 -633.261315 -0.334972 0.000000 0.000000 0.010000
-352.468158 -75.360145 0.000000 0.294845 -100.000000 267.265010 883.270505 1564.612474 2.000000 81.307785 -618.469737 85.473705 -632.187104 -0.332206 0.000000 0.000000 0.010000
-351.415528 -71.499599 0.000000 0.310321 -100.000000 272.225218 887.271986 1560.610993 2.000000 85.126585 -617.444118 89.487555 -631.043181 -0.329253 0.000000 0.000000 0.010000
-350.302738 -67.655108 0.000000 0.325685 -100.000000 277.262843 891.274287 1556.608692 2.000000 88.930136 -616.358395 93.480125 -629.831422 -0.326115 0.000000 0.000000 0.010000
-349.130532 -63.827683 0.000000 0.340937 -100.000000 282.368456 895.277191 1552.605788 2.000000 92.717424 -615.213342 97.450483 -628.553728 -0.322793 0.000000 0.000000 0.010000
-347.899688 -60.018358 0.000000 0.356078 -100.000000 287.532168 899.280433 1548.602546 2.000000 96.487412 -614.009753 101.397642 -627.211734 -0.319288 0.000000 0.000000 0.010000
-346.611014 -56.228179 0.000000 0.371106 -100.000000 292.743622 903.283698 1544.599281 2.000000 100.239043 -612.748444 105.320050 -625.805578 -0.315602 0.000000 0.000000 0.010000
-345.265354 -52.458210 0.000000 0.386022 -100.000000 297.991982 907.286631 1540.596348 2.000000 103.971250 -611.430249 109.217700 -624.339437 -0.311735 0.000000 0.000000 0.010000
-343.863588 -48.709521 0.000000 0.400822 -100.000000 303.265925 911.288832 1536.594147 2.000000 107.682948 -610.056024 113.089835 -622.815249 -0.307690 0.000000 0.000000 0.010000
-342.406633 -44.983192 0.000000 0.415508 -100.000000 308.553638 915.289862 1532.593117 2.000000 111.373035 -608.626651 116.935759 -621.234944 -0.303467 0.000000 0.000000 0.010000
-340.895453 -41.280301 0.000000 0.430067 -100.000000 313.920124 919.289246 1528.593733 2.000000 115.040432 -607.143021 120.754698 -619.600498 -0.299069 0.000000 0.000000 0.010000
-339.331014 -37.601730 0.000000 0.444459 -100.000000 320.376225 923.286664 1524.596315 2.000000 118.684297 -605.605939 124.545840 -617.913921 -0.294498 0.000000 0.000000 0.010000
-337.714145 -33.947807 0.000000 0.458682 -100.000000 327.177407 927.282340 1520.600639 2.000000 122.304194 -604.016030 128.309283 -616.176810 -0.289765 0.000000 0.000000 0.010000
-336.045631 -30.318777 0.000000 0.472709 -100.000000 334.335315 931.276560 1516.606419 2.000000 125.899809 -602.373832 132.045022 -614.390776 -0.284881 0.000000 0.000000 0.010000
-334.326304 -26.714877 0.000000 0.486508 -100.000000 341.862758 935.269577 1512.613402 2.000000 129.470812 -600.679857 135.752991 -612.557426 -0.279859 0.000000 0.000000 0.010000
-332.557078 -23.136309 0.000000 0.500000 -100.000000 349.773827 939.261608 1508.621371 2.000000 133.016948 -598.934541 139.432730 -610.678546 -0.274710 0.000000 0.000000 0.010000
-330.738991 -19.583217 0.000000 0.513069 -100.000000 358.084031 943.252835 1504.630144 2.000000 136.538017 -597.138250 143.083451 -608.756096 -0.269445 0.000000 0.000000 0.010000
-328.873233 -16.055667 0.000000 0.525634 -100.000000 366.810450 947.243407 1500.639572 2.000000 140.033673 -595.291380 146.704745 -606.791900 -0.264077 0.000000 0.000000 0.010000
-326.961210 -12.553596 0.000000 0.537570 -100.000000 375.971914 951.233437 1496.649543 2.000000 143.503639 -593.394251 150.295910 -604.788175 -0.258618 0.000000 0.000000 0.010000
-325.004622 -9.076760 0.000000 0.548709 -100.000000 385.589200 955.223000 1492.659979 2.000000 146.947696 -591.447106 153.855993 -602.747544 -0.253078 0.000000 0.000000 0.010000
-323.005426 -5.624739 0.000000 0.559057 -100.000000 395.685271 959.212140 1488.670839 2.000000 150.365139 -589.450425 157.385636 -600.671789 -0.247470 0.000000 0.000000 0.010000
-320.965818 -2.196923 0.000000 0.568690 -100.000000 406.285538 963.200865 1484.682115 2.000000 153.755067 -587.404801 160.886080 -598.562315 -0.241805 0.000000 0.000000 0.010000
-318.888245 1.207503 0.000000 0.577567 -100.000000 417.418173 967.189151 1480.693828 2.000000 157.116966 -585.310800 164.357533 -596.421124 -0.236095 0.000000 0.000000 0.010000
-316.775343 4.589539 0.000000 0.585665 -100.000000 429.114462 971.176948 1476.706031 2.000000 160.450892 -583.169897 167.800353 -594.250131 -0.230353 0.000000 0.000000 0.010000
-314.629796 7.950296 0.000000 0.593143 -100.000000 441.409219 975.164185 1472.718794 2.000000 163.757160 -580.984861 171.216508 -592.050207 -0.224589 0.000000 0.000000 0.010000
-312.454289 11.290966 0.000000 0.600046 -100.000000 454.341272 979.150775 1468.732204 2.000000 167.036551 -578.758333 174.606928 -589.822828 -0.218815 0.000000 0.000000 0.010000
-310.251541 14.612839 0.000000 0.606213 -100.000000 467.954025 983.136618 1464.746361 2.000000 170.290492 -576.492555 177.970847 -587.570582 -0.213043 0.000000 0.000000 0.010000
-308.023921 17.917065 0.000000 0.612187 -100.000000 482.296120 987.121615 1460.761364 0.000000 173.518622 -574.191082 181.313471 -585.292013 -0.207285 0.000000 0.000000 0.010000
-305.772913 21.204284 0.000000 0.618874 -100.000000 497.422213 991.105689 1456.777290 0.000000 176.719539 -571.858367 184.642913 -582.983410 -0.201552 0.000000 0.000000 0.010000
-303.499433 24.474781 0.000000 0.625805 -100.000000 513.393900 995.088761 1452.794218 0.000000 179.895634 -569.496155 187.955795 -580.648870 -0.195857 0.000000 0.000000 0.010000
-301.204107 27.728765 0.000000 0.632487 -100.000000 531.952714 999.070837 1448.812142 0.000000 183.049633 -567.105873 191.248765 -578.292647 -0.190210 0.000000 0.000000 0.010000
-298.887123 30.966489 0.000000 0.639290 -100.000000 552.019745 1003.052202 1444.830777 0.000000 186.182047 -564.690602 194.525824 -575.913803 -0.184627 0.000000 0.000000 0.010000
-296.548565 34.188155 0.000000 0.646161 -100.000000 573.729762 1007.033155 1440.849824 0.000000 189.294657 -562.252456 197.787544 -573.513788 -0.179120 0.000000 0.000000 0.010000
-294.188701 37.394056 0.000000 0.652637 -100.000000 597.273642 1011.013955 1436.869024 0.000000 192.390634 -559.792402 201.031207 -571.096517 -0.173704 0.000000 0.000000 0.010000
-291.807794 40.584456 0.000000 0.659008 -100.000000 622.875209 1014.994829 1432.888150 0.000000 195.470797 -557.313243 204.260119 -568.661378 -0.168392 0.000000 0.000000 0.010000
-289.405865 43.759416 0.000000 0.665788 -100.000000 650.798557 1018.975990 1428.906989 0.000000 198.535100 -554.818514 207.479259 -566.206244 -0.163199 0.000000 0.000000 0.010000
-286.983048 46.919053 0.000000 0.672375 -100.000000 681.357426 1022.957615 1424.925364 0.000000 201.587323 -552.308609 210.684714 -563.735671 -0.158138 0.000000 0.000000 0.010000
-284.540069 50.063881 0.000000 0.677812 -100.000000 714.927321 1026.939838 1420.943141 0.000000 204.632774 -549.782571 213.869843 -561.256490 -0.153223 0.000000 0.000000 0.010000
-282.078773 53.195241 0.000000 0.681253 -100.000000 751.961365 1030.922725 1416.960254 0.000000 207.676621 -547.239478 217.028911 -558.775025 -0.148467 0.000000 0.000000 0.010000
-279.601862 56.315140 0.000000 0.683181 -100.000000 793.011302 1034.906299 1412.976680 0.000000 210.719157 -544.682487 220.166536 -556.289524 -0.143886 0.000000 0.000000 0.010000
-277.112064 59.425664 0.000000 0.684798 -100.000000 838.755718 1038.890574 1408.992405 0.000000 213.757674 -542.117338 223.292891 -553.793660 -0.139493 0.000000 0.000000 0.010000
-274.611569 62.528537 0.000000 0.686620 -100.000000 890.038520 1042.875584 1405.007395 0.000000 216.791897 -539.547799 226.412720 -551.285233 -0.135302 0.000000 0.000000 0.010000
-272.101838 65.624958 0.000000 0.688578 -100.000000 947.922356 1046.861380 1401.021599 0.000000 219.823826 -536.975765 229.526258 -548.765615 -0.131326 0.000000 0.000000 0.010000
-269.583845 68.715753 0.000000 0.690432 -100.000000 1013.764155 1050.848020 1397.034959 0.000000 222.856175 -534.402461 232.632443 -546.237247 -0.127579 0.000000 0.000000 0.010000
-267.058386 71.801594 0.000000 0.692017 -100.000000 1089.324309 1054.835546 1393.047433 0.000000 225.891416 -531.829320 235.730798 -543.702124 -0.124076 0.000000 0.000000 0.010000
-264.526242 74.883133 0.000000 0.693287 -100.000000 1176.928352 1058.823984 1389.058996 0.000000 228.931116 -529.257659 238.821758 -541.161510 -0.120830 0.000000 0.000000 0.010000
-261.988230 77.961031 0.000000 0.694266 -100.000000 1279.713166 1062.813340 1385.069639 0.000000 231.975359 -526.687655 241.906298 -538.616221 -0.117856 0.000000 0.000000 0.010000
-259.445172 81.035934 0.000000 0.695001 -100.000000 1402.014169 1066.803599 1381.079380 0.000000 235.023872 -524.119323 244.985547 -536.066939 -0.115166 0.000000 0.000000 0.010000
-256.897852 84.108469 0.000000 0.695526 -100.000000 1549.997644 1070.794753 1377.088226 0.000000 238.076417 -521.552634 248.060545 -533.514409 -0.112776 0.000000 0.000000 0.010000
-254.347130 87.178936 0.000000 0.695939 -100.000000 1655.366586 1074.786488 1373.096491 0.000000 241.132236 -518.987999 251.132589 -530.959158 -0.110695 0.000000 0.000000 0.010000
-251.793707 90.247530 0.000000 0.696221 -100.000000 1764.967792 1078.778510 1369.104469 0.000000 244.191078 -516.425390 254.202094 -528.402444 -0.108910 0.000000 0.000000 0.010000
-249.238086 93.314745 0.000000 0.696401 -100.000000 1890.219073 1082.770879 1365.112100 0.000000 247.252759 -513.864731 257.270107 -525.844994 -0.107403 0.000000 0.000000 0.010000
-246.680675 96.381033 0.000000 0.696516 -100.000000 2034.710086 1086.763682 1361.119297 0.000000 250.317063 -511.305966 260.337782 -523.287448 -0.106154 0.000000 0.000000 0.010000
-244.121792 99.446757 0.000000 0.696597 -100.000000 2203.221815 1090.756994 1357.125985 0.000000 253.383803 -508.749015 263.406189 -520.730513 -0.105142 0.000000 0.000000 0.010000
-241.561675 102.512202 0.000000 0.696663 -100.000000 2402.265280 1094.750884 1353.132095 0.000000 256.452835 -506.193763 266.476143 -518.174767 -0.104348 0.000000 0.000000 0.010000
-239.000491 105.577591 0.000000 0.696720 -100.000000 2640.941629 1098.745414 1349.137565 0.000000 259.524061 -503.640054 269.547887 -515.620299 -0.103753 0.000000 0.000000 0.010000
-236.438358 108.643095 0.000000 0.696766 -100.000000 2932.372004 1102.740641 1345.142338 0.000000 262.597411 -501.087710 272.621389 -513.066999 -0.103336 0.000000 0.000000 0.010000
-233.875364 111.708848 0.000000 0.696800 -100.000000 3296.192196 1106.736611 1341.146368 0.000000 265.672818 -498.536550 275.696573 -510.514747 -0.103078 0.000000 0.000000 0.010000
-231.311573 114.774958 0.000000 0.696819 -100.000000 3763.168218 1110.733367 1337.149612 0.000000 268.750206 -495.986399 278.773362 -507.963423 -0.102959 0.000000 0.000000 0.010000
-228.747041 117.841518 0.000000 0.696823 -100.000000 4384.383857 1114.730943 1333.152036 0.000000 271.829484 -493.437096 281.851689 -505.412899 -0.102960 0.000000 0.000000 0.010000
-226.181817 120.908606 0.000000 0.696812 -100.000000 5251.328505 1118.729368 1329.153611 0.000000 274.910555 -490.888484 284.931494 -502.863042 -0.103059 0.000000 0.000000 0.010000
-223.615944 123.976290 0.000000 0.696788 -100.000000 6545.691686 1122.728666 1325.154313 0.000000 277.993310 -488.340415 288.012716 -500.313721 -0.103239 0.000000 0.000000 0.010000
-221.049463 127.044629 0.000000 0.696753 -100.000000 8686.882248 1126.728858 1321.154121 0.000000 281.077640 -485.792741 291.095289 -497.764803 -0.103479 0.000000 0.000000 0.010000
-218.482409 130.113675 0.000000 0.696707 -100.000000 12909.792908 1130.729959 1317.153020 0.000000 284.163434 -483.245315 294.179145 -495.216163 -0.103759 0.000000 0.000000 0.010000
-215.914815 133.183473 0.000000 0.696653 -100.000000 25121.487314 1134.731983 1313.150996 0.000000 287.250576 -480.697993 297.264213 -492.667673 -0.104059 0.000000 0.000000 0.010000
-213.346708 136.254064 0.000000 0.696591 -100.000000 464067.700052 1138.734945 1309.148034 0.000000 290.338959 -478.150626 300.350416 -490.119215 -0.104360 0.000000 0.000000 0.010000
-210.778119 139.325473 0.000000 0.696525 -100.000000 28173.962852 1142.738843 1305.144136 0.000000 293.428442 -475.603088 303.437697 -487.570649 -0.104642 0.000000 0.000000 0.010000
-208.209048 142.397768 0.000000 0.696444 -100.000000 13672.681406 1146.743731 1301.139248 0.000000 296.518992 -473.055168 306.525917 -485.021906 -0.104886 0.000000 0.000000 0.010000
-205.639705 145.470622 0.000000 0.696437 -100.000000 12913.951209 1150.749222 1297.133757 0.000000 299.609828 -470.507268 309.615385 -482.472545 -0.105073 0.000000 0.000000 0.010000
-203.070296 148.543469 0.000000 0.696446 -100.000000 13774.081013 1154.754749 1293.128230 0.000000 302.700635 -467.959408 312.705117 -479.923194 -0.105201 0.000000 0.000000 0.010000
-200.500864 151.616224 0.000000 0.696445 -100.000000 14756.732345 1158.760221 1289.122758 0.000000 305.791324 -465.411419 315.794757 -477.373959 -0.105277 0.000000 0.000000 0.010000
-197.931425 154.688918 0.000000 0.696442 -100.000000 15890.114704 1162.765650 1285.117329 0.000000 308.881763 -462.863170 318.884267 -474.824687 -0.105306 0.000000 0.000000 0.010000
-195.362002 157.761551 0.000000 0.696433 -100.000000 17211.817794 1166.771023 1281.111957 0.000000 311.971827 -460.314521 321.973527 -472.275290 -0.105293 0.000000 0.000000 0.010000
-192.792614 160.834129 0.000000 0.696420 -100.000000 18773.063867 1170.776330 1277.106649 0.000000 315.061390 -457.765337 325.062447 -469.725657 -0.105244 0.000000 0.000000 0.010000
-190.223283 163.906658 0.000000 0.696403 -100.000000 20645.503983 1174.781564 1273.101415 0.000000 318.150319 -455.215485 328.150933 -467.175681 -0.105166 0.000000 0.000000 0.010000
-187.654027 166.979141 0.000000 0.696384 -100.000000 22932.530327 1178.786715 1269.096264 0.000000 321.238487 -452.664829 331.238894 -464.625251 -0.105062 0.000000 0.000000 0.010000
-185.084862 170.051580 0.000000 0.696362 -100.000000 25789.041654 1182.791772 1265.091207 0.000000 324.325762 -450.113236 334.326233 -462.074260 -0.104940 0.000000 0.000000 0.010000
-182.515806 173.123976 0.000000 0.696338 -100.000000 29458.079552 1186.796727 1261.086252 0.000000 327.412022 -447.560574 337.412856 -459.522604 -0.104804 0.000000 0.000000 0.010000
-179.946874 176.196330 0.000000 0.696313 -100.000000 34343.922018 1190.801570 1257.081409 0.000000 330.497220 -445.006805 340.498664 -456.970176 -0.104660 0.000000 0.000000 0.010000
-177.378079 179.268638 0.000000 0.696287 -100.000000 41172.375725 1194.806291 1253.076688 0.000000 333.581398 -442.451997 343.583559 -454.416874 -0.104515 0.000000 0.000000 0.010000
-174.809434 182.340901 0.000000 0.696258 -100.000000 51389.749300 1198.810880 1249.072099 0.000000 336.664607 -439.896225 346.667442 -451.862593 -0.104372 0.000000 0.000000 0.010000
-172.240952 185.413114 0.000000 0.696229 -100.000000 68352.015896 1202.815328 1245.067651 0.000000 339.746899 -437.339566 349.750216 -449.307230 -0.104239 0.000000 0.000000 0.010000
-169.672645 188.485276 0.000000 0.696198 -100.000000 102029.692613 1206.819623 1241.063356 0.000000 342.828323 -434.782098 352.831781 -446.750682 -0.104121 0.000000 0.000000 0.010000
-167.104524 191.557382 0.000000 0.696166 -100.000000 201134.398618 1210.823756 1237.059223 0.000000 345.908931 -432.223898 355.912040 -444.192846 -0.104023 0.000000 0.000000 0.010000
-164.536601 194.629429 0.000000 0.696132 -100.000000 7030315.721292 1214.827716 1233.055263 0.000000 348.988774 -429.665042 358.990893 -441.633620 -0.103951 0.000000 0.000000 0.010000
-161.968885 197.701414 0.000000 0.696097 -100.000000 213323.859278 1218.831496 1229.051483 9.000000 352.067907 -427.105604 362.068269 -439.072940 -0.103911 0.000000 0.000000 0.010000
-159.401394 200.773325 0.000000 0.696062 -100.000000 105062.455688 1222.835076 1225.047903 9.000000 355.146362 -424.545676 365.144242 -436.510880 -0.103907 0.000000 0.000000 0.010000
-156.834099 203.845226 0.000000 0.696011 -100.000000 123991.154939 1226.838522 1221.044457 9.000000 358.224318 -421.985231 368.218851 -433.947669 -0.103946 0.000000 0.000000 0.010000
-154.266956 206.917256 0.000000 0.695952 -100.000000 266542.233057 1230.841969 1217.041010 9.000000 361.301902 -419.424279 371.292407 -431.383329 -0.104026 0.000000 0.000000 0.010000
-151.699954 209.989458 0.000000 0.695894 -100.000000 1779372.718557 1234.845458 1213.037521 9.000000 364.379175 -416.862891 374.365143 -428.817942 -0.104141 0.000000 0.000000 0.010000
-149.133091 213.061838 0.000000 0.695833 -100.000000 205084.409277 1238.848994 1209.033985 9.000000 367.456206 -414.301128 377.437187 -426.251683 -0.104285 0.000000 0.000000 0.010000
-146.566366 216.134411 0.000000 0.695771 -100.000000 108810.634880 1242.852591 1205.030388 9.000000 370.533062 -411.739053 380.508690 -423.684700 -0.104453 0.000000 0.000000 0.010000
-143.999773 219.207189 0.000000 0.695708 -100.000000 74048.842397 1246.856259 1201.026720 9.000000 373.609810 -409.176730 383.579799 -421.117153 -0.104640 0.000000 0.000000 0.010000
-141.433310 222.280183 0.000000 0.695644 -100.000000 56120.188350 1250.860011 1197.022968 9.000000 376.686518 -406.614222 386.650662 -418.549194 -0.104839 0.000000 0.000000 0.010000
-138.866973 225.353407 0.000000 0.695580 -100.000000 45181.261695 1254.863858 1193.019121 9.000000 379.763252 -404.051592 389.721425 -415.980979 -0.105044 0.000000 0.000000 0.010000
-136.300756 228.426870 0.000000 0.695514 -100.000000 37811.469281 1258.867812 1189.015167 9.000000 382.840079 -401.488904 392.792237 -413.412664 -0.105252 0.000000 0.000000 0.010000
-133.734656 231.500586 0.000000 0.695449 -100.000000 32509.130174 1262.871884 1185.011095 9.000000 385.917066 -398.926222 395.863245 -410.844403 -0.105454 0.000000 0.000000 0.010000
-131.168667 234.574564 0.000000 0.695384 -100.000000 28511.372869 1266.876087 1181.006892 9.000000 388.994281 -396.363608 398.934597 -408.276350 -0.105647 0.000000 0.000000 0.010000
-128.602781 237.648815 0.000000 0.695318 -100.000000 25389.542125 1270.880433 1177.002546 9.000000 392.071788 -393.801127 402.006443 -405.708660 -0.105825 0.000000 0.000000 0.010000
-126.036994 240.723348 0.000000 0.695254 -100.000000 22884.239855 1274.884933 1172.998046 9.000000 395.149656 -391.238842 405.078930 -403.141488 -0.105981 0.000000 0.000000 0.010000
-123.471296 243.798173 0.000000 0.695190 -100.000000 20829.290549 1278.889599 1168.993380 9.000000 398.227951 -388.676817 408.152207 -400.574986 -0.106110 0.000000 0.000000 0.010000
-120.905679 246.873297 0.000000 0.695128 -100.000000 19113.315696 1282.894444 1164.988535 9.000000 401.306739 -386.115116 411.226424 -398.009311 -0.106207 0.000000 0.000000 0.010000
-118.340133 249.948730 0.000000 0.695068 -100.000000 17658.867122 1286.899480 1160.983499 9.000000 404.386086 -383.553803 414.301732 -395.444614 -0.106266 0.000000 0.000000 0.010000
-115.774647 253.024478 0.000000 0.695009 -100.000000 16410.420738 1290.904720 1156.978259 9.000000 407.466061 -380.992939 417.378278 -392.881052 -0.106281 0.000000 0.000000 0.010000
-113.209211 256.100543 0.000000 0.694955 -100.000000 15327.131433 1294.910171 1152.972808 9.000000 410.546719 -378.432599 420.456224 -390.318770 -0.106247 0.000000 0.000000 0.010000
-110.643799 259.176950 0.000000 0.694899 -100.000000 14378.282947 1298.915869 1148.967110 9.000000 413.628169 -375.872810 423.535686 -387.757950 -0.106158 0.000000 0.000000 0.010000
-108.078447 262.253619 0.000000 0.694868 -100.000000 15637.624294 1302.921730 1144.961249 9.000000 416.710304 -373.313780 426.616956 -385.198630 -0.106008 0.000000 0.000000 0.010000
-105.513443 265.329921 0.000000 0.694926 -100.000000 45065.986371 1306.927087 1140.955892 9.000000 419.792430 -370.756203 429.700181 -382.640968 -0.105797 0.000000 0.000000 0.010000
-102.948934 268.405335 0.000000 0.694979 -100.000000 51116.701379 1310.931444 1136.951535 9.000000 422.874577 -368.200173 432.784352 -380.086081 -0.105532 0.000000 0.000000 0.010000
-100.384915 271.479876 0.000000 0.695041 -100.000000 16309.975841 1314.934817 1132.948162 9.000000 425.956763 -365.645791 435.869730 -377.534029 -0.105223 0.000000 0.000000 0.010000
-97.821399 274.553493 0.000000 0.695109 -100.000000 9703.106082 1318.937158 1128.945821 9.000000 429.039020 -363.093146 438.956391 -374.985027 -0.104880 0.000000 0.000000 0.010000
-95.258388 277.626152 0.000000 0.695184 -100.000000 6905.694358 1322.938440 1124.944539 9.000000 432.121381 -360.542330 442.044463 -372.439245 -0.104513 0.000000 0.000000 0.010000
-92.695885 280.697816 0.000000 0.695266 -100.000000 5360.237473 1326.938633 1120.944346 0.000000 435.203879 -357.993431 445.134060 -369.896866 -0.104130 0.000000 0.000000 0.010000
-90.133887 283.768448 0.000000 0.695357 -100.000000 4379.929273 1330.937709 1116.945270 0.000000 438.286548 -355.446534 448.225308 -367.358063 -0.103742 0.000000 0.000000 0.010000
-87.572387 286.838014 0.000000 0.695456 -100.000000 3702.668746 1334.935649 1112.947330 0.000000 441.369428 -352.901723 451.318257 -364.822920 -0.103358 0.000000 0.000000 0.010000
-85.011373 289.906485 0.000000 0.695564 -100.000000 3206.731352 1338.932436 1108.950543 0.000000 444.452562 -350.359078 454.412534 -362.290994 -0.102988 0.000000 0.000000 0.010000
-82.450826 292.973832 0.000000 0.695683 -100.000000 2827.888063 1342.928061 1104.954918 0.000000 447.535969 -347.818640 457.507512 -359.761533 -0.102640 0.000000 0.000000 0.010000
-79.890720 296.040034 0.000000 0.695813 -100.000000 2529.044087 1346.922524 1100.960455 0.000000 450.619496 -345.280233 460.602534 -357.233730 -0.102326 0.000000 0.000000 0.010000
-77.331022 299.105071 0.000000 0.695956 -100.000000 2287.278999 1350.915832 1096.967147 0.000000 453.702924 -342.743587 463.696951 -354.706774 -0.102054 0.000000 0.000000 0.010000
-74.771688 302.168931 0.000000 0.696112 -100.000000 2087.667075 1354.908003 1092.974976 0.000000 456.786040 -340.208425 466.790122 -352.179845 -0.101834 0.000000 0.000000 0.010000
-72.212666 305.231607 0.000000 0.696284 -100.000000 1920.071350 1358.899065 1088.983914 0.000000 459.868635 -337.674464 469.881420 -349.652116 -0.101675 0.000000 0.000000 0.010000
-69.653890 308.293097 0.000000 0.696473 -100.000000 1777.365863 1362.889059 1084.993920 0.000000 462.950514 -335.141417 472.970229 -347.122750 -0.101588 0.000000 0.000000 0.010000
-67.095283 311.353405 0.000000 0.696682 -100.000000 1654.395122 1366.878039 1081.004940 0.000000 466.031486 -332.608989 476.055948 -344.590900 -0.101581 0.000000 0.000000 0.010000
-64.536752 314.412542 0.000000 0.696916 -100.000000 1547.337180 1370.866071 1077.016908 0.000000 469.111368 -330.076881 479.137996 -342.055702 -0.101664 0.000000 0.000000 0.010000
-61.978187 317.470528 0.000000 0.697175 -100.000000 1453.298754 1374.853242 1073.029737 0.000000 472.189999 -327.544775 482.215797 -339.516290 -0.101848 0.000000 0.000000 0.010000
-59.419470 320.527362 0.000000 0.697473 -100.000000 1365.017009 1378.839627 1069.043352 0.000000 475.267175 -325.012391 485.288842 -336.971741 -0.102140 0.000000 0.000000 0.010000
-56.860612 323.582772 0.000000 0.697854 -100.000000 1254.109398 1382.825011 1065.057968 0.000000 478.342359 -322.479722 488.356691 -334.421077 -0.102552 0.000000 0.000000 0.010000
-54.301554 326.636461 0.000000 0.698276 -100.000000 1159.785982 1386.809204 1061.073775 0.000000 481.415324 -319.946505 491.418170 -331.863928 -0.103094 0.000000 0.000000 0.010000
-51.742130 329.688425 0.000000 0.698753 -100.000000 1078.584312 1390.792310 1057.090669 0.000000 484.485893 -317.412438 494.472788 -329.299359 -0.103775 0.000000 0.000000 0.010000
-49.182143 332.738648 0.000000 0.699291 -100.000000 1007.945730 1394.774444 1053.108535 0.000000 487.553904 -314.877204 497.520036 -326.726453 -0.104607 0.000000 0.000000 0.010000
-46.621347 335.787122 0.000000 0.699909 -100.000000 945.938721 1398.755759 1049.127220 0.000000 490.619197 -312.340487 500.559501 -324.144207 -0.105599 0.000000 0.000000 0.010000
-44.059437 338.833830 0.000000 0.700641 -100.000000 891.078013 1402.736440 1045.146539 0.000000 493.681582 -309.801991 503.590929 -321.551478 -0.106763 0.000000 0.000000 0.010000
-41.496011 341.878721 0.000000 0.701556 -100.000000 842.202883 1406.716705 1041.166274 0.000000 496.740787 -307.261491 506.614368 -318.946857 -0.108108 0.000000 0.000000 0.010000
-38.930521 344.921655 0.000000 0.702782 -100.000000 798.393224 1410.696804 1037.186176 0.000000 499.796376 -304.718896 509.630349 -316.328490 -0.109646 0.000000 0.000000 0.010000
-36.362168 347.962306 0.000000 0.704537 -100.000000 758.910383 1414.677005 1033.205974 0.000000 502.847652 -302.174332 512.640106 -313.693874 -0.111385 0.000000 0.000000 0.010000
-33.789765 351.000027 0.000000 0.707154 -100.000000 723.154631 1418.657583 1029.225396 3.000000 505.893574 -299.628219 515.645722 -311.039689 -0.113338 0.000000 0.000000 0.010000
-31.211564 354.033657 0.000000 0.711086 -100.000000 690.634067 1422.638793 1025.244186 3.000000 508.932752 -297.081274 518.650038 -308.361834 -0.115514 0.000000 0.000000 0.010000
-28.625080 357.061324 0.000000 0.716850 -100.000000 660.941509 1426.620836 1021.262144 3.000000 511.963628 -294.534365 521.656125 -305.655860 -0.117924 0.000000 0.000000 0.010000
-26.027025 360.080331 0.000000 0.724903 -100.000000 633.737093 1430.603836 1017.279143 3.000000 514.984509 -291.987726 524.666234 -302.917886 -0.120578 0.000000 0.000000 0.010000
-23.413422 363.087210 0.000000 0.735476 -100.000000 608.734986 1434.587834 1013.295145 3.000000 517.992301 -289.438467 527.680561 -300.145766 -0.123487 0.000000 0.000000 0.010000
-20.779969 366.078027 0.000000 0.748453 -100.000000 585.693128 1438.572814 1009.310165 3.000000 520.983976 -286.881656 530.696570 -297.339807 -0.126661 0.000000 0.000000 0.010000
-18.122534 369.048844 0.000000 0.763400 -100.000000 564.405232 1442.558753 1005.324226 3.000000 523.957332 -284.311485 533.709500 -294.502432 -0.130110 0.000000 0.000000 0.010000
-15.437573 371.996139 0.000000 0.779726 -100.000000 544.694470 1446.545678 1001.337301 3.000000 526.910522 -281.721846 536.713792 -291.636959 -0.133845 0.000000 0.000000 0.010000
-12.722325 374.917036 0.000000 0.796865 -100.000000 526.408460 1450.533686 997.349294 3.000000 529.841401 -279.106843 539.704413 -288.746210 -0.137877 0.000000 0.000000 0.010000
-9.974791 377.809316 0.000000 0.814394 -100.000000 509.392303 1454.522950 993.360029 3.000000 532.747142 -276.461137 542.677276 -285.831480 -0.142215 0.000000 0.000000 0.010000
-7.193682 380.671230 0.000000 0.832047 -100.000000 492.329841 1458.513578 989.369401 3.000000 535.624090 -273.780109 545.629185 -282.892732 -0.146864 0.000000 0.000000 0.010000
-4.378499 383.501223 0.000000 0.849532 -100.000000 476.213637 1462.505334 985.377645 3.000000 538.468357 -271.059870 548.557538 -279.931362 -0.151807 0.000000 0.000000 0.010000
-1.529377 386.298299 0.000000 0.866062 -100.000000 460.968664 1466.497969 981.385010 3.000000 541.279120 -268.297570 551.455741 -276.951914 -0.157019 0.000000 0.000000 0.010000
1.353338 389.061699 0.000000 0.881021 -100.000000 446.528977 1470.491266 977.391713 3.000000 544.056456 -265.492243 554.318451 -273.957965 -0.162478 0.000000 0.000000 0.010000
4.269606 391.790316 0.000000 0.894998 -100.000000 432.836413 1474.485008 973.397971 3.000000 546.797886 -262.646034 557.148543 -270.944528 -0.168159 0.000000 0.000000 0.010000
7.219392 394.483029 0.000000 0.908650 -100.000000 419.839511 1478.478996 969.403983 3.000000 549.501004 -259.761192 559.949139 -267.906041 -0.174040 0.000000 0.000000 0.010000
10.202455 397.138953 0.000000 0.922034 -100.000000 407.492606 1482.473066 965.409913 3.000000 552.164889 -256.838501 562.719142 -264.841295 -0.180097 0.000000 0.000000 0.010000
13.218543 399.757228 0.000000 0.935159 -100.000000 395.755064 1486.467081 961.415898 3.000000 554.788758 -253.878597 565.457047 -261.749499 -0.186306 0.000000 0.000000 0.010000
16.267440 402.336962 0.000000 0.948111 -100.000000 384.590635 1490.460926 957.422053 3.000000 557.371684 -250.882274 568.161828 -258.629283 -0.192645 0.000000 0.000000 0.010000
19.348948 404.877252 0.000000 0.960996 -100.000000 373.966904 1494.454517 953.428462 3.000000 559.912741 -247.850342 570.832514 -255.479136 -0.199090 0.000000 0.000000 0.010000
22.462875 407.377203 0.000000 0.973897 -100.000000 363.854820 1498.447798 949.435181 3.000000 562.411073 -244.783527 573.467931 -252.297708 -0.205616 0.000000 0.000000 0.010000
25.609032 409.835930 0.000000 0.986872 -100.000000 354.228298 1502.440747 945.442232 3.000000 564.865902 -241.682465 576.066679 -249.083852 -0.212202 0.000000 0.000000 0.010000
28.787238 412.252561 0.000000 0.999956 -100.000000 345.063870 1506.433378 941.449601 3.000000 567.276502 -238.547712 578.627171 -245.836596 -0.218824 0.000000 0.000000 0.010000
31.997320 414.626236 0.000000 1.013172 -100.000000 336.340388 1510.425740 937.457239 3.000000 569.642183 -235.379758 581.147681 -242.555105 -0.225457 0.000000 0.000000 0.010000
35.239119 416.956100 0.000000 1.026531 -100.000000 328.038769 1514.417923 933.465056 3.000000 571.962278 -232.179034 583.626383 -239.238644 -0.232079 0.000000 0.000000 0.010000
38.512490 419.241308 0.000000 1.040039 -100.000000 320.141774 1518.410057 929.472922 3.000000 574.236134 -228.945924 586.061367 -235.886567 -0.238667 0.000000 0.000000 0.010000
41.817306 421.481021 0.000000 1.053698 -100.000000 312.633809 1522.402316 925.480663 3.000000 576.463102 -225.680763 588.450675 -232.498285 -0.245196 0.000000 0.000000 0.010000
45.153460 423.674408 0.000000 1.067508 -100.000000 305.500761 1526.394917 921.488062 3.000000 578.642531 -222.383846 590.792307 -229.073263 -0.251644 0.000000 0.000000 0.010000
48.520861 425.820645 0.000000 1.081457 -100.000000 298.729854 1530.388127 917.494852 3.000000 580.773790 -219.055391 593.084141 -225.611150 -0.257987 0.000000 0.000000 0.010000
51.919336 427.919007 0.000000 1.095359 -100.000000 294.957594 1534.382217 913.500762 3.000000 582.856469 -215.695186 595.323008 -222.113278 -0.264204 0.000000 0.000000 0.010000
55.348275 429.968706 0.000000 1.109132 -100.000000 291.384513 1538.377075 909.505904 3.000000 584.889743 -212.303610 597.506148 -218.580568 -0.270281 0.000000 0.000000 0.010000
58.807135 431.968493 0.000000 1.123238 -100.000000 287.780447 1542.372429 905.510550 3.000000 586.871897 -208.882568 599.633892 -215.008926 -0.276212 0.000000 0.000000 0.010000
62.295370 433.917092 0.000000 1.138160 -100.000000 284.155235 1546.368030 901.514949 3.000000 588.801266 -205.434054 601.706483 -211.393884 -0.281985 0.000000 0.000000 0.010000
65.812157 435.813745 0.000000 1.153313 -100.000000 280.518497 1550.363662 897.519317 3.000000 590.677734 -201.957339 603.718193 -207.741534 -0.287593 0.000000 0.000000 0.010000
69.356706 437.657666 0.000000 1.168266 -100.000000 276.879621 1554.359145 893.523834 3.000000 592.500896 -198.452044 605.665427 -204.057232 -0.293026 0.000000 0.000000 0.010000
72.928381 439.447812 0.000000 1.183206 -100.000000 273.247752 1558.354327 889.528652 3.000000 594.269485 -194.919380 607.548711 -200.340504 -0.298274 0.000000 0.000000 0.010000
76.526525 441.183186 0.000000 1.198251 -100.000000 269.631784 1562.349094 885.533885 3.000000 595.982363 -191.360382 609.367931 -196.591382 -0.303330 0.000000 0.000000 0.010000
80.150459 442.862855 0.000000 1.213421 -100.000000 266.040356 1566.343363 881.539616 3.000000 597.638533 -187.775830 611.120700 -192.810198 -0.308183 0.000000 0.000000 0.010000
83.799503 444.485919 0.000000 1.228718 -100.000000 262.481848 1570.337091 877.545888 3.000000 599.237029 -184.166457 612.808884 -188.999082 -0.312826 0.000000 0.000000 0.010000
87.472982 446.051498 0.000000 1.244146 -100.000000 258.964374 1574.330271 873.552708 3.000000 600.776894 -180.532993 614.432054 -185.159180 -0.317248 0.000000 0.000000 0.010000
91.170228 447.558731 0.000000 1.259706 -100.000000 255.495786 1578.322936 869.560043 3.000000 602.257175 -176.876156 615.989776 -181.291605 -0.321440 0.000000 0.000000 0.010000
94.890579 449.006783 0.000000 1.275398 -100.000000 252.083675 1582.315162 865.567817 3.000000 603.676932 -173.196655 617.481613 -177.397442 -0.325394 0.000000 0.000000 0.010000
98.633387 450.394838 0.000000 1.291221 -100.000000 248.735370 1586.307067 861.575912 3.000000 605.035227 -169.495190 618.907125 -173.477731 -0.329100 0.000000 0.000000 0.010000
102.398015 451.722096 0.000000 1.307176 -100.000000 245.457941 1590.298813 857.584166 3.000000 606.331129 -165.772453 620.265871 -169.533466 -0.332550 0.000000 0.000000 0.010000
106.183841 452.987780 0.000000 1.323260 -100.000000 242.258210 1594.290610 853.592369 3.000000 607.563711 -162.029126 621.557396 -165.565599 -0.335734 0.000000 0.000000 0.010000
109.990261 454.191128 0.000000 1.339474 -100.000000 239.142751 1598.282712 849.600267 3.000000 608.732050 -158.265886 622.781244 -161.575017 -0.338643 0.000000 0.000000 0.010000
113.816692 455.331393 0.000000 1.355814 -100.000000 236.117901 1602.275427 845.607552 3.000000 609.835227 -154.483389 623.936928 -157.562594 -0.341268 0.000000 0.000000 0.010000
117.662567 456.407836 0.000000 1.372301 -100.000000 233.189766 1606.269108 841.613871 3.000000 610.872305 -150.682361 625.024015 -153.528895 -0.343600 0.000000 0.000000 0.010000
121.527346 457.419781 0.000000 1.388844 -100.000000 231.778695 1610.264174 837.618805 3.000000 611.842441 -146.863160 626.041739 -149.475642 -0.345631 0.000000 0.000000 0.010000
125.410207 458.366791 0.000000 1.405397 -100.000000 232.047484 1614.260852 833.622127 3.000000 612.744686 -143.026515 626.989421 -145.404308 -0.347363 0.000000 0.000000 0.010000
129.309966 459.248411 0.000000 1.422028 -100.000000 232.203861 1618.259023 829.623956 3.000000 613.578058 -139.173932 627.866586 -141.315438 -0.348816 0.000000 0.000000 0.010000
133.225409 460.064036 0.000000 1.438713 -100.000000 232.247650 1622.258515 825.624464 3.000000 614.342151 -135.306778 628.672500 -137.210667 -0.350008 0.000000 0.000000 0.010000
137.155293 460.813126 0.000000 1.455456 -100.000000 232.179161 1626.259155 821.623824 3.000000 615.037037 -131.426571 629.406615 -133.091356 -0.350958 0.000000 0.000000 0.010000
141.098357 461.495158 0.000000 1.472254 -100.000000 231.999184 1630.260771 817.622208 3.000000 615.662845 -127.534792 630.068636 -128.958991 -0.351685 0.000000 0.000000 0.010000
145.053322 462.109646 0.000000 1.489105 -100.000000 231.708988 1634.263187 813.619792 3.000000 616.219721 -123.632902 630.658408 -124.815046 -0.352208 0.000000 0.000000 0.010000
149.018891 462.656129 0.000000 1.506009 -100.000000 231.310315 1638.266234 809.616745 3.000000 616.707828 -119.722336 631.175804 -120.660988 -0.352546 0.000000 0.000000 0.010000
152.993757 463.134181 0.000000 1.522965 -100.000000 230.805363 1642.269745 805.613234 3.000000 617.127345 -115.804500 631.620718 -116.498272 -0.352718 0.000000 0.000000 0.010000
156.976603 463.543404 0.000000 1.539971 -100.000000 230.196782 1646.273559 801.609421 3.000000 617.478464 -111.880774 631.993063 -112.328336 -0.352742 0.000000 0.000000 0.010000
160.966105 463.883431 0.000000 1.557027 -100.000000 229.487654 1650.277524 797.605455 3.000000 617.761384 -107.952503 632.292767 -108.152605 -0.352638 0.000000 0.000000 0.010000
164.960933 464.153925 0.000000 1.574132 -100.000000 228.681476 1654.281500 793.601479 3.000000 617.976314 -104.021005 632.518989 -103.972490 -0.352424 0.000000 0.000000 0.010000
168.959759 464.354579 0.000000 1.591287 -100.000000 227.782145 1658.285357 789.597622 3.000000 618.123467 -100.087562 632.670131 -99.789451 -0.352120 0.000000 0.000000 0.010000
172.961254 464.485113 0.000000 1.608490 -100.000000 226.793935 1662.288980 785.593999 3.000000 618.203060 -96.153424 632.748510 -95.604892 -0.351744 0.000000 0.000000 0.010000
176.964093 464.545275 0.000000 1.625742 -100.000000 225.721477 1666.292271 781.590708 3.000000 618.215310 -92.219807 632.754110 -91.420158 -0.351316 0.000000 0.000000 0.010000
180.966958 464.534838 0.000000 1.643042 -100.000000 224.569733 1670.295150 777.587829 3.000000 618.160428 -88.287892 632.686924 -87.236579 -0.350853 0.000000 0.000000 0.010000
184.968539 464.453602 0.000000 1.660393 -100.000000 223.343974 1674.297555 773.585424 3.000000 618.038623 -84.358831 632.546949 -83.055449 -0.350375 0.000000 0.000000 0.010000
188.967537 464.301387 0.000000 1.677792 -100.000000 222.049754 1678.299450 769.583529 3.000000 617.849168 -80.433833 632.334190 -78.878053 -0.349902 0.000000 0.000000 0.010000
192.962666 464.078029 0.000000 1.695259 -100.000000 220.692884 1682.300817 765.582162 3.000000 617.592789 -76.514030 632.048639 -74.705461 -0.349451 0.000000 0.000000 0.010000
196.952664 463.783415 0.000000 1.712733 -100.000000 220.174742 1686.301677 761.581302 3.000000 617.270022 -72.600176 631.690356 -70.539545 -0.349042 0.000000 0.000000 0.010000
200.936381 463.417684 0.000000 1.730142 -100.000000 221.274395 1690.302147 757.580832 3.000000 616.880984 -68.692919 631.259447 -66.382183 -0.348685 0.000000 0.000000 0.010000
204.912757 462.981092 0.000000 1.747560 -100.000000 222.348991 1694.302420 753.580559 3.000000 616.425816 -64.793438 630.755861 -62.233694 -0.348379 0.000000 0.000000 0.010000
208.880689 462.473738 0.000000 1.764967 -100.000000 223.393830 1698.302656 749.580323 3.000000 615.904606 -60.902558 630.179638 -58.095394 -0.348120 0.000000 0.000000 0.010000
212.839053 461.895764 0.000000 1.782370 -100.000000 224.404356 1702.302993 745.579986 3.000000 615.317437 -57.021238 629.530889 -53.968359 -0.347908 0.000000 0.000000 0.010000
216.786700 461.247322 0.000000 1.799765 -100.000000 225.376174 1706.303543 741.579436 3.000000 614.664374 -53.150436 628.809955 -49.853721 -0.347739 0.000000 0.000000 0.010000
220.722463 460.528585 0.000000 1.817154 -100.000000 226.305066 1710.304394 737.578585 3.000000 613.945470 -49.291155 628.017283 -45.752580 -0.347610 0.000000 0.000000 0.010000
224.645155 459.739749 0.000000 1.834534 -100.000000 227.187004 1714.305616 733.577363 3.000000 613.160768 -45.444425 627.153318 -41.666046 -0.347520 0.000000 0.000000 0.010000
228.553572 458.881031 0.000000 1.851906 -100.000000 228.018168 1718.307256 729.575723 3.000000 612.310305 -41.611311 626.218502 -37.595240 -0.347465 0.000000 0.000000 0.010000
232.446499 457.952677 0.000000 1.869267 -100.000000 228.794961 1722.309345 725.573634 3.000000 611.394113 -37.792912 625.213274 -33.541289 -0.347444 0.000000 0.000000 0.010000
236.322706 456.954956 0.000000 1.886617 -100.000000 229.514022 1726.311898 721.571081 3.000000 610.412223 -33.990357 624.138070 -29.505334 -0.347453 0.000000 0.000000 0.010000
240.180956 455.888170 0.000000 1.903954 -100.000000 230.172242 1730.314913 717.568066 3.000000 609.364666 -30.204810 622.993326 -25.488523 -0.347491 0.000000 0.000000 0.010000
244.020007 454.752649 0.000000 1.921275 -100.000000 230.766773 1734.318376 713.564603 3.000000 608.251478 -26.437465 621.779476 -21.492016 -0.347555 0.000000 0.000000 0.010000
247.838611 453.548757 0.000000 1.938579 -100.000000 231.295045 1738.322261 709.560718 3.000000 607.072698 -22.689548 620.496955 -17.516984 -0.347642 0.000000 0.000000 0.010000
251.635523 452.276887 0.000000 1.955863 -100.000000 231.754775 1742.326532 705.556447 3.000000 605.828376 -18.962316 619.145593 -13.564856 -0.347750 0.000000 0.000000 0.010000
255.409496 450.937472 0.000000 1.973123 -100.000000 232.143976 1746.331144 701.551835 3.000000 604.518572 -15.257058 617.724379 -9.637478 -0.347876 0.000000 0.000000 0.010000
259.159294 449.530974 0.000000 1.990357 -100.000000 232.460968 1750.336043 697.546936 3.000000 603.143360 -11.575090 616.235855 -5.735241 -0.348018 0.000000 0.000000 0.010000
262.883686 448.057894 0.000000 2.007561 -100.000000 232.704382 1754.341172 693.541807 3.000000 601.702830 -7.917761 614.680468 -1.859355 -0.348173 0.000000 0.000000 0.010000
266.581455 446.518770 0.000000 2.024733 -100.000000 232.873172 1758.346468 689.536511 3.000000 600.197094 -4.286448 613.058667 1.988968 -0.348340 0.000000 0.000000 0.010000
270.251397 444.914171 0.000000 2.041872 -100.000000 232.966615 1762.351866 685.531113 3.000000 598.626286 -0.682562 611.370899 5.808521 -0.348515 0.000000 0.000000 0.010000
273.892328 443.244704 0.000000 2.058979 -100.000000 232.984314 1766.357300 681.525679 3.000000 596.990571 2.892456 609.617605 9.598112 -0.348695 0.000000 0.000000 0.010000
277.503082 441.511006 0.000000 2.076056 -100.000000 232.926204 1770.362703 677.520276 3.000000 595.290190 6.437158 607.799226 13.356548 -0.348880 0.000000 0.000000 0.010000
281.082514 439.713739 0.000000 2.093122 -100.000000 232.792549 1774.368012 673.514967 3.000000 593.525742 9.950195 605.916132 17.082774 -0.349065 0.000000 0.000000 0.010000
284.629485 437.853565 0.000000 2.110230 -100.000000 232.583941 1778.373165 669.509814 3.000000 591.698210 13.430270 603.968530 20.776016 -0.349249 0.000000 0.000000 0.010000
288.142885 435.931177 0.000000 2.127372 -100.000000 232.301298 1782.378107 665.504872 3.000000 589.808550 16.876394 601.956890 24.434960 -0.349428 0.000000 0.000000 0.010000
291.621623 433.947285 0.000000 2.144526 -100.000000 231.945861 1786.382785 661.500194 3.000000 587.857673 20.287666 599.881776 28.058154 -0.349602 0.000000 0.000000 0.010000
295.064594 431.902547 0.000000 2.161785 -100.000000 231.519185 1790.387157 657.495822 3.000000 585.846746 23.662782 597.743173 31.645144 -0.349766 0.000000 0.000000 0.010000
298.470697 429.797622 0.000000 2.179182 -100.000000 231.023135 1794.391186 653.491793 3.000000 583.776808 27.000704 595.541446 35.195000 -0.349919 0.000000 0.000000 0.010000
301.838853 427.633179 0.000000 2.196661 -100.000000 230.459877 1798.394845 649.488134 3.000000 581.648682 30.300758 593.277620 38.706157 -0.350058 0.000000 0.000000 0.010000
305.167979 425.409871 0.000000 2.214193 -100.000000 229.831868 1802.398116 645.484863 3.000000 579.463230 33.562189 590.952661 42.177384 -0.350180 0.000000 0.000000 0.010000
308.456997 423.128344 0.000000 2.231769 -100.000000 229.141845 1806.400992 641.481988 3.000000 577.221342 36.784191 588.567424 45.607644 -0.350284 0.000000 0.000000 0.010000
311.704843 420.789246 0.000000 2.249383 -100.000000 228.392813 1810.403476 637.479503 3.000000 574.923889 39.965980 586.122750 48.995926 -0.350366 0.000000 0.000000 0.010000
314.910464 418.393231 0.000000 2.267031 -100.000000 227.588034 1814.405587 633.477392 3.000000 572.571727 43.106784 583.619454 52.341261 -0.350425 0.000000 0.000000 0.010000
318.072825 415.940959 0.000000 2.284709 -100.000000 226.731012 1818.407357 629.475622 3.000000 570.165699 46.205846 581.058317 55.642717 -0.350457 0.000000 0.000000 0.010000
321.190906 413.433095 0.000000 2.302418 -100.000000 225.825478 1822.408833 625.474146 3.000000 567.706623 49.262421 578.440098 58.899385 -0.350460 0.000000 0.000000 0.010000
324.263708 410.870311 0.000000 2.320157 -100.000000 224.875377 1826.410080 621.472899 3.000000 565.195294 52.275786 575.765537 62.110367 -0.350432 0.000000 0.000000 0.010000
327.290247 408.253277 0.000000 2.337928 -100.000000 223.884854 1830.411180 617.471799 4.000000 562.632486 55.245223 573.035336 65.274799 -0.350370 0.000000 0.000000 0.010000
330.269558 405.582665 0.000000 2.355746 -100.000000 222.858232 1834.412238 613.470742 4.000000 560.018984 58.169989 570.248990 68.390815 -0.350272 0.000000 0.000000 0.010000
333.200702 402.859156 0.000000 2.373578 -100.000000 222.177981 1838.413376 609.469603 4.000000 557.355401 61.049506 567.407509 71.457321 -0.350135 0.000000 0.000000 0.010000
336.082881 400.083569 0.000000 2.391318 -100.000000 223.496775 1842.414731 605.468248 4.000000 554.642097 63.883422 564.513366 74.473671 -0.349960 0.000000 0.000000 0.010000
338.915390 397.256909 0.000000 2.409047 -100.000000 224.763894 1846.416370 601.466609 4.000000 551.880048 66.670708 561.566738 77.439536 -0.349751 0.000000 0.000000 0.010000
341.697382 394.380085 0.000000 2.426756 -100.000000 225.973862 1850.418318 597.464661 4.000000 549.069976 69.410599 558.568457 80.353874 -0.349515 0.000000 0.000000 0.010000
344.428019 391.454048 0.000000 2.444450 -100.000000 227.121420 1854.420577 593.462402 4.000000 546.212668 72.102253 555.519268 83.215735 -0.349259 0.000000 0.000000 0.010000
347.106462 388.479773 0.000000 2.462129 -100.000000 228.201544 1858.423122 589.459857 4.000000 543.308904 74.744832 552.420002 86.024078 -0.348990 0.000000 0.000000 0.010000
349.731870 385.458264 0.000000 2.479792 -100.000000 229.209475 1862.425907 585.457072 4.000000 540.359494 77.337468 549.271501 88.777860 -0.348713 0.000000 0.000000 0.010000
352.303409 382.390551 0.000000 2.497440 -100.000000 230.140729 1866.428865 581.454114 4.000000 537.365268 79.879271 546.074637 91.476015 -0.348436 0.000000 0.000000 0.010000
354.820249 379.277693 0.000000 2.515075 -100.000000 230.991130 1870.431910 577.451069 4.000000 534.327080 82.369337 542.830336 94.117494 -0.348166 0.000000 0.000000 0.010000
357.281570 376.120772 0.000000 2.532697 -100.000000 231.756819 1874.434940 573.448039 4.000000 531.245808 84.806744 539.539677 96.701406 -0.347908 0.000000 0.000000 0.010000
359.686561 372.920899 0.000000 2.550307 -100.000000 232.434280 1878.437835 569.445144 4.000000 528.122354 87.190556 536.203891 99.227054 -0.347669 0.000000 0.000000 0.010000
362.034425 369.679206 0.000000 2.567906 -100.000000 233.020355 1882.440465 565.442514 4.000000 524.957650 89.519830 532.824238 101.693785 -0.347456 0.000000 0.000000 0.010000
364.324379 366.396849 0.000000 2.585496 -100.000000 233.512257 1886.442683 561.440296 4.000000 521.752652 91.793611 529.401984 104.100958 -0.347276 0.000000 0.000000 0.010000
366.555655 363.075008 0.000000 2.603076 -100.000000 233.907588 1890.444335 557.438644 4.000000 518.508024 94.010405 525.938396 106.447943 -0.347134 0.000000 0.000000 0.010000
368.727505 359.714883 0.000000 2.620649 -100.000000 234.204349 1894.445257 553.437722 4.000000 515.224744 96.169115 522.434747 108.734121 -0.347038 0.000000 0.000000 0.010000
370.839198 356.317692 0.000000 2.638214 -100.000000 234.400953 1898.445277 549.437702 4.000000 511.904306 98.269517 518.892313 110.958885 -0.346995 0.000000 0.000000 0.010000
372.890025 352.884672 0.000000 2.655773 -100.000000 234.496231 1902.444216 545.438763 4.000000 508.547987 100.311048 515.312366 113.121643 -0.347010 0.000000 0.000000 0.010000
374.879299 349.417079 0.000000 2.673327 -100.000000 234.489437 1906.441892 541.441087 4.000000 505.157088 102.293208 511.696186 115.221810 -0.347090 0.000000 0.000000 0.010000
376.806357 345.916180 0.000000 2.690876 -100.000000 234.380259 1910.438121 537.444858 4.000000 501.732902 104.215514 508.045059 117.258811 -0.347242 0.000000 0.000000 0.010000
378.670561 342.383259 0.000000 2.708417 -100.000000 234.168811 1914.432716 533.450263 4.000000 498.276704 106.077504 504.360294 119.232070 -0.347472 0.000000 0.000000 0.010000
380.471282 338.819598 0.000000 2.725981 -100.000000 233.407383 1918.425493 529.457486 4.000000 494.789880 107.878667 500.642887 121.141185 -0.347786 0.000000 0.000000 0.010000
382.207912 335.226346 0.000000 2.743563 -100.000000 232.392242 1922.416401 525.466578 4.000000 491.273561 109.618633 496.893211 122.983699 -0.348180 0.000000 0.000000 0.010000
383.879930 331.604569 0.000000 2.761155 -100.000000 231.343691 1926.405500 521.477479 4.000000 487.728754 111.297087 493.112973 124.760312 -0.348641 0.000000 0.000000 0.010000
385.486855 327.955328 0.000000 2.778760 -100.000000 230.265447 1930.392876 517.490103 4.000000 484.156472 112.913695 489.303500 126.471360 -0.349158 0.000000 0.000000 0.010000
387.028218 324.279676 0.000000 2.796381 -100.000000 229.161370 1934.378629 513.504350 4.000000 480.557693 114.468126 485.465782 128.116413 -0.349720 0.000000 0.000000 0.010000
388.503573 320.578652 0.000000 2.814018 -100.000000 228.035452 1938.362879 509.520100 4.000000 476.933373 115.960038 481.600764 129.695049 -0.350316 0.000000 0.000000 0.010000
389.912489 316.853285 0.000000 2.831673 -100.000000 226.891807 1942.345767 505.537212 4.000000 473.284429 117.389090 477.709405 131.206828 -0.350934 0.000000 0.000000 0.010000
391.254554 313.104591 0.000000 2.849349 -100.000000 225.734652 1946.327456 501.555523 4.000000 469.611766 118.754926 473.792601 132.651319 -0.351562 0.000000 0.000000 0.010000
392.529357 309.333560 0.000000 2.867068 -100.000000 224.568303 1950.308134 497.574845 4.000000 465.916319 120.057156 469.851041 134.028144 -0.352188 0.000000 0.000000 0.010000
393.736504 305.541180 0.000000 2.884825 -100.000000 223.397157 1954.288002 493.594977 4.000000 462.198910 121.295416 465.885674 135.336818 -0.352803 0.000000 0.000000 0.010000
394.875918 301.728301 0.000000 2.902371 -100.000000 226.685395 1958.267488 489.615491 4.000000 458.459339 122.469624 461.899822 136.576205 -0.353383 0.000000 0.000000 0.010000
395.947953 297.895965 0.000000 2.919836 -100.000000 230.263435 1962.246943 485.636036 4.000000 454.698801 123.579197 457.893025 137.746523 -0.353857 0.000000 0.000000 0.010000
396.952596 294.045395 0.000000 2.937228 -100.000000 233.877654 1966.226415 481.656564 4.000000 450.918357 124.623590 453.866376 138.847502 -0.354138 0.000000 0.000000 0.010000
397.889816 290.177873 0.000000 2.954550 -100.000000 237.516633 1970.205876 477.677104 4.000000 447.119158 125.602234 449.821072 139.878834 -0.354141 0.000000 0.000000 0.010000
398.759605 286.294740 0.000000 2.971798 -100.000000 241.168544 1974.185229 473.697750 4.000000 443.302408 126.514543 445.758475 140.840161 -0.353779 0.000000 0.000000 0.010000
399.561979 282.397388 0.000000 2.988966 -100.000000 244.821160 1978.164319 469.718660 4.000000 439.469396 127.359922 441.680022 141.731118 -0.352966 0.000000 0.000000 0.010000
400.296985 278.487262 0.000000 3.006050 -100.000000 248.461870 1982.142926 465.740053 4.000000 435.621504 128.137766 437.587209 142.551335 -0.351616 0.000000 0.000000 0.010000
400.964708 274.565849 0.000000 3.023048 -100.000000 252.077690 1986.120782 461.762197 4.000000 431.760198 128.847472 433.481585 143.300444 -0.349642 0.000000 0.000000 0.010000
401.565269 270.634692 0.000000 3.039965 -100.000000 255.655291 1990.097548 457.785431 4.000000 427.887062 129.488441 429.364707 143.978096 -0.346960 0.000000 0.000000 0.010000
402.098907 266.695280 0.000000 3.056719 -100.000000 260.428499 1994.072940 453.810039 4.000000 424.003408 130.060145 425.239053 144.583825 -0.343486 0.000000 0.000000 0.010000
402.566144 262.748628 0.000000 3.073285 -100.000000 266.313176 1998.047153 449.835826 4.000000 420.110279 130.562096 421.106059 145.117374 -0.339225 0.000000 0.000000 0.010000
402.967560 258.795497 0.000000 3.089678 -100.000000 272.510992 2002.020612 445.862367 4.000000 416.208649 130.993804 416.966491 145.578572 -0.334244 0.000000 0.000000 0.010000
403.303702 254.836719 0.000000 3.105854 -100.000000 279.028959 2005.993636 441.889343 4.000000 412.299450 131.354768 412.821903 145.967135 -0.328615 0.000000 0.000000 0.010000
403.575220 250.873152 0.000000 3.121714 -100.000000 285.874857 2009.966492 437.916487 4.000000 408.383537 131.644473 408.674566 146.282742 -0.322408 0.000000 0.000000 0.010000
403.782829 246.905685 0.000000 3.137211 -100.000000 293.057309 2013.939388 433.943591 4.000000 404.462014 131.862370 404.526258 146.524288 -0.315692 0.000000 0.000000 0.010000
403.927352 242.935229 0.000000 -3.130871 -100.000000 300.585865 2017.912473 429.970506 4.000000 400.536120 132.007899 400.378686 146.690704 -0.308540 0.000000 0.000000 0.010000
404.009826 238.962717 0.000000 -3.116336 -100.000000 308.471105 2021.885840 425.997139 4.000000 396.606749 132.080505 396.235322 146.783624 -0.301022 0.000000 0.000000 0.010000
404.031481 234.989086 0.000000 -3.102453 -100.000000 316.724755 2025.859531 422.023448 4.000000 392.675137 132.079617 392.098572 146.803020 -0.293207 0.000000 0.000000 0.010000
403.993734 231.015264 0.000000 -3.089172 -100.000000 325.359818 2029.833532 418.049447 4.000000 388.742960 132.004680 387.969346 146.748900 -0.285168 0.000000 0.000000 0.010000
403.898252 227.042160 0.000000 -3.076496 -100.000000 334.390728 2033.807783 414.075196 4.000000 384.811768 131.855435 383.849202 146.621363 -0.276973 0.000000 0.000000 0.010000
403.746947 223.070653 0.000000 -3.064470 -100.000000 343.833532 2037.782172 410.100807 4.000000 380.882891 131.633187 379.740115 146.421527 -0.268695 0.000000 0.000000 0.010000
403.541982 219.101572 0.000000 -3.053138 -100.000000 353.706089 2041.756540 406.126439 4.000000 376.957368 131.341625 375.643805 146.153080 -0.260403 0.000000 0.000000 0.010000
403.285778 215.135695 0.000000 -3.042539 -100.000000 364.028315 2045.730685 402.152294 4.000000 373.036016 130.985022 371.561681 145.820565 -0.252168 0.000000 0.000000 0.010000
402.981008 211.173726 0.000000 -3.032691 -100.000000 374.822452 2049.704359 398.178620 4.000000 369.119522 130.567679 367.494719 145.428506 -0.244060 0.000000 0.000000 0.010000
402.630596 207.216296 0.000000 -3.023631 -100.000000 386.113397 2053.677273 394.205707 4.000000 365.208320 130.093892 363.443964 144.981427 -0.236151 0.000000 0.000000 0.010000
402.237708 203.263946 0.000000 -3.015404 -100.000000 397.929070 2057.649101 390.233878 4.000000 361.302639 129.567938 359.410373 144.483825 -0.228510 0.000000 0.000000 0.010000
401.805616 199.317138 0.000000 -3.007891 -100.000000 410.300861 2061.619491 386.263488 4.000000 357.403167 128.994158 355.392899 143.939888 -0.221209 0.000000 0.000000 0.010000
401.337591 195.376253 0.000000 -3.000988 -100.000000 423.264138 2065.588071 382.294908 4.000000 353.510433 128.376879 351.390630 143.353703 -0.214318 0.000000 0.000000 0.010000
400.836944 191.441595 0.000000 -2.994844 -100.000000 436.616917 2069.554453 378.328526 4.000000 349.623868 127.720234 347.405304 142.729685 -0.207905 0.000000 0.000000 0.010000
400.306611 187.513056 0.000000 -2.989054 -100.000000 450.623488 2073.518626 374.364353 4.000000 345.744678 127.028636 343.432157 142.071134 -0.201996 0.000000 0.000000 0.010000
399.748386 183.590154 0.000000 -2.982578 -100.000000 465.699352 2077.481046 370.401933 0.000000 341.876573 126.306999 339.459362 141.379869 -0.196570 0.000000 0.000000 0.010000
399.163072 179.672472 0.000000 -2.975549 -100.000000 481.946823 2081.442211 366.440768 0.000000 338.018381 125.559329 335.487757 140.659693 -0.191604 0.000000 0.000000 0.010000
398.551175 175.759654 0.000000 -2.968810 -100.000000 499.483649 2085.402585 362.480394 0.000000 334.165388 124.788829 331.525374 139.915826 -0.187075 0.000000 0.000000 0.010000
397.913089 171.851391 0.000000 -2.962326 -100.000000 518.445947 2089.362594 358.520385 0.000000 330.316615 123.999355 327.570815 139.151809 -0.182962 0.000000 0.000000 0.010000
397.248912 167.947448 0.000000 -2.955500 -100.000000 538.991835 2093.322633 354.560346 0.000000 326.473904 123.195334 323.616956 138.369984 -0.179241 0.000000 0.000000 0.010000
396.558707 164.047634 0.000000 -2.948659 -100.000000 561.305958 2097.283053 350.599926 0.000000 322.634549 122.380227 319.666200 137.574225 -0.175890 0.000000 0.000000 0.010000
395.842891 160.151746 0.000000 -2.942439 -100.000000 585.605190 2101.244156 346.638823 0.000000 318.794006 121.557068 315.723985 136.768073 -0.172885 0.000000 0.000000 0.010000
395.101720 156.259632 0.000000 -2.936107 -100.000000 612.145869 2105.206212 342.676767 0.000000 314.954788 120.730412 311.782313 135.951436 -0.170206 0.000000 0.000000 0.010000
394.335015 152.371238 0.000000 -2.929128 -100.000000 641.233080 2109.169474 338.713505 0.000000 311.118506 119.904778 307.835293 135.124505 -0.167828 0.000000 0.000000 0.010000
393.542979 148.486481 0.000000 -2.922704 -100.000000 673.232688 2113.134150 334.748829 0.000000 307.277313 119.082158 303.894053 134.291057 -0.165729 0.000000 0.000000 0.010000
392.727839 144.604949 0.000000 -2.919254 -100.000000 708.587121 2117.100350 330.782629 0.000000 303.417165 118.260460 299.981476 133.457463 -0.163887 0.000000 0.000000 0.010000
391.895119 140.725606 0.000000 -2.920320 -100.000000 747.836340 2121.068060 326.814919 0.000000 299.529437 117.437640 296.112174 132.628406 -0.162278 0.000000 0.000000 0.010000
391.052504 136.846922 0.000000 -2.924177 -100.000000 791.646110 2125.037215 322.845764 0.000000 295.624001 116.615525 292.269252 131.801760 -0.160881 0.000000 0.000000 0.010000
390.207107 132.967352 0.000000 -2.927904 -100.000000 840.846706 2129.007827 318.875152 0.000000 291.717192 115.797239 288.424083 130.972759 -0.159673 0.000000 0.000000 0.010000
389.363555 129.085737 0.000000 -2.930373 -100.000000 896.486839 2132.980045 314.902934 0.000000 287.815091 114.983688 284.565238 130.140302 -0.158631 0.000000 0.000000 0.010000
388.523991 125.201420 0.000000 -2.932005 -100.000000 959.910299 2136.954059 310.928920 0.000000 283.915191 114.173978 280.696316 129.306548 -0.157732 0.000000 0.000000 0.010000
387.689197 121.313913 0.000000 -2.933558 -100.000000 1032.867293 2140.930187 306.952792 0.000000 280.013113 113.366832 276.824091 128.474357 -0.156954 0.000000 0.000000 0.010000
386.859684 117.423394 0.000000 -2.935349 -100.000000 1075.254228 2144.908155 302.974824 0.000000 276.107504 112.561611 272.951612 127.645782 -0.156274 0.000000 0.000000 0.010000
386.036031 113.531187 0.000000 -2.937401 -100.000000 1056.056555 2148.886556 298.996423 0.000000 272.199690 111.758224 269.080219 126.822498 -0.155678 0.000000 0.000000 0.010000
385.218927 109.637822 0.000000 -2.939802 -100.000000 1037.458137 2152.864741 295.018238 0.000000 268.289923 110.956357 265.211115 126.006140 -0.155161 0.000000 0.000000 0.010000
384.409330 105.742819 0.000000 -2.942458 -100.000000 1019.431628 2156.842994 291.039985 0.000000 264.378479 110.155697 261.342847 125.197768 -0.154720 0.000000 0.000000 0.010000
383.608171 101.845844 0.000000 -2.945355 -100.000000 1001.951510 2160.821470 287.061510 0.000000 260.465316 109.355863 257.474874 124.398636 -0.154351 0.000000 0.000000 0.010000
382.816315 97.946502 0.000000 -2.948416 -100.000000 984.993955 2164.800402 283.082577 0.000000 256.550641 108.556524 253.605971 123.609816 -0.154052 0.000000 0.000000 0.010000
382.034318 94.044451 0.000000 -2.951321 -100.000000 968.536682 2168.780040 279.102939 0.000000 252.635900 107.757602 249.732692 122.831260 -0.153817 0.000000 0.000000 0.010000
381.261897 90.139520 0.000000 -2.953324 -100.000000 952.558840 2172.760633 275.122346 0.000000 248.724844 106.959487 245.847767 122.060273 -0.153644 0.000000 0.000000 0.010000
380.497130 86.231923 0.000000 -2.953274 -100.000000 937.040898 2176.742364 271.140615 0.000000 244.823558 106.163048 241.940289 121.292235 -0.153529 0.000000 0.000000 0.010000
379.735697 82.322484 0.000000 -2.950019 -100.000000 921.964544 2180.725264 267.157715 0.000000 240.938510 105.369239 237.999493 120.522511 -0.153468 0.000000 0.000000 0.010000
378.970832 78.412706 0.000000 -2.943209 -100.000000 907.312592 2184.709155 263.173825 0.000000 237.072175 104.578210 234.022640 119.747948 -0.153459 0.000000 0.000000 0.010000
378.194628 74.504497 0.000000 -2.933940 -100.000000 893.068903 2188.693699 259.189280 0.000000 233.219205 103.788523 230.021048 118.968004 -0.153497 0.000000 0.000000 0.010000
377.400214 70.599634 0.000000 -2.924307 -100.000000 879.218307 2192.678551 255.204429 0.000000 229.368396 102.997537 226.015676 118.183942 -0.153578 0.000000 0.000000 0.010000
376.583237 66.699353 0.000000 -2.916018 -100.000000 865.746533 2196.663478 251.219501 0.000000 225.510298 102.202947 222.023710 117.396339 -0.153700 0.000000 0.000000 0.010000
375.741519 62.804380 0.000000 -2.908941 -100.000000 852.640144 2200.648362 247.234617 0.000000 221.645605 101.403827 218.044442 116.602327 -0.153859 0.000000 0.000000 0.010000
374.874173 58.915128 0.000000 -2.902175 -100.000000 839.886484 2204.633155 243.249824 0.000000 217.779508 100.599023 214.069567 115.797512 -0.154051 0.000000 0.000000 0.010000
373.980976 55.031836 0.000000 -2.895383 -100.000000 827.473620 2208.617845 239.265134 0.000000 213.914187 99.786513 210.096393 114.978190 -0.154272 0.000000 0.000000 0.010000
373.061874 51.154701 0.000000 -2.888555 -100.000000 815.390293 2212.602431 235.280548 0.000000 210.050098 98.963905 206.125848 114.140036 -0.154520 0.000000 0.000000 0.010000
372.116816 47.283918 0.000000 -2.881704 -100.000000 803.625876 2216.586913 231.296066 0.000000 206.187632 98.128789 202.159385 113.278137 -0.154790 0.000000 0.000000 0.010000
371.145756 43.419678 0.000000 -2.874839 -100.000000 792.170329 2220.571296 227.311683 0.000000 202.327271 97.278768 198.197998 112.389593 -0.155079 0.000000 0.000000 0.010000
370.148649 39.562172 0.000000 -2.867957 -100.000000 781.014165 2224.555587 223.327392 0.000000 198.469623 96.411464 194.242000 111.473761 -0.155383 0.000000 0.000000 0.010000
369.125449 35.711591 0.000000 -2.861043 -100.000000 770.148408 2228.539795 219.343184 0.000000 194.615411 95.524516 190.291500 110.530330 -0.155699 0.000000 0.000000 0.010000
368.076108 31.868123 0.000000 -2.854102 -100.000000 759.564567 2232.523934 215.359045 0.000000 190.765326 94.615545 186.346810 109.559031 -0.156023 0.000000 0.000000 0.010000
367.000592 28.031952 0.000000 -2.847155 -100.000000 749.254602 2236.508020 211.374959 0.000000 186.920053 93.682158 182.408428 108.559640 -0.156352 0.000000 0.000000 0.010000
365.898862 24.203260 0.000000 -2.840191 -100.000000 739.210898 2240.492074 207.390905 0.000000 183.080492 92.722001 178.476518 107.531850 -0.156683 0.000000 0.000000 0.010000
364.770872 20.382233 0.000000 -2.833182 -100.000000 729.426237 2244.476119 203.406860 0.000000 179.247678 91.732746 174.551058 106.475297 -0.157010 0.000000 0.000000 0.010000
363.616579 16.569050 0.000000 -2.826153 -100.000000 719.893777 2248.460182 199.422798 0.000000 175.422483 90.712017 170.632603 105.389767 -0.157332 0.000000 0.000000 0.010000
362.435960 12.763884 0.000000 -2.819138 -100.000000 710.607028 2252.444294 195.438685 0.000000 171.605785 89.657543 166.721828 104.275086 -0.157645 0.000000 0.000000 0.010000
361.228977 8.966909 0.000000 -2.812090 -100.000000 701.559830 2256.428491 191.454488 0.000000 167.798468 88.568270 162.818523 103.130828 -0.157944 0.000000 0.000000 0.010000
359.995573 5.178303 0.000000 -2.804975 -100.000000 692.746337 2260.412812 187.470167 0.000000 164.001002 87.444228 158.922603 101.956584 -0.158226 0.000000 0.000000 0.010000
358.735719 1.398234 0.000000 -2.797872 -100.000000 684.160998 2264.397301 183.485678 0.000000 160.213322 86.285617 155.035273 100.752338 -0.158489 0.000000 0.000000 0.010000
357.449409 -2.373143 0.000000 -2.790810 -100.000000 675.798538 2268.382008 179.500971 0.000000 156.435572 85.092705 151.157156 99.517910 -0.158727 0.000000 0.000000 0.010000
356.136584 -6.135658 0.000000 -2.783659 -100.000000 667.653947 2272.366983 175.515996 0.000000 152.668407 83.865930 147.287147 98.252561 -0.158938 0.000000 0.000000 0.010000
354.797168 -9.889136 0.000000 -2.776412 -100.000000 659.722462 2276.352285 171.530694 0.000000 148.912035 82.605604 143.425481 96.955954 -0.159119 0.000000 0.000000 0.010000
353.431063 -13.633395 0.000000 -2.769113 -100.000000 651.999557 2280.337974 167.545005 0.000000 145.166489 81.311984 139.572969 95.627947 -0.159265 0.000000 0.000000 0.010000
352.038144 -17.368245 0.000000 -2.761767 -100.000000 644.480925 2284.324116 163.558863 0.000000 141.431917 79.985368 135.730024 94.268270 -0.159373 0.000000 0.000000 0.010000
350.618300 -21.093502 0.000000 -2.754401 -100.000000 637.162475 2288.310781 159.572198 0.000000 137.708395 78.626031 131.897298 92.876743 -0.159439 0.000000 0.000000 0.010000
349.171423 -24.808987 0.000000 -2.747004 -100.000000 630.040311 2292.298045 155.584934 0.000000 133.996108 77.234291 128.075008 91.453030 -0.159461 0.000000 0.000000 0.010000
347.697391 -28.514510 0.000000 -2.739541 -100.000000 622.840954 2296.285987 151.596992 0.000000 130.295294 75.810492 124.263124 89.996696 -0.159433 0.000000 0.000000 0.010000
346.196111 -32.209821 0.000000 -2.732037 -100.000000 614.688469 2300.274616 147.608363 0.000000 126.606067 74.354937 120.462364 88.507584 -0.159356 0.000000 0.000000 0.010000
344.667545 -35.894565 0.000000 -2.724531 -100.000000 606.670169 2304.263833 143.619146 0.000000 122.928613 72.867930 116.673714 86.985657 -0.159234 0.000000 0.000000 0.010000
343.111653 -39.568389 0.000000 -2.716968 -100.000000 598.785390 2308.253542 139.629437 0.000000 119.263427 71.349763 112.897097 85.430463 -0.159073 0.000000 0.000000 0.010000
341.528388 -43.230938 0.000000 -2.709324 -100.000000 591.033517 2312.243655 135.639324 0.000000 115.610948 69.800582 109.132810 83.841690 -0.158877 0.000000 0.000000 0.010000
339.917744 -46.881881 0.000000 -2.701693 -100.000000 583.413983 2316.234088 131.648891 0.000000 111.971303 68.220371 105.382458 82.219593 -0.158653 0.000000 0.000000 0.010000
338.279726 -50.520896 0.000000 -2.694080 -100.000000 575.926265 2320.224769 127.658210 0.000000 108.344857 66.609211 101.646590 80.564186 -0.158405 0.000000 0.000000 0.010000
336.614279 -54.147638 0.000000 -2.686329 -100.000000 568.569879 2324.215630 123.667349 0.000000 104.732406 64.967382 97.923806 78.874885 -0.158140 0.000000 0.000000 0.010000
334.921247 -57.761719 0.000000 -2.678311 -100.000000 561.344381 2328.206612 119.676367 0.000000 101.134662 63.295138 94.212959 77.151211 -0.157863 0.000000 0.000000 0.010000
333.200342 -61.362683 0.000000 -2.669973 -100.000000 554.249362 2332.197659 115.685321 0.000000 97.552105 61.592639 90.513818 75.393067 -0.157578 0.000000 0.000000 0.010000
331.451164 -64.950015 0.000000 -2.661343 -100.000000 547.284447 2336.188721 111.694258 0.000000 93.985003 59.859944 86.827030 73.600762 -0.157293 0.000000 0.000000 0.010000
329.673258 -68.523165 0.000000 -2.652498 -100.000000 540.449290 2340.179754 107.703225 0.000000 90.433490 58.097041 83.153908 71.774659 -0.157011 0.000000 0.000000 0.010000
327.866164 -72.081566 0.000000 -2.643503 -100.000000 533.743577 2344.170720 103.712259 0.000000 86.897724 56.303920 79.495688 69.915003 -0.156739 0.000000 0.000000 0.010000
326.029463 -75.624664 0.000000 -2.634409 -100.000000 527.167019 2348.161586 99.721393 0.000000 83.377907 54.480584 75.852916 68.022839 -0.156482 0.000000 0.000000 0.010000
324.162809 -79.151931 0.000000 -2.625275 -100.000000 520.719354 2352.152327 95.730652 0.000000 79.874206 52.627010 72.226538 66.098747 -0.156245 0.000000 0.000000 0.010000
322.265959 -82.662891 0.000000 -2.616177 -100.000000 514.400344 2356.142926 91.740054 0.000000 76.386753 50.743147 68.617613 64.143399 -0.156035 0.000000 0.000000 0.010000
320.338770 -86.157115 0.000000 -2.607144 -100.000000 508.209775 2360.133372 87.749607 0.000000 72.915792 48.828993 65.026700 62.157221 -0.155855 0.000000 0.000000 0.010000
318.381174 -89.634222 0.000000 -2.598159 -100.000000 502.147453 2364.123667 83.759312 0.000000 69.461691 46.884611 61.453810 60.140342 -0.155713 0.000000 0.000000 0.010000
316.393176 -93.093871 0.000000 -2.589210 -100.000000 496.213207 2368.113818 79.769161 0.000000 66.024797 44.910052 57.899024 58.092918 -0.155613 0.000000 0.000000 0.010000
314.374840 -96.535769 0.000000 -2.580319 -100.000000 490.794650 2372.103848 75.779131 0.000000 62.605357 42.905320 54.362769 56.015310 -0.155560 0.000000 0.000000 0.010000
312.326298 -99.959717 0.000000 -2.571521 -100.000000 488.994184 2376.093829 71.789150 0.000000 59.203502 40.870453 50.845565 53.907942 -0.155558 0.000000 0.000000 0.010000
310.247787 -103.365515 0.000000 -2.562779 -100.000000 487.160340 2380.083775 67.799204 0.000000 55.819534 38.805734 47.347201 51.770798 -0.155603 0.000000 0.000000 0.010000
308.139543 -106.752890 0.000000 -2.554094 -100.000000 485.294997 2384.073637 63.809342 0.000000 52.453686 36.711448 43.867936 49.604140 -0.155689 0.000000 0.000000 0.010000
306.001828 -110.121596 0.000000 -2.545463 -100.000000 483.400046 2388.063375 59.819604 0.000000 49.106188 34.587883 40.407986 47.408203 -0.155812 0.000000 0.000000 0.010000
303.834926 -113.471411 0.000000 -2.536889 -100.000000 481.477391 2392.052952 55.830027 0.000000 45.777249 32.435320 36.967615 45.183253 -0.155964 0.000000 0.000000 0.010000
301.639136 -116.802130 0.000000 -2.528375 -100.000000 479.528947 2396.042336 51.840643 0.000000 42.467074 30.254040 33.547074 42.929550 -0.156142 0.000000 0.000000 0.010000
299.414771 -120.113570 0.000000 -2.519920 -100.000000 477.556636 2400.031500 47.851479 0.000000 39.175859 28.044326 30.146597 40.647342 -0.156340 0.000000 0.000000 0.010000
297.162155 -123.405564 0.000000 -2.511527 -100.000000 475.562389 2404.020423 43.862556 0.000000 35.903794 25.806455 26.766416 38.336880 -0.156552 0.000000 0.000000 0.010000
294.881619 -126.677967 0.000000 -2.503195 -100.000000 473.548142 2408.009090 39.873889 0.000000 32.651060 23.540706 23.406750 35.998402 -0.156774 0.000000 0.000000 0.010000
292.573502 -129.930648 0.000000 -2.494923 -100.000000 471.515836 2411.997491 35.885488 0.000000 29.417837 21.247357 20.067794 33.632131 -0.156998 0.000000 0.000000 0.010000
290.238142 -133.163494 0.000000 -2.486709 -100.000000 469.467413 2415.985623 31.897356 0.000000 26.204294 18.926685 16.749735 31.238281 -0.157222 0.000000 0.000000 0.010000
287.875878 -136.376405 0.000000 -2.478549 -100.000000 467.404819 2419.973490 27.909489 0.000000 23.010596 16.578964 13.452739 28.817052 -0.157437 0.000000 0.000000 0.010000
285.487040 -139.569290 0.000000 -2.470433 -100.000000 465.329996 2423.961104 23.921875 0.000000 19.836919 14.204480 10.176890 26.368577 -0.157641 0.000000 0.000000 0.010000
283.071944 -142.742063 0.000000 -2.462345 -100.000000 463.244889 2427.948481 19.934498 0.000000 16.683439 11.803521 6.922218 23.892941 -0.157827 0.000000 0.000000 0.010000
280.630885 -145.894639 0.000000 -2.454273 -100.000000 461.151436 2431.935649 15.947330 0.000000 13.550307 9.376362 3.688822 21.390270 -0.157989 0.000000 0.000000 0.010000
278.164133 -149.026927 0.000000 -2.446206 -100.000000 459.051574 2435.922639 11.960340 0.000000 10.437677 6.923279 0.476746 18.860644 -0.158122 0.000000 0.000000 0.010000
275.671913 -152.138812 0.000000 -2.438095 -100.000000 456.947233 2439.909492 7.973487 0.000000 7.345767 4.444603 -2.714283 16.303875 -0.158222 0.000000 0.000000 0.010000
273.154393 -155.230150 0.000000 -2.429901 -100.000000 454.840337 2443.896254 3.986725 0.000000 4.274765 1.940648 -5.884458 13.719814 -0.158282 0.000000 0.000000 0.010000
