1.5814578163937909e+02   -2.0224347210439120e+02  0.0000000000000000e+00   6.9727440802284579e-01   7.2043688476126945e+01   2.2743055750757872e+05   0.0000000000000000e+00   2.4407961840808853e+03   0.0000000000000000e+00   1.5311592675737040e+02   -1.9624895297755344e+02  1.6205513863577605e+02   -2.0690259564538289e+02  -1.1359620196877841e-01  3.0024242079186898e+00   -1.0810686773050526e+00  -5.9156117745742115e-03  5.0026454075199865e-02   4.7753954180836437e-02
1.6121301658679718e+02   -1.9967139829959592e+02  0.0000000000000000e+00   6.9694245119916332e-01   7.2152083636422532e+01   2.1089024046319511e+05   4.0029356577363195e+00   2.4367932484231487e+03   0.0000000000000000e+00   1.5619900170561110e+02   -1.9369211355209924e+02  1.6513329978695361e+02   -2.0434639231138431e+02  -1.1359782179199619e-01  2.9820228440233350e+00   -1.0785466341539991e+00  -6.0706249206078757e-03  5.2104605849090969e-02   4.7672872487849106e-02
1.6428102437363901e+02   -1.9710029243936299e+02  0.0000000000000000e+00   6.9660281157621984e-01   7.2259094102116194e+01   1.9659271753127672e+05   8.0058417426509099e+00   2.4327903423382345e+03   0.0000000000000000e+00   1.5928223608080876e+02   -1.9113541886321718e+02  1.6821122952786797e+02   -2.0179006434006874e+02  -1.1359918726637906e-01  2.9617660959690535e+00   -1.0760064879692943e+00  -6.2110043100912201e-03  5.4011578018443980e-02   4.7592745077604443e-02
1.6734982775114159e+02   -1.9453018567650625e+02  0.0000000000000000e+00   6.9625628751142687e-01   7.2364741959338460e+01   1.8411075957256282e+05   1.2008716077707302e+01   2.4287874680031778e+03   0.0000000000000000e+00   1.6236559263525368e+02   -1.8857882296311365e+02  1.7128892200190927e+02   -1.9923361119787268e+02  -1.1360031054374396e-01  2.9416528311202121e+00   -1.0734485138217296e+00  -6.3377567067326558e-03  5.5760140978254498e-02   4.7513551753156504e-02
1.7041944713634416e+02   -1.9196110616640024e+02  0.0000000000000000e+00   6.9590362368804060e-01   7.2469048830778860e+01   1.7311916912597750e+05   1.6011556656503558e+01   2.4247846274243816e+03   0.0000000000000000e+00   1.6544902628897583e+02   -1.8602228639625335e+02  1.7436637794276911e+02   -1.9667702689512663e+02  -1.1360120377590785e-01  2.9216819298935879e+00   -1.0708729851957492e+00  -6.4516926350553765e-03  5.7361503533214807e-02   4.7435277332056609e-02
1.7348990078927349e+02   -1.8939307929249097e+02  0.0000000000000000e+00   6.9554552096978406e-01   7.2572035887254273e+01   1.6336603728062162e+05   2.0014361630507079e+01   2.4207818224503781e+03   0.0000000000000000e+00   1.6853249267940939e+02   -1.8346576910947010e+02  1.7744359799462984e+02   -1.9412030553381248e+02  -1.1360187911468765e-01  2.9018522835925102e+00   -1.0682801740052996e+00  -6.5534693158758204e-03  5.8825314288769213e-02   4.7357906961543718e-02
1.7656120496576511e+02   -1.8682612786073432e+02  0.0000000000000000e+00   6.9518264449299105e-01   7.2673723859066669e+01   1.5465319889819121e+05   2.4017129297700915e+01   2.4167790547831842e+03   0.0000000000000000e+00   1.7161594808516355e+02   -1.8090923051576914e+02  1.8052058273674263e+02   -1.9156344128780975e+02  -1.1360234871190034e-01  2.8821627942505477e+00   -1.0656703506098093e+00  -6.6436126772836685e-03  6.0159752664711075e-02   4.7281426109453496e-02
1.7963337404747588e+02   -1.8426027226507583e+02  0.0000000000000000e+00   6.9481563093090404e-01   7.2774133047181905e+01   1.4682262582530122e+05   2.8019858092459756e+01   2.4127763259884255e+03   0.0000000000000000e+00   1.7469934935502746e+02   -1.7835262955354307e+02  1.8359733270710348e+02   -1.8900642838387418e+02  -1.1360262471936289e-01  2.8626123744783221e+00   -1.0630437838300402e+00  -6.7225258676241609e-03  6.1371632387522142e-02   4.7205820555414876e-02
1.8270642065075251e+02   -1.8169553062604095e+02  0.0000000000000000e+00   6.9444509543392186e-01   7.2873283334221682e+01   1.3974675480958656e+05   3.2022546576580062e+01   2.4087736375043050e+03   0.0000000000000000e+00   1.7778265384214654e+02   -1.7579592474129126e+02  1.8667384842494039e+02   -1.8644926108358570e+02  -1.1360271928889218e-01  2.8431999473157905e+00   -1.0604007409634764e+00  -6.7904910918977967e-03  6.2466484356322106e-02   4.7131076382358104e-02
1.8578035571572050e+02   -1.7913191890419444e+02  0.0000000000000000e+00   6.9407163849311271e-01   7.2971194195246170e+01   1.3332148371453650e+05   3.6025193431353621e+01   2.4047709906495315e+03   0.0000000000000000e+00   1.8086581934256199e+02   -1.7323907422854620e+02  1.8975013041225392e+02   -1.8389193366606611e+02  -1.1360264457230523e-01  2.8239244460861661e+00   -1.0577414877997260e+00  -6.8476687745473320e-03  6.3448611658027829e-02   4.7057179968287031e-02
1.8885518857658707e+02   -1.7656945098972847e+02  0.0000000000000000e+00   6.9369585282145496e-01   7.3067884708302472e+01   1.2746101497720479e+05   4.0027797450605640e+01   2.4007683866302796e+03   0.0000000000000000e+00   1.8394880403703837e+02   -1.7068203584392904e+02  1.9282617921490990e+02   -1.8133444041105091e+02  -1.1360241272141898e-01  2.8047848142535616e+00   -1.0550662886357720e+00  -6.8940957113388813e-03  6.4321120014825289e-02   4.6984117978333920e-02
1.9193092701381590e+02   -1.7400813876902538e+02  0.0000000000000000e+00   6.9331833029955980e-01   7.3163373564717588e+01   1.2209400183254741e+05   4.4030357534623100e+01   2.3967658265462624e+03   0.0000000000000000e+00   1.8703156643522772e+02   -1.6812476714115300e+02  1.9590199542368811e+02   -1.7877677558197757e+02  -1.1360203588805033e-01  2.7857800052832502e+00   -1.0523754062910373e+00  -6.9296825995793995e-03  6.5085928958595857e-02   4.6911877357066936e-02
1.9500757728855993e+02   -1.7144799216869006e+02  0.0000000000000000e+00   6.9293966902504656e-01   7.3257679079119015e+01   1.1716062882839232e+05   4.8032872684911851e+01   2.3927633113959732e+03   0.0000000000000000e+00   1.9011406532134691e+02   -1.6556722544368409e+02  1.9897757969559859e+02   -1.7621893340883236e+02  -1.1360152622401629e-01  2.7669089825048063e+00   -1.0496691021221902e+00  -6.9542108921712923e-03  6.5743767880615991e-02   4.6840445321053283e-02
1.9808514415952050e+02   -1.6888901917727509e+02  0.0000000000000000e+00   6.9256048050476737e-01   7.3350819199168328e+01   1.1261037263841779e+05   5.2035341999725560e+01   2.3887608420811598e+03   0.0000000000000000e+00   1.9319625970067494e+02   -1.6300936788866278e+02  2.0205293277566449e+02   -1.7366090807058737e+02  -1.1360089588113377e-01  2.7481707189792650e+00   -1.0469476360378440e+00  -6.9673289281099327e-03  6.6294159643451422e-02   4.6769809351656547e-02
2.0116363088222519e+02   -1.6633122584469567e+02  0.0000000000000000e+00   6.9218139702805304e-01   7.3442811514994688e+01   1.0840026514376090e+05   5.6037764670316065e+01   2.3847584194105693e+03   0.0000000000000000e+00   1.9627810874625331e+02   -1.6045115147062489e+02  2.0512805556028249e+02   -1.7110269372644771e+02  -1.1360015701121974e-01  2.7295641973670453e+00   -1.0442112665131571e+00  -6.9685474617657700e-03  6.6735393674709362e-02   4.6699957188072266e-02
2.0424303919056797e+02   -1.6377461625915203e+02  0.0000000000000000e+00   6.9180307924349960e-01   7.3533673268313123e+01   1.0449353207948351e+05   6.0040139977853343e+01   2.3807560441030319e+03   0.0000000000000000e+00   1.9935957174523148e+02   -1.5789253308551289e+02  2.0820295204401219e+02   -1.6854428801903336e+02  -1.1359932176609117e-01  2.7110884098008468e+00   -1.0414602506041648e+00  -6.9572348613108860e-03  6.7064490399963039e-02   4.6630876820577198e-02
2.0732336926034984e+02   -1.6121919250123028e+02  0.0000000000000000e+00   6.9142622395448605e-01   7.3623421361210816e+01   1.0085851580077973e+05   6.4042467290974201e+01   2.3767537167899109e+03   0.0000000000000000e+00   2.0244060804436276e+02   -1.5533346957541636e+02  2.1127765972650317e+02   -1.6598572869303982e+02  -1.1359840229756496e-01  2.6927423577587781e+00   -1.0386948439620376e+00  -6.9326122568956266e-03  6.7277159085268184e-02   4.6562556484004869e-02
2.1040461965446440e+02   -1.5866495457475091e+02  0.0000000000000000e+00   6.9105157212377866e-01   7.3712072364580976e+01   9.7467815314441556e+04   6.8044746063910537e+01   2.3727514380169746e+03   0.0000000000000000e+00   2.0552117699419105e+02   -1.5277391777445439e+02  2.1435226231404252e+02   -1.6342710902189529e+02  -1.1359741075745806e-01  2.6745250519422585e+00   -1.0359153008470900e+00  -6.8937487648441523e-03  6.7367751125089317e-02   4.6494984651416126e-02
2.1348678724932191e+02   -1.5611190031386167e+02  0.0000000000000000e+00   6.9067991710198673e-01   7.3799642526181813e+01   9.4297594115368353e+04   7.2046975835154868e+01   2.3687492082457302e+03   0.0000000000000000e+00   2.0860123837875284e+02   -1.5021383514437494e+02  2.1742684742410680e+02   -1.6086852690756390e+02  -1.1359635929758752e-01  2.6564355121542604e+00   -1.0331218741427972e+00  -6.8395566716865667e-03  6.7329210233325262e-02   4.6428150027972584e-02
2.1656986714205001e+02   -1.5356002526580548e+02  0.0000000000000000e+00   6.9031211306914642e-01   7.3886147778292639e+01   9.1327018830049157e+04   7.6049156226621022e+01   2.3647470278542642e+03   0.0000000000000000e+00   2.1168077140703858e+02   -1.4765320284292929e+02  2.2050150266543645e+02   -1.5831008010760561e+02  -1.1359526006977017e-01  2.6384727671822583e+00   -1.0303148153695194e+00  -6.7687862756051521e-03  6.7153019957409729e-02   4.6362041545004860e-02
2.1965385253797149e+02   -1.5100932254875028e+02  0.0000000000000000e+00   6.8994908375185671e-01   7.3971603744937369e+01   8.8537800707429866e+04   8.0051286943258063e+01   2.3607448971376270e+03   0.0000000000000000e+00   2.1475980099314251e+02   -1.4509205771415415e+02  2.2357631568089667e+02   -1.5575186622815926e+02  -1.1359412522582299e-01  2.6206358546812059e+00   -1.0274943746980103e+00  -6.6800201314095803e-03  6.6829147995029939e-02   4.6296648354259166e-02
2.2273873461779763e+02   -1.4845978268398514e+02  0.0000000000000000e+00   6.8959183139025759e-01   7.4056025748631626e+01   8.5913818625578890e+04   8.4053367773083863e+01   2.3567428163078016e+03   0.0000000000000000e+00   2.1783838082163874e+02   -1.4253047213681657e+02  2.2665137419220565e+02   -1.5319398271541777e+02  -1.1359296691756299e-01  2.6029238210603802e+00   -1.0246608009631262e+00  -6.5716666577309187e-03  6.6345986473843238e-02   4.6231959822325717e-02
2.2582450238392681e+02   -1.4591139340174709e+02  0.0000000000000000e+00   6.8924144607950810e-01   7.4139428816612806e+01   8.3440807192340653e+04   8.8055398587596372e+01   2.3527407854932890e+03   0.0000000000000000e+00   2.2091656594456356e+02   -1.3996852110654675e+02  2.2972676604663860e+02   -1.5063652684555052e+02  -1.1359179729680706e-01  2.5853357213718713e+00   -1.0218143416769192e+00  -6.4419532519317587e-03  6.5690287744540651e-02   4.6167965525235687e-02
2.2891114248517090e+02   -1.4336413941981419e+02  0.0000000000000000e+00   6.8889911535278947e-01   7.4221827686479273e+01   8.1106097194698086e+04   9.2057379342557738e+01   2.3487388047383274e+03   0.0000000000000000e+00   2.2399441087853509e+02   -1.3740628007334243e+02  2.3280257926599589e+02   -1.4807959571288322e+02  -1.1359062851537215e-01  2.5678706192008183e+00   -1.0189552430419240e+00  -6.2889191547554884e-03  6.4847095882977365e-02   4.6104655243224872e-02
2.3199863901919414e+02   -1.4081800219404158e+02  0.0000000000000000e+00   6.8856613424432644e-01   7.4303236811187816e+01   7.8898398424982137e+04   9.6059310079098609e+01   2.3447368740017869e+03   0.0000000000000000e+00   2.2707196953483748e+02   -1.3484382499602606e+02  2.3587890209797524e+02   -1.4552328621627237e+02  -1.1358947272507527e-01  2.5505275865592436e+00   -1.0160837499642543e+00  -6.1104083773062525e-03  6.3799674880117882e-02   4.6042018955657411e-02
2.3508697331189188e+02   -1.3827295963980617e+02  0.0000000000000000e+00   6.8824391546655583e-01   7.4383670363288701e+01   7.6807617025663058e+04   1.0006119092519110e+02   2.3407349931556942e+03   0.0000000000000000e+00   2.3014929514708848e+02   -1.3228123239843265e+02  2.3895582307047965e+02   -1.4296769504329006e+02  -1.1358834207773329e-01  2.5333057037796398e+00   -1.0132001060664035e+00  -5.9040630142576933e-03  6.2529435052825252e-02   4.5980046836095453e-02
2.3817612367298645e+02   -1.3572898582359880e+02  0.0000000000000000e+00   6.8793400017463691e-01   7.4463142238345114e+01   7.4824701117226243e+04   1.0406302209741706e+02   2.3367331619834681e+03   0.0000000000000000e+00   2.3322644019681741e+02   -1.2971857942700046e+02  2.4203343104886213e+02   -1.4041291865228001e+02  -1.1358724872516320e-01  2.5162040594121762e+00   -1.0103045537001296e+00  -5.6673173235767217e-03  6.1015859886282019e-02   4.5918729247531820e-02
2.4126606512701804e+02   -1.3318605062360405e+02  0.0000000000000000e+00   6.8763806857878662e-01   7.4541666057347385e+01   7.2941509727957498e+04   1.0806480390315251e+02   2.3327313801777327e+03   0.0000000000000000e+00   2.3630345633658294e+02   -1.2715594391001635e+02  2.4511181529706846e+02   -1.3785905325155628e+02  -1.1358620481918197e-01  2.4992217501235037e+00   -1.0073973339589355e+00  -5.3973929248603073e-03  5.9236435779348208e-02   4.5858056737747142e-02
2.4435676911920046e+02   -1.3064411935881006e+02  0.0000000000000000e+00   6.8735795121601839e-01   7.4619255168078567e+01   7.1150701023200891e+04   1.1206653674308942e+02   2.3287296473377960e+03   0.0000000000000000e+00   2.3938039431182065e+02   -1.2459340441746356e+02  2.4819106554230618e+02   -1.3530619477612632e+02  -1.1358522251160653e-01  2.4823578805971782e+00   -1.0044786866907871e+00  -5.0912955334399424e-03  5.7166587768894925e-02   4.5798020034821044e-02
2.4744820319530709e+02   -1.2810315238547685e+02  0.0000000000000000e+00   6.8709563973268151e-01   7.4695922645156472e+01   6.9445636597615099e+04   1.1606822111426155e+02   2.3247279629666236e+03   0.0000000000000000e+00   2.4245730388069049e+02   -1.2203104032201966e+02  2.5127127204489582e+02   -1.3275443886064755e+02  -1.1358431395425379e-01  2.4656115634361306e+00   -1.0015488505102728e+00  -4.7458135473727537e-03  5.4779624225998080e-02   4.5738610042762119e-02
2.5054033065553125e+02   -1.2556310466102799e+02  0.0000000000000000e+00   6.8685329823568364e-01   7.4771681288716891e+01   6.7820299200703565e+04   1.2006985761358905e+02   2.3207263264672961e+03   0.0000000000000000e+00   2.4553423373447399e+02   -1.1946893185901756e+02  2.5435252567242094e+02   -1.3020388080944153e+02  -1.1358349129894078e-01  2.4489819190670059e+00   -9.9860806281102799e-01  -4.3575188107858980e-03  5.2046693892777968e-02   4.5679817837282262e-02
2.5363311018151526e+02   -1.2302392527444628e+02  0.0000000000000000e+00   6.8663327395035367e-01   7.4846543621397203e+01   6.6269221745789837e+04   1.2407144694204186e+02   2.3167247371388435e+03   0.0000000000000000e+00   2.4861123141722570e+02   -1.1690716018638469e+02  2.5743491798063786e+02   -1.2765461556162673e+02  -1.1358276669748443e-01  2.4324680756459953e+00   -9.9565655977770939e-01  -3.9227695921237723e-03  4.8936757871528597e-02   4.5621634661674001e-02
2.5672649543715045e+02   -1.2048555694375239e+02  0.0000000000000000e+00   6.8643810804268279e-01   7.4920521883549256e+01   6.4787425837702678e+04   1.2807298990970457e+02   2.3127231941711807e+03   0.0000000000000000e+00   2.5168834324862419e+02   -1.1434580744121553e+02  2.6051854130009536e+02   -1.2510673765235330e+02  -1.1358215230170164e-01  2.4160691689656542e+00   -9.9269457639805003e-01  -3.4377155152246247e-03  4.5416578439885467e-02   4.5564051922829564e-02
2.5982043464257862e+02   -1.1794793548032582e+02  0.0000000000000000e+00   6.8627054591910086e-01   7.4993628026351885e+01   6.3370368362613277e+04   1.3207448744169540e+02   2.3087216966391898e+03   0.0000000000000000e+00   2.5476561424870113e+02   -1.1178495679401787e+02  2.6360348883132457e+02   -1.2256034116790057e+02  -1.1358166026340938e-01  2.3997843423652725e+00   -9.8972234647482271e-01  -2.8983033930395372e-03  4.1450723913932237e-02   4.5507061187360413e-02
2.6291487012229487e+02   -1.1541098922076529e+02  0.0000000000000000e+00   6.8613354719935538e-01   7.5065873702634647e+01   6.2013894932627751e+04   1.3607594058549515e+02   2.3047202434953902e+03   0.0000000000000000e+00   2.5784308806836361e+02   -1.0922469249732120e+02  2.6668985474861375e+02   -1.2001551969477231e+02  -1.1358130273442463e-01  2.3836127466418748e+00   -9.8674010263731371e-01  -2.3002817723836808e-03  3.7001584530808013e-02   4.5450654177834039e-02
2.6600973782737577e+02   -1.1287463842677654e+02  0.0000000000000000e+00   6.8603029578166297e-01   7.5137270255160615e+01   6.0714199180750453e+04   1.4007735051977082e+02   2.3007188335611145e+03   0.0000000000000000e+00   2.6092080692586467e+02   -1.0666509992847337e+02  2.6977773431498468e+02   -1.1747236626079587e+02  -1.1358109186656432e-01  2.3675535399607517e+00   -9.8374807635335271e-01  -1.6392002820650032e-03  3.2029386941790861e-02   4.5394822769114739e-02
2.6910496683185897e+02   -1.1033879465313721e+02  0.0000000000000000e+00   6.8596421002022678e-01   7.5207828702021104e+01   5.9467787065380755e+04   1.4407871856513972e+02   2.2967174655157455e+03   0.0000000000000000e+00   2.6399881155041578e+02   -1.0410626562559547e+02  2.7286722401106050e+02   -1.1493097326620581e+02  -1.1358103981164538e-01  2.3516058877716723e+00   -9.8074649794033164e-01  -9.1039791457303706e-04  2.6492184285347962e-02   4.5339558984817806e-02
2.7220047880344242e+02   -1.0780336008347402e+02  0.0000000000000000e+00   6.8593895407324657e-01   7.5277559718843335e+01   5.8271445480372502e+04   1.4808004619772115e+02   2.2927161378831643e+03   0.0000000000000000e+00   2.6707714113494762e+02   -1.0154827731500136e+02  2.7595841863299677e+02   -1.1239142868128484e+02  -1.1358115872148482e-01  2.3357689627232698e+00   -9.7773559657714060e-01  -1.0897311233811074e-04  2.0345786524497551e-02   4.5284854993853936e-02
2.7529618744567443e+02   -1.0526822683201981e+02  0.0000000000000000e+00   6.8595845205663752e-01   7.5346473617329153e+01   5.7122214575811697e+04   1.5208133506510111e+02   2.2887148490157842e+03   0.0000000000000000e+00   2.7015583329471514e+02   -9.8991223932811366e+01  2.7905134782985067e+02   -1.0985373824353763e+02  -1.1358146074789952e-01  2.3200419445797138e+00   -9.7471560031488991e-01  7.7027034499811090e-04   1.3543586295291237e-02   4.5230703107073243e-02
2.7839199791202662e+02   -1.0273327620674648e+02  0.0000000000000000e+00   6.8602690353458673e-01   7.5414580319321146e+01   5.6017363288442342e+04   1.5608258700869945e+02   2.2847135970721856e+03   0.0000000000000000e+00   2.7323492403665580e+02   -9.6435195636675004e+01  2.8214572334775841e+02   -1.0731751637927364e+02  -1.1358195804270649e-01  2.3044240201396904e+00   -9.7168673608842737e-01  1.7329020609389745e-03   6.0362380645800785e-03   4.5177095774011931e-02
2.8148780617485460e+02   -1.0019837793103754e+02  0.0000000000000000e+00   6.8614881142113870e-01   7.5481889326109510e+01   5.4954367655271359e+04   1.6008380408208924e+02   2.2807123799987962e+03   0.0000000000000000e+00   2.7631444771862817e+02   -9.3880283824922870e+01  2.8524112966134032e+02   -1.0478221862155961e+02  -1.1358266275772264e-01  2.2889143831554541e+00   -9.6864922972740342e-01  2.7849581305254213e-03   -2.2288266149566717e-03  4.5124025579717807e-02
2.8458349838890979e+02   -9.7663389302533730e+01  0.0000000000000000e+00   6.8632898538640441e-01   7.5548409679675188e+01   5.3930891547883723e+04   1.6408498861055148e+02   2.2767111954703337e+03   0.0000000000000000e+00   2.7939443706972111e+02   -9.1326581104088945e+01  2.8833715203505142e+02   -1.0224729797808428e+02  -1.1358358704476493e-01  2.2735122342543108e+00   -9.6560330596682709e-01  3.9330260794149903e-03   -1.1308014068542606e-02  4.5071485241672309e-02
2.8767895006390228e+02   -9.5128154332247519e+01  0.0000000000000000e+00   6.8657265686218039e-01   7.5614149922670933e+01   5.2944769518466499e+04   1.6808614312228630e+02   2.2727100409585992e+03   0.0000000000000000e+00   2.8247492299801036e+02   -8.8774181431659599e+01  2.9143337690558621e+02   -9.9712205511699068e+01  -1.1358474305565031e-01  2.2582167808610305e+00   -9.6254918845847293e-01  5.1842958941978471e-03   -2.1262221382600251e-02  4.5019467606792943e-02
2.9077402572274781e+02   -9.2592502646493529e+01  0.0000000000000000e+00   6.8688519157641759e-01   7.5679118025598925e+01   5.1993991491604211e+04   1.7208727081400588e+02   2.2687089132668793e+03   0.0000000000000000e+00   2.8555593524365145e+02   -8.6223179557584231e+01  2.9452939194237632e+02   -9.7176390347523196e+01  -1.1358614294219574e-01  2.2430272371210225e+00   -9.5948709978098257e-01  6.5465791352066656e-03   -3.2157412515545811e-02  4.4967965648523754e-02
2.9386857642063336e+02   -9.0056248972695343e+01  0.0000000000000000e+00   6.8727331418315374e-01   7.5743321393296057e+01   5.1076689074977432e+04   1.7608837400183279e+02   2.2647078100790523e+03   0.0000000000000000e+00   2.8863749987775657e+02   -8.3673673075935881e+01  2.9762478569576928e+02   -9.4639300011264694e+01  -1.1358779885621814e-01  2.2279428238256349e+00   -9.5641726145094685e-01  8.0284169532451564e-03   -4.4065274152316800e-02  4.4916972463999789e-02
2.9696244512832999e+02   -8.7519189902696240e+01  0.0000000000000000e+00   6.8774071819027882e-01   7.5806766520901334e+01   5.0191123292094628e+04   1.8008946039244336e+02   2.2607067236884418e+03   0.0000000000000000e+00   2.9171964886804585e+02   -8.1125754494616530e+01  3.0071914892534443e+02   -9.2100379382715758e+01  -1.1358972294953450e-01  2.2129627683389788e+00   -9.5333989393312257e-01  9.6395072061819988e-03   -5.7064191588422068e-02  4.4866481271290330e-02
3.0005536418005357e+02   -8.4981124679803230e+01  0.0000000000000000e+00   6.8833255009687144e-01   7.5869459934419936e+01   2.7075767559971846e+04   1.8409045068687968e+02   2.2567057333940056e+03   0.0000000000000000e+00   2.9480226944255975e+02   -7.8579635605545320e+01  3.0381206001435322e+02   -8.9559082729357200e+01  -1.1359189974525000e-01  -1.8518477774925550e+01  -8.2090262963236538e-01  1.1392580454590658e-02   -7.1244465336410753e-02  4.4953411200663852e-02
3.0314700929930973e+02   -8.2441796947062002e+01  0.0000000000000000e+00   6.8902343634582408e-01   7.5931396487120452e+01   1.8009503808140536e+04   1.8809125746522940e+02   2.2527049266156559e+03   0.0000000000000000e+00   2.9788522539898293e+02   -7.6035546858002007e+01  3.0690310193727635e+02   -8.7014859857341676e+01  -1.1359417021724512e-01  -1.8421620947076569e+01  -6.8263832777902189e-01  1.3299728477541756e-02   -8.6692065881270722e-02  4.5279906666477299e-02
3.0623716813283647e+02   -7.9900942210243073e+01  0.0000000000000000e+00   6.8981806191041417e-01   7.5992579470162497e+01   1.3492075844883608e+04   1.9209188546718590e+02   2.2487042986136994e+03   0.0000000000000000e+00   3.0096868229379976e+02   -7.3493469237115733e+01  3.0999176305542233e+02   -8.4467238149250193e+01  -1.1359632886399997e-01  -1.8325188696202861e+01  -5.4983661964926855e-01  1.5375580384280533e-02   -1.0351676386448333e-01  4.5714876720152231e-02
3.0932562043964248e+02   -7.7358275694282156e+01  0.0000000000000000e+00   6.9072657403070936e-01   7.6053011986895356e+01   1.0786727948452286e+04   1.9609234677343599e+02   2.2447038373074492e+03   0.0000000000000000e+00   3.0405267693528117e+02   -7.0953489841526320e+01  3.1307763299926216e+02   -8.1915661325540725e+01  -1.1359817016026971e-01  -1.8229177182467353e+01  -4.2245871039149818e-01  1.7636881884088511e-02   -1.2184501298188610e-01  4.6160492596234177e-02
3.1241212306698071e+02   -7.4813487753827005e+01  0.0000000000000000e+00   6.9175883898078927e-01   7.6112695375233557e+01   8.9853603813585469e+03   2.0009265227807583e+02   2.2407035318028093e+03   0.0000000000000000e+00   3.0713722622694053e+02   -6.8415711853957674e+01  3.1616031289955140e+02   -7.9359563119117681e+01  -1.1359948858080954e-01  -1.8133582526741378e+01  -3.0046572733365162e-01  2.0103777141229733e-02   -1.4182142721276450e-01  4.6617201328420205e-02
3.1549641152633166e+02   -7.2266242130396193e+01  0.0000000000000000e+00   6.9292624155238169e-01   7.6171629258210203e+01   7.6997997197479708e+03   2.0409281422061926e+02   2.2367033698602659e+03   0.0000000000000000e+00   3.1022235002567953e+02   -6.5880235664926573e+01  3.1923940233626104e+02   -7.6798378039210832e+01  -1.1360007860037465e-01  -1.8038400805735840e+01  -1.8381874301046797e-01  2.2801850279069971e-02   -1.6361735052226245e-01  4.7085477480895900e-02
3.1857819650099970e+02   -6.9716172976475221e+01  0.0000000000000000e+00   6.9424163882579537e-01   7.6229811023086739e+01   6.7362906403679208e+03   2.0809284563547951e+02   2.2327033384454057e+03   0.0000000000000000e+00   3.1330806471178795e+02   -6.3347164144875308e+01  3.2231450313153766e+02   -7.4231538223350881e+01  -1.1359973469372023e-01  -1.7943628046903065e+01  -7.2478794536744662e-02  2.5764310031246962e-02   -1.8744248995179508e-01  4.7565825299051061e-02
3.2165716125332233e+02   -6.7162881309308190e+01  0.0000000000000000e+00   6.9571980281700252e-01   7.6287235249958783e+01   5.9873221354227508e+03   2.1209276092004114e+02   2.2287034231608441e+03   0.0000000000000000e+00   3.1639438466664109e+02   -6.0816601400080614e+01  3.2538521903729276e+02   -7.1658473669190343e+01  -1.1359825133560147e-01  -1.7849260223072775e+01  3.3593100623350747e-02   2.9033788958432578e-02   -2.1355957476313536e-01  4.8058781070532235e-02
3.2473295700322728e+02   -6.4605930984568900e+01  0.0000000000000000e+00   6.9737828140814928e-01   7.6343892944870859e+01   5.3884465330193916e+03   2.1609257522302045e+02   2.2247036088578648e+03   0.0000000000000000e+00   3.1948132017119713e+02   -5.8288654465069200e+01  3.2845115646567450e+02   -6.9078611581154277e+01  -1.1359542300077351e-01  -1.7755293246800196e+01  1.3443593244349339e-01   3.2661607125333732e-02   -2.4229706319107636e-01  4.8564915721432227e-02
3.2780520127100522e+02   -6.2044842296263752e+01  0.0000000000000000e+00   6.9923603948538005e-01   7.6399770499501699e+01   4.8986809833081315e+03   2.2009230772785861e+02   2.2207038763530268e+03   0.0000000000000000e+00   3.2256888134697726e+02   -5.5763430042050757e+01  3.3151192616713212e+02   -6.6491374884673178e+01  -1.1359104416399160e-01  -1.7661722964380559e+01  2.3008868962723072e-01   3.6700809877770524e-02   -2.7404763923555453e-01  4.9084837675950940e-02
3.3087346183325485e+02   -5.9479091145080140e+01  0.0000000000000000e+00   7.0131908306635860e-01   7.6454849163777936e+01   4.4907193381648685e+03   2.2409197044459566e+02   2.2167042136362898e+03   0.0000000000000000e+00   3.2565697141872596e+02   -5.3240936753190397e+01  3.3456713928962512e+02   -6.3896185477795662e+01  -1.1358490930001088e-01  -1.7568545149495147e+01  3.2059035435650585e-01   4.1191080204643536e-02   -3.0923856749966450e-01  4.9619196011753984e-02
3.3393729396602708e+02   -5.6908085202751074e+01  0.0000000000000000e+00   7.0363672764359220e-01   7.6509103156918371e+01   4.1456663636674875e+03   2.2809161279026847e+02   2.2127045712906170e+03   0.0000000000000000e+00   3.2874495321381863e+02   -5.0720444723589978e+01  3.3761642228096201e+02   -6.1292451402106650e+01  -1.1357681288358654e-01  -1.7475755496443977e+01  4.0597990044425614e-01   4.6135443599039726e-02   -3.4824653838875969e-01  5.0168683948019981e-02
3.3699607620461234e+02   -5.4331233126006573e+01  0.0000000000000000e+00   7.0626343060563479e-01   7.6562504993413512e+01   3.8500309166791712e+03   2.3209115218981276e+02   2.2087050318910724e+03   0.0000000000000000e+00   3.3183130009282786e+02   -4.8200525981592577e+01  3.4065935069124151e+02   -5.8679623565600579e+01  -1.1356654938947378e-01  -1.5719972681622544e+01  4.8629629483979020e-01   5.1509854410352295e-02   -3.9135249287049723e-01  5.0734042708539061e-02
3.4004962169342895e+02   -5.1747659366227495e+01  0.0000000000000000e+00   7.0902692784764276e-01   7.6615005469384300e+01   3.5939229440688619e+03   2.3609102636589520e+02   2.2047051577149900e+03   0.0000000000000000e+00   3.3491497892813027e+02   -4.5678986005029053e+01  3.4369569586996033e+02   -5.6056982183699617e+01  -1.1355391329242778e-01  -1.3142263540688710e+01  5.6528315853001176e-01   5.7294810529238759e-02   -4.3860409920768884e-01  5.1287853635283737e-02
3.4309462139158853e+02   -4.9157743284765253e+01  0.0000000000000000e+00   7.1299082663139191e-01   7.6666597974220167e+01   1.5127619259649325e+03   2.4008848661845667e+02   2.2007076974624288e+03   0.0000000000000000e+00   3.3799076770106240e+02   -4.3157072815810018e+01  3.4672399285814146e+02   -5.3424844871285792e+01  -1.1353886460985560e-01  -1.0541579612211869e+01  2.8027957711151723e+00   6.3946535295475879e-02   -4.9109188445481949e-01  5.1784678921903249e-02
3.4612401289732134e+02   -4.6562214528124990e+01  0.0000000000000000e+00   7.1778842410984700e-01   7.6716933012247480e+01   8.0501286128457787e+02   2.4407771993095577e+02   2.1967184641499293e+03   0.0000000000000000e+00   3.4104944578670296e+02   -4.0639394193020138e+01  3.4974146616188006e+02   -5.0784353144005657e+01  -1.1352342486105606e-01  -7.9222129618894312e+00  6.1394187546011487e+00   7.1756601568792322e-02   -5.4805108350062259e-01  5.2199351664102195e-02
3.4913437280389712e+02   -4.3961020180905138e+01  0.0000000000000000e+00   7.2289654517581658e-01   7.6765755524714649e+01   5.4812188547661651e+02   2.4805622201077520e+02   2.1927399620701099e+03   0.0000000000000000e+00   3.4409037605169743e+02   -3.8123607221758384e+01  3.5274350710809659e+02   -4.8137868104022310e+01  -1.1351101368462199e-01  -7.9668506926763190e+00  9.4162805614264755e+00   8.1277830341217494e-02   -6.1064585125164417e-01  5.2529820421748905e-02
3.5212399874496799e+02   -4.1353902096153760e+01  0.0000000000000000e+00   7.2868730662574921e-01   7.6812928486430110e+01   4.1529512288297218e+02   2.5202294962624890e+02   2.1887732344546362e+03   0.0000000000000000e+00   3.4711282369588992e+02   -3.5607503799277417e+01  3.5572747489112680e+02   -4.5486068501502352e+01  -1.1350507728191754e-01  -8.0106090231525524e+00  1.2629287422384881e+01   9.3562480756864116e-02   -6.8351400637297888e-01  5.2814937647884641e-02
3.5509219105037801e+02   -3.8739468728732618e+01  0.0000000000000000e+00   7.3480650680083925e-01   7.6858133633539765e+01   3.5441362353541285e+02   2.5597837974124022e+02   2.1848178043396451e+03   0.0000000000000000e+00   3.5011550465465263e+02   -3.3089386974764828e+01  3.5869307518182950e+02   -4.2827588435600482e+01  -1.1350902648562741e-01  -2.6615470259651617e+00  1.4870257295154083e+01   1.0948153516125646e-01   -7.7189203880449875e-01  5.3045803852173154e-02
3.5804313589605573e+02   -3.6114153619551296e+01  0.0000000000000000e+00   7.4094715009763479e-01   7.6901051333714804e+01   3.5023528124295194e+02   2.5992810820085964e+02   2.1808680758800256e+03   0.0000000000000000e+00   3.5310368798109789e+02   -3.0562043583631137e+01  3.6164192640130193e+02   -4.0159318428526092e+01  -1.1352375296084520e-01  0.0000000000000000e+00   1.5000000000000002e+01   1.2998427628669051e-01   -8.8417794408413131e-01  5.3180836848250972e-02
3.6097938531373137e+02   -3.3475033180144585e+01  0.0000000000000000e+00   7.4843520972435140e-01   7.6941218720167882e+01   3.4621639361685271e+02   2.6387608456052732e+02   2.1769200995203578e+03   0.0000000000000000e+00   3.5607812929795034e+02   -2.8021962563385816e+01  3.6457657446094703e+02   -3.7477216779296839e+01  -1.1354599643846860e-01  -5.4062786048639229e+00  1.4836012767335877e+01   1.5631018838943361e-01   -1.0330612877340954e+00  5.3510643833242687e-02
3.6389872040221843e+02   -3.0819369201224013e+01  0.0000000000000000e+00   7.5734923126929787e-01   7.6977412904846503e+01   3.4235679520877136e+02   2.6782261069471269e+02   2.1729735733861726e+03   0.0000000000000000e+00   3.5903337799253177e+02   -2.5470964837251888e+01  3.6749925998796783e+02   -3.4777393120514141e+01  -1.1357210894957875e-01  -2.7057944482580734e+00  1.4889293329581058e+01   1.8755717122299917e-01   -1.2253205016498929e+00  5.3903564951900573e-02
3.6679912958180500e+02   -2.8143965736927662e+01  0.0000000000000000e+00   7.6789176938205961e-01   7.7007907968352214e+01   3.3865636086234258e+02   2.7176851453360678e+02   2.1690276695472785e+03   0.0000000000000000e+00   3.6196850335827617e+02   -2.2907076113044489e+01  3.7040970205159147e+02   -3.2058193132789043e+01  -1.1359844252525682e-01  0.0000000000000000e+00   1.4999999999999998e+01   2.2051178085513456e-01   -1.4630159838648855e+00  5.4062358580450907e-02
3.6967807083769941e+02   -2.5445496681446450e+01  0.0000000000000000e+00   7.7995556427281409e-01   7.7030818019763473e+01   3.3511500752187146e+02   2.7571440327991991e+02   2.1650817808009651e+03   0.0000000000000000e+00   3.6488209100356846e+02   -2.0328764222027932e+01  3.7330768120699139e+02   -2.9317853495674726e+01  -1.1362134919658395e-01  -4.5865340825952829e+00  1.4857664200822942e+01   2.4897335614812621e-01   -1.7363790321356396e+00  5.4382202123594910e-02
3.7253301184539663e+02   -2.2720816493021943e+01  0.0000000000000000e+00   7.9311582213988463e-01   7.7045025444744226e+01   3.3173269616258449e+02   2.7966086628958112e+02   2.1611353177913043e+03   0.0000000000000000e+00   3.6777353231643900e+02   -1.7733796974091355e+01  3.7619237976361018e+02   -2.6555130544389684e+01  -1.1363718099464130e-01  -2.7486770945179573e+00  1.4909772884804378e+01   2.6571292807719310e-01   -2.0201039255525197e+00  5.4750339718715256e-02
3.7536170656799965e+02   -1.9967293243609490e+01  0.0000000000000000e+00   8.0670035986235600e-01   7.7050644984764602e+01   3.2850943383653123e+02   2.8360844834936620e+02   2.1571877357315188e+03   0.0000000000000000e+00   3.7064269030926744e+02   -1.5119447346611192e+01  3.7906254878985908e+02   -2.3769168845856189e+01  -1.1364228995051003e-01  0.0000000000000000e+00   1.5000000000000002e+01   2.6751779819068172e-01   -2.2779287025761401e+00  5.4916571908207618e-02
3.7816223368791418e+02   -1.7183105007721270e+01  0.0000000000000000e+00   8.2009807242021748e-01   7.7048578839320555e+01   3.2402089105494036e+02   2.8755745534888331e+02   2.1532387287320021e+03   0.0000000000000000e+00   3.7348927124256005e+02   -1.2482719491444788e+01  3.8191656686677760e+02   -2.0959470322779644e+01  -1.1363580876776889e-01  -5.6140870329661645e+00  1.4748657462735924e+01   2.5769705221295430e-01   -2.4776399251485985e+00  5.5398340595554693e-02
3.8093275122904663e+02   -1.4367394669484582e+01  0.0000000000000000e+00   8.3298498495409290e-01   7.7039257647487418e+01   3.1940591089833418e+02   2.9150764422469365e+02   2.1492885398561916e+03   0.0000000000000000e+00   3.7631186029395917e+02   -9.8206700943505840e+00  3.8475251334423717e+02   -1.8125848726131604e+01  -1.1363069530013721e-01  -2.8104640028294989e+00  1.4837188277351720e+01   2.4601477654590465e-01   -2.6087589092453305e+00  5.5949350378860882e-02
3.8367177219327556e+02   -1.1519778015619170e+01  0.0000000000000000e+00   8.4557911281402243e-01   7.7021519923293368e+01   3.1477930524967411e+02   2.9545873982589808e+02   2.1453374442549871e+03   0.0000000000000000e+00   3.7910848355299487e+02   -7.1305133178620803e+00  3.8756860758693898e+02   -1.5268005089268637e+01  -1.1364419583271695e-01  0.0000000000000000e+00   1.5000000000000002e+01   2.4389195275301487e-01   -2.6940401995287195e+00  5.6147076040635534e-02
3.8637804897648095e+02   -8.6401053226268285e+00  0.0000000000000000e+00   8.5825421044897754e-01   7.6993669971403932e+01   3.1015138352124211e+02   2.9941050510815893e+02   2.1413856789727265e+03   0.0000000000000000e+00   3.8187673233255180e+02   -4.4098298621671637e+00  3.9036331871818874e+02   -1.2385407003279809e+01  -1.1369355796585637e-01  -5.7428203898459884e+00  1.4746100841123312e+01   2.4794445797849982e-01   -2.7679925495967059e+00  5.6648599602357123e-02
3.8905046632268471e+02   -5.7283530362188335e+00  0.0000000000000000e+00   8.7121493311055231e-01   7.6954966629518694e+01   3.0553212034000882e+02   3.0336273433350669e+02   2.1374334497473787e+03   0.0000000000000000e+00   3.8461390451312189e+02   -1.6564596980643846e+00  3.9313525567097093e+02   -9.4773882686818922e+00  -1.1379602929990382e-01  -2.8748396064104744e+00  1.4834352283736587e+01   2.5458611435362155e-01   -2.8480517869992292e+00  5.7224911793248817e-02
3.9168796247399740e+02   -2.7845372664932029e+00  0.0000000000000000e+00   8.8448615456425028e-01   7.6904984259371091e+01   3.0093115315674862e+02   3.0731525722835175e+02   2.1334809268525337e+03   0.0000000000000000e+00   3.8731707302122834e+02   1.1315379947538997e+00   3.9588313175715183e+02   -6.5431769722164788e+00  -1.1396885743520756e-01  0.0000000000000000e+00   1.4999999999999998e+01   2.6004773535299974e-01   -2.9370610719744668e+00  5.7428717569603979e-02
3.9428949884357132e+02   1.9131665508987394e-01   0.0000000000000000e+00   8.9800981493866860e-01   7.6843395690104970e+01   2.9635778145856494e+02   3.1126793961437988e+02   2.1295282444665054e+03   0.0000000000000000e+00   3.8998311033784523e+02   3.9560264205482762e+00   3.9860569330172234e+02   -3.5819656218371185e+00  -1.1422928997211584e-01  -5.8738119131336450e+00  1.4755165317532374e+01   2.6426744620576265e-01   -3.0303238827074743e+00  5.7932830556749443e-02
3.9685404368844911e+02   3.1991902726693007e+00   0.0000000000000000e+00   9.1175771718831966e-01   7.6770035821045866e+01   2.9182096748879502e+02   3.1522068473147505e+02   2.1255754993494102e+03   0.0000000000000000e+00   3.9260768983383656e+02   6.8196764605621123e+00   4.0130170105246378e+02   -5.9292941547293998e-01  -1.1459457451097704e-01  -2.9404624057965019e+00  1.4837209729914528e+01   2.6837838036942113e-01   -3.1252908810758639e+00  5.8519612074492293e-02
3.9938057949038313e+02   6.2390669488815771e+00   0.0000000000000000e+00   9.2573033350331635e-01   7.6684938178542609e+01   2.8732933838323731e+02   3.1917343483299095e+02   2.1216227492478943e+03   0.0000000000000000e+00   3.9518984217833156e+02   9.7221187247160810e+00   4.0396990010163682e+02   2.4247402291102484e+00   -1.1508195865213944e-01  0.0000000000000000e+00   1.5000000000000002e+01   2.7252863879678213e-01   -3.2221097042070301e+00  5.8734737844295483e-02
4.0186811632335019e+02   9.3109233146125554e+00   0.0000000000000000e+00   9.3991905243318852e-01   7.6588267768217435e+01   2.8289118963641556e+02   3.2312617325426925e+02   2.1176700108266159e+03   0.0000000000000000e+00   3.9772897119104175e+02   1.2662732366779453e+01   4.0660901345042913e+02   5.4718257720064720e+00   -1.1570868999595126e-01  -6.0052703705311643e+00  1.4776152689131703e+01   2.7626221456880945e-01   -3.3205393838274633e+00  5.9229708828930493e-02
4.0431569642299252e+02   1.2414728979459326e+01   0.0000000000000000e+00   9.5430222164765954e-01   7.6480292307657962e+01   2.7851448981655801e+02   3.2707892646555121e+02   2.1137172576153339e+03   0.0000000000000000e+00   4.0022462361482167e+02   1.5640842168463099e+01   4.0921775149324782e+02   8.5490963552273698e+00   -1.1649201614276088e-01  -3.0064512303130635e+00  1.4845936598915142e+01   2.7945648125644140e-01   -3.4192840756724694e+00  5.9815380312357225e-02
4.0672239303695488e+02   1.5550450863827900e+01   0.0000000000000000e+00   9.6885952092548178e-01   7.6361384235158511e+01   2.7420688645269718e+02   3.3103176599274758e+02   2.1097644180881375e+03   0.0000000000000000e+00   4.0267637746200677e+02   1.8655806613905018e+01   4.1179478637307449e+02   1.1657340340353503e+01   -1.1744918469291654e-01  0.0000000000000000e+00   1.4999999999999996e+01   2.8225163783432344e-01   -3.5170992321346684e+00  6.0047573688809898e-02
4.0908731100337980e+02   1.8718056304315294e+01   0.0000000000000000e+00   9.8357492318016104e-01   7.6232008103399536e+01   2.6997571302205773e+02   3.3498481054277795e+02   2.1058113735381075e+03   0.0000000000000000e+00   4.0508383932002988e+02   2.1707027718182690e+01   4.1433865526813054e+02   1.4797429624977175e+01   -1.1859744324676656e-01  -6.1352198912181128e+00  1.4809401893652673e+01   2.8469033064632648e-01   -3.6131351227506769e+00  6.0520589387650842e-02
4.1140958800182631e+02   2.1917515127545176e+01   0.0000000000000000e+00   9.9843201774813040e-01   7.6092701731873504e+01   2.6582799697030356e+02   3.3893822770000503e+02   2.1018579563808803e+03   0.0000000000000000e+00   4.0744664344229204e+02   2.4793956271249190e+01   4.1684781024383801e+02   1.7970266819997082e+01   -1.1995403940465925e-01  0.0000000000000000e+00   1.5000000000000000e+01   2.8671340233189019e-01   -3.7065434323519209e+00  6.0960680987259819e-02
4.1368839437286840e+02   2.5148805002475058e+01   0.0000000000000000e+00   1.0134134914533290e+00   7.5944054787099219e+01   2.6177046870150321e+02   3.4289223740314515e+02   2.0979039466777404e+03   0.0000000000000000e+00   4.0976444826314719e+02   2.7916094147232617e+01   4.1932065385059605e+02   2.1176760005587727e+01   -1.2153622076694282e-01  -5.7290241048425203e+00  1.4718659246291901e+01   2.8835261124251216e-01   -3.7963869985794072e+00  6.1482343448949116e-02
4.1592292423324398e+02   2.8411914325301456e+01   0.0000000000000000e+00   1.0285103121743857e+00   7.5786668052304364e+01   2.5780957147857879e+02   3.4684710859569071e+02   2.0939490754851945e+03   0.0000000000000000e+00   4.1203692721465671e+02   3.1072988630909606e+01   4.2175553863684752e+02   2.4417824713366564e+01   -1.2336123493396572e-01  -3.8554019802629038e+00  1.4767562208220237e+01   2.8979670917857786e-01   -3.8820514697108064e+00  6.2142286818055135e-02
4.1811240389041410e+02   3.1706861470856026e+01   0.0000000000000000e+00   1.0437115534537655e+00   7.5621131025114934e+01   2.5395147217866830e+02   3.5080317960885009e+02   2.0899930044720350e+03   0.0000000000000000e+00   4.1426378114232801e+02   3.4264256428291183e+01   4.2415076982937228e+02   2.7694390617192987e+01   -1.2544632950607612e-01  -3.5072259189901374e+00  1.4868541098418538e+01   2.9113659124082980e-01   -3.9633579718463352e+00  6.2427554753799908e-02
4.2025604762544515e+02   3.5033646671735283e+01   0.0000000000000000e+00   1.0590244330435692e+00   7.5448111096362112e+01   2.5020207285107350e+02   3.5476079356621472e+02   2.0860353905146703e+03   0.0000000000000000e+00   4.1644469351418189e+02   3.7489526708845879e+01   4.2650457049246074e+02   3.1007355195647186e+01   -1.2780875208362230e-01  -3.6923581524495991e-01  1.4974652381994543e+01   2.9177866964734606e-01   -4.0394793662277859e+00  6.2651767693276433e-02
4.2235330804761747e+02   3.8392476106256218e+01   0.0000000000000000e+00   1.0742873219602711e+00   7.5268396421665827e+01   2.4941499164041582e+02   3.5872062139689302e+02   2.0820755626839923e+03   0.0000000000000000e+00   4.1857956786735411e+02   4.0748807702700184e+01   4.2881515274342240e+02   3.4357686189432492e+01   -1.3046393694195813e-01  -1.1622094195874559e+00  1.4988183467410504e+01   2.9177741818074182e-01   -4.1080113414763764e+00  6.2774016684522080e-02
4.2440392415645550e+02   4.1783407836085672e+01   0.0000000000000000e+00   1.0895354641908033e+00   7.5082605368874226e+01   2.5025779814355752e+02   3.6268337857115819e+02   2.0781128055097270e+03   0.0000000000000000e+00   4.2066842994257007e+02   4.4042393041267012e+01   4.3108038119633557e+02   3.7745918601045339e+01   -1.3340341106916442e-01  0.0000000000000000e+00   1.5000000000000002e+01   2.9156587691991964e-01   -4.1694884309156190e+00  6.2698236709504321e-02
4.2640721601995057e+02   4.5206148739254772e+01   0.0000000000000000e+00   1.1048449980929342e+00   7.4891297469939360e+01   2.5104293746987881e+02   3.6664927488606259e+02   2.0741469091948229e+03   0.0000000000000000e+00   4.2271068751293956e+02   4.7369685416663287e+01   4.3329827980254828e+02   4.1172886392776341e+01   -1.3660181920772763e-01  2.5761588941158409e+00   1.5000000000000000e+01   2.9140807403021707e-01   -4.2248867906241658e+00  6.2532628694404929e-02
4.2836226260568759e+02   4.8660316852458628e+01   0.0000000000000000e+00   1.1202003087998043e+00   7.4695053847506642e+01   2.5176758850673059e+02   3.7061834083495739e+02   2.0701778432459278e+03   0.0000000000000000e+00   4.2470566033500228e+02   5.0729940434870400e+01   4.3546670014875787e+02   4.4639231049174320e+01   -1.4003345131607955e-01  0.0000000000000000e+00   1.4999999999999996e+01   2.9126221661764606e-01   -4.2743226620237706e+00  6.2381998361447609e-02
4.3026818467403098e+02   5.2145495496520176e+01   0.0000000000000000e+00   1.1356066746078648e+00   7.4494409062446749e+01   2.5242914300663432e+02   3.7459062092473215e+02   2.0662055631561529e+03   0.0000000000000000e+00   4.2665279619326674e+02   5.4122624761576397e+01   4.3758320401073433e+02   4.8145167763553843e+01   -1.4367259735265195e-01  2.4687231861653158e+00   1.4999999999999998e+01   2.9106250969355735e-01   -4.3180154644492852e+00  6.2235593640779560e-02
4.3212407947572473e+02   5.5661224062582455e+01   0.0000000000000000e+00   1.1510626784408424e+00   7.4289867034074135e+01   2.5302521520477680e+02   3.7856613257295811e+02   2.0622300515079273e+03   0.0000000000000000e+00   4.2855145216392071e+02   5.7547154768488028e+01   4.3964533280710231e+02   5.1690879168875398e+01   -1.4749354727587677e-01  0.0000000000000000e+00   1.4999999999999998e+01   2.9085550949629130e-01   -4.3560043532369130e+00  6.2094009980879897e-02
4.3392903876074399e+02   5.9207002015108863e+01   0.0000000000000000e+00   1.1665706180210698e+00   7.4081896103158442e+01   2.5355365074830689e+02   3.8254487851976091e+02   2.0582513055611244e+03   0.0000000000000000e+00   4.3040088084708981e+02   6.1002991913666072e+01   4.4165055266833917e+02   5.5276406696248308e+01   -1.5147059104418564e-01  2.3084139677160067e+00   1.5000000000000000e+01   2.9068256236257140e-01   -4.3884964465543312e+00  6.1957822904874810e-02
4.3568214642899028e+02   6.2782288970750521e+01   0.0000000000000000e+00   1.1821335093453500e+00   7.3870928548131928e+01   2.5401253486754567e+02   3.8652684578628197e+02   2.0542693382946031e+03   0.0000000000000000e+00   4.3220025072648707e+02   6.4489603133732615e+01   4.4359637971719030e+02   5.8901620583017333e+01   -1.5557801861601056e-01  0.0000000000000000e+00   1.5000000000000004e+01   2.9055776389571308e-01   -4.4157847083599648e+00  6.1827587917154543e-02
4.3738248189982272e+02   6.6386505481377895e+01   0.0000000000000000e+00   1.1977548864047574e+00   7.3657360848743110e+01   2.5440019972441448e+02   3.9051200793716743e+02   2.0502841761437180e+03   0.0000000000000000e+00   4.3394869934020613e+02   6.8006436544904815e+01   4.4548099730333377e+02   6.2565926733938618e+01   -1.5979011994978329e-01  2.0976513982968403e+00   1.5000000000000000e+01   2.9048826482883755e-01   -4.4381912760929145e+00  6.1703840553219612e-02
4.3902912184712488e+02   7.0019033737494269e+01   0.0000000000000000e+00   1.2134384857042817e+00   7.3441555222016049e+01   2.5471523087940241e+02   3.9450032646099862e+02   2.0462958576198866e+03   0.0000000000000000e+00   4.3564533863340029e+02   7.1552916537537911e+01   4.4730359119597910e+02   6.6268182866724288e+01   -1.6408118500393556e-01  0.0000000000000000e+00   1.5000000000000000e+01   2.9048045627055458e-01   -4.4560529919364855e+00  6.1587096564597932e-02
4.4062114237932008e+02   7.3679218285839994e+01   0.0000000000000000e+00   1.2291881845329669e+00   7.3223841471285255e+01   2.5495647282500846e+02   3.9849175230934907e+02   2.0423044317715362e+03   0.0000000000000000e+00   4.3728925670439679e+02   7.5128443136483725e+01   4.4906360395710504e+02   7.0007115965158562e+01   -1.6842550373689935e-01  1.8394984012353777e+00   1.4999999999999996e+01   2.9053720551265749e-01   -4.4697184719602543e+00  6.1477852231015234e-02
4.4215762123079338e+02   7.7366366721320972e+01   0.0000000000000000e+00   1.2450078100524262e+00   7.3004519185412690e+01   2.5512303354078898e+02   4.0248622734948822e+02   2.0383099567313971e+03   0.0000000000000000e+00   4.3887951936685818e+02   7.8732390974221602e+01   4.5076049005849700e+02   7.3781448390241835e+01   -1.7279736610710636e-01  0.0000000000000000e+00   1.5000000000000004e+01   2.9065738630124643e-01   -4.4795373605989628e+00  6.1376584792416707e-02
4.4363764003444567e+02   8.1079750398775985e+01   0.0000000000000000e+00   1.2609009816164460e+00   7.2783860184798570e+01   2.5521428803284394e+02   4.0648368579144278e+02   2.0343124982894424e+03   0.0000000000000000e+00   4.4041517176184141e+02   8.2364108292247366e+01   4.5239371540646283e+02   7.7589899275806729e+01   -1.7717106207298841e-01  1.5376519873168006e+00   1.5000000000000004e+01   2.9083705511850161e-01   -4.4858503070170768e+00  6.1283752993983497e-02
4.4506028661561066e+02   8.4818605185450053e+01   0.0000000000000000e+00   1.2768709954827502e+00   7.2562111092278130e+01   2.5522988082871220e+02   4.1048405557569225e+02   2.0303121285051930e+03   0.0000000000000000e+00   4.4189523998685439e+02   8.6022915869479931e+01   4.5396275687256076e+02   8.1431185882589318e+01   -1.8152088159297738e-01  0.0000000000000000e+00   1.4999999999999998e+01   2.9107023041046931e-01   -4.4889822812765994e+00  6.1199797737757182e-02
4.4642465730726116e+02   8.8582132266555746e+01   0.0000000000000000e+00   1.2929207395005282e+00   7.2339495916670984e+01   2.5516972740709835e+02   4.1448725972667563e+02   2.0263089243542097e+03   0.0000000000000000e+00   4.4331873278296774e+02   8.9708105934368277e+01   4.5546710171546886e+02   8.5304024824902143e+01   -1.8582111462550502e-01  2.6256131564305361e+00   1.4949410823685680e+01   2.9134943807428221e-01   -4.4892380917767936e+00  6.1171219792340095e-02
4.4772985926469153e+02   9.2369499017282237e+01   0.0000000000000000e+00   1.3090526452466438e+00   7.2116218524953069e+01   2.5503401455058787e+02   4.1849321767131119e+02   2.0223029664095741e+03   0.0000000000000000e+00   4.4468464328763241e+02   9.3418941048026525e+01   4.5690624692144519e+02   8.9207133204824999e+01   -1.9004605112900327e-01  8.2060032893792167e-01   1.5000000000000002e+01   2.9166642933160580e-01   -4.4868999037134492e+00  6.1106176422509935e-02
4.4897501278849347e+02   9.6179839944706302e+01   0.0000000000000000e+00   1.3252686243124505e+00   7.1892465058051613e+01   2.5482319961827432e+02   4.2250184652430312e+02   2.0182943375565821e+03   0.0000000000000000e+00   4.4599195087817583e+02   9.7154652991648618e+01   4.5827969844534925e+02   9.3139229575666235e+01   -1.9416998106190375e-01  0.0000000000000000e+00   1.4999999999999996e+01   2.9201198244713372e-01   -4.4822256411379362e+00  6.1005349064138223e-02
4.5015925365244453e+02   1.0001225772335938e+02   0.0000000000000000e+00   1.3415700143827125e+00   7.1668406838466524e+01   2.5453800874418408e+02   4.2651306235668960e+02   2.0142831217241956e+03   0.0000000000000000e+00   4.4723962311834981e+02   1.0091444166723234e+02   4.5958697038438891e+02   9.7099034778326626e+01   -1.9816719438263850e-01  2.4434127327704602e+00   1.4907876683222632e+01   2.9237316811800640e-01   -4.4754432464194549e+00  6.1044153011842253e-02
4.5128173552716964e+02   1.0386582420400066e+02   0.0000000000000000e+00   1.3579572107823643e+00   7.1444203411158952e+01   2.5417943397610307e+02   4.3052678135280883e+02   2.0102694027280763e+03   0.0000000000000000e+00   4.4842661782061168e+02   1.0469747402551478e+02   4.6082758396901158e+02   1.0108527223774591e+02   -2.0201198104963919e-01  -7.5118753263419646e-01  1.4938089632718134e+01   2.9273691645372701e-01   -4.4667427022420130e+00  6.1066380892251457e-02
4.5234163162276974e+02   1.0773958218327870e+02   0.0000000000000000e+00   1.3744312779767915e+00   7.1220001354583914e+01   2.5374872937813049e+02   4.3454292136723666e+02   2.0062532627136486e+03   0.0000000000000000e+00   4.4955188513581112e+02   1.0850288268502882e+02   4.6200106738394783e+02   1.0509667100923559e+02   -2.0567863102133763e-01  -1.8152333794879674e+00  1.4907876683222621e+01   2.9311026446059874e-01   -4.4563123489904983e+00  6.1043653799991972e-02
4.5333813750841762e+02   1.1163254463763030e+02   0.0000000000000000e+00   1.3909909715095017e+00   7.0995929980564597e+01   2.5324740612861990e+02   4.3856140126032085e+02   2.0022347828205643e+03   0.0000000000000000e+00   4.5061436977703175e+02   1.1232976445603100e+02   4.6310695293299773e+02   1.0913196001074280e+02   -2.0914143425616571e-01  -2.0195813435679927e-01  1.4998967642638121e+01   2.9351485139733113e-01   -4.4443827536277629e+00  6.0977962967549433e-02
4.5427047176849453e+02   1.1554370512694895e+02   0.0000000000000000e+00   1.4076419858208062e+00   7.0772127799792685e+01   2.5267722665315284e+02   4.4258215038774978e+02   1.9982140336931354e+03   0.0000000000000000e+00   4.5161301473712501e+02   1.1617718417793509e+02   4.6414478136554828e+02   1.1318988785018891e+02   -2.1237468071255522e-01  -2.2611651894077470e-01  1.4999235222603234e+01   2.9378181309083384e-01   -4.4310517505688596e+00  6.0897017307357623e-02
4.5513792231981614e+02   1.1947198043726678e+02   0.0000000000000000e+00   1.4243167556087535e+00   7.0548804188036101e+01   2.5331544870733026e+02   4.4660506194191561e+02   1.9941911221389696e+03   0.0000000000000000e+00   4.5254676181367103e+02   1.2004416630308801e+02   4.6511405360699962e+02   1.1726902878507622e+02   -2.1535466218671009e-01  0.0000000000000000e+00   1.4999999999999998e+01   2.9369762461541427e-01   -4.4155312360079613e+00  6.0832743806075770e-02
4.5593995798020086e+02   1.2341631479127733e+02   0.0000000000000000e+00   1.4410294777207637e+00   7.0326132441823134e+01   2.5444099880414319e+02   4.5063011283560087e+02   1.9901660712452845e+03   0.0000000000000000e+00   4.5341458152765290e+02   1.2392982145401241e+02   4.6601286678596284e+02   1.2136810301688506e+02   -2.1807697120894404e-01  3.0382124344540786e+00   1.4993788550097845e+01   2.9346215536432302e-01   -4.3983033559565632e+00  6.0679255084953733e-02
4.5667604026520075e+02   1.2737574795906811e+02   0.0000000000000000e+00   1.4577958386886865e+00   7.0104246461024346e+01   2.5556359474883996e+02   4.5465738587582206e+02   1.9861387982050633e+03   0.0000000000000000e+00   4.5421543464351288e+02   1.2783318924718721e+02   4.6684051524642297e+02   1.2548611132348451e+02   -2.2054799429571265e-01  3.0291245909269109e+00   1.4995919409587470e+01   2.9317210231951107e-01   -4.3796803132271060e+00  6.0503987187299949e-02
4.5734561916397814e+02   1.3134930884164174e+02   0.0000000000000000e+00   1.4746034748744958e+00   6.9883309778848854e+01   2.5668003402850388e+02   4.5868696674598800e+02   1.9821092173348973e+03   0.0000000000000000e+00   4.5494828555936596e+02   1.3175328000061353e+02   4.6759822062910911e+02   1.2962165805145690e+02   -2.2277423615623754e-01  3.0204707000688025e+00   1.4998230281127466e+01   2.9267342990452011e-01   -4.3593809125093994e+00  6.0329970230524069e-02
4.5794817651510652e+02   1.3533598213936401e+02   0.0000000000000000e+00   1.4914443720770469e+00   6.9663516653722127e+01   2.5778717306961295e+02   4.6271891904533015e+02   1.9780772650355552e+03   0.0000000000000000e+00   4.5561210287213675e+02   1.3568906307708542e+02   4.6828553465942531e+02   1.3377356388335468e+02   -2.2476220149974055e-01  2.9892123332980143e+00   1.4999999999999996e+01   2.9202077503812474e-01   -4.3370167856885402e+00  6.0165035726387137e-02
4.5848320245907223e+02   1.3933472102909104e+02   0.0000000000000000e+00   1.5083343538724356e+00   6.9444934486550352e+01   2.5888193377826002e+02   4.6675329204109192e+02   1.9740428920397933e+03   0.0000000000000000e+00   4.5620587514713270e+02   1.3963942439392426e+02   4.6890200899257542e+02   1.3794069857493571e+02   -2.2651839503544335e-01  0.0000000000000000e+00   1.5000000000000004e+01   2.9203406847118579e-01   -4.3134929246076963e+00  6.0010843420358076e-02
4.5895021033252317e+02   1.4334444414662391e+02   0.0000000000000000e+00   1.5252893880518401e+00   6.9227562803186402e+01   2.5996131018239595e+02   4.7079011948763241e+02   1.9700060645932529e+03   0.0000000000000000e+00   4.5672879486117915e+02   1.4360316987029972e+02   4.6944717800168053e+02   1.4212187430697060e+02   -2.2804932147256768e-01  2.7963945349591897e+00   1.5000000000000002e+01   2.9206049017474223e-01   -4.2904297481339819e+00  5.9866862358449964e-02
4.5934876090078689e+02   1.4736403817799328e+02   0.0000000000000000e+00   1.5422805920247620e+00   6.9011560138770662e+01   2.6102237514026956e+02   4.7482942372629572e+02   1.9659667603545895e+03   0.0000000000000000e+00   4.5718050214780021e+02   1.4757902525166332e+02   4.6992056080041505e+02   1.4631582365068400e+02   -2.2936148552033528e-01  0.0000000000000000e+00   1.5000000000000004e+01   2.9109075898758002e-01   -4.2665255590746911e+00  5.9731509035137645e-02
4.5967844187994291e+02   1.5139235594201051e+02   0.0000000000000000e+00   1.5592829328048476e+00   6.8797144370209210e+01   2.6206228707814552e+02   4.7887120966272460e+02   1.9619249744181607e+03   0.0000000000000000e+00   4.5756081651738515e+02   1.5156566421705520e+02   4.7032167616580091e+02   1.5052130452394925e+02   -2.3046139188796791e-01  2.5826957518027482e+00   1.5000000000000002e+01   2.9017369473404964e-01   -4.2399408121699329e+00  5.9604747827887508e-02
4.5993885806620028e+02   1.5542824258916497e+02   0.0000000000000000e+00   1.5763030881942250e+00   6.8584568963019066e+01   2.6307829671942534e+02   4.8291548927950981e+02   1.9578806948013755e+03   0.0000000000000000e+00   4.5786955433244736e+02   1.5556176472040022e+02   4.7065003993148758e+02   1.5473710198598826e+02   -2.3135554528468727e-01  0.0000000000000000e+00   1.4999999999999996e+01   2.8912210383336140e-01   -4.2108688961347758e+00  5.9486542201888495e-02
4.6012966384030597e+02   1.5947044216320720e+02   0.0000000000000000e+00   1.5933016821349051e+00   6.8374081508111004e+01   2.6406775376676137e+02   4.8696218969340498e+02   1.9538339943874803e+03   0.0000000000000000e+00   4.5810652340023785e+02   1.5956594137612842e+02   4.7090515044694428e+02   1.5896180199696002e+02   -2.3205045041971500e-01  -6.0845878973006506e+00  1.4387694356823031e+01   2.8814540433309638e-01   -4.1791413292658408e+00  5.9913697346906825e-02
4.6025043175402561e+02   1.6351799111031474e+02   0.0000000000000000e+00   1.6104825848520448e+00   6.8165544041396572e+01   2.6121972172962086e+02   4.9101153993365534e+02   1.9497846441472300e+03   0.0000000000000000e+00   4.5827153650001952e+02   1.6357703599264204e+02   4.7108653515847794e+02   1.6319467109167945e+02   -2.3255270151975377e-01  -3.0469429950523357e+00  1.4377775288858764e+01   2.8885883519014494e-01   -4.1484459952215937e+00  6.0583523272986668e-02
4.6029999871650716e+02   1.6757054597409157e+02   0.0000000000000000e+00   1.6281121882716305e+00   6.7958595554387983e+01   2.5034414568293715e+02   4.9506439791385782e+02   1.9457317861670274e+03   0.0000000000000000e+00   4.5836439158330171e+02   1.6759422046324113e+02   4.7119372321289313e+02   1.6743730438907983e+02   -2.3287526675848713e-01  0.0000000000000000e+00   1.4999999999999998e+01   2.9107150211445476e-01   -4.1213517688080534e+00  6.0853045412394079e-02
4.6027684239321633e+02   1.7162684124119235e+02   0.0000000000000000e+00   1.6459022320213865e+00   6.7753314919231215e+01   2.4010742826182599e+02   4.9912075927710106e+02   1.9416754248037842e+03   0.0000000000000000e+00   4.5838484877082755e+02   1.7161604034700213e+02   4.7122604354731055e+02   1.7168934735206574e+02   -2.3304161830042547e-01  -9.8624448983149229e+00  1.3698649720257707e+01   2.9319404392451642e-01   -4.0929716639099576e+00  6.2769904129120327e-02
4.6018008324260796e+02   1.7568485714126518e+02   0.0000000000000000e+00   1.6639037122858500e+00   6.7549833063611189e+01   2.3047029343079723e+02   5.0317992857370234e+02   1.9376162555071828e+03   0.0000000000000000e+00   4.5833267602529043e+02   1.7564080764575377e+02   4.7118280576298122e+02   1.7594720556760618e+02   -2.3307620901188197e-01  -6.5934230309036099e+00  1.4023015100259219e+01   2.9527182709321925e-01   -4.0642838211965948e+00  6.5039979975203055e-02
4.6000878917759553e+02   1.7974280290428956e+02   0.0000000000000000e+00   1.6821024407747260e+00   6.7348250533612372e+01   2.2139933363005818e+02   5.0724148806143069e+02   1.9335546960194547e+03   0.0000000000000000e+00   4.5820766205135976e+02   1.7966677370008770e+02   4.7106339773190177e+02   1.8020944019984992e+02   -2.3300349175916982e-01  -3.3020215989793860e+00  1.4452545326777264e+01   2.9746774059086906e-01   -4.0350058922588810e+00  6.5594873738189452e-02
4.5976209606235579e+02   1.8379897355855488e+02   0.0000000000000000e+00   1.7005078903392228e+00   6.7148637923515224e+01   2.1286603025924646e+02   5.1130515363202454e+02   1.9294910304488608e+03   0.0000000000000000e+00   4.5800960533452701e+02   1.8369238844813250e+02   4.7086722103264441e+02   1.8447437854211154e+02   -2.3284791940860214e-01  0.0000000000000000e+00   1.5000000000000002e+01   2.9976462793359104e-01   -4.0056035912278682e+00  6.5922075474778435e-02
4.5943916289866064e+02   1.8785180424018517e+02   0.0000000000000000e+00   1.7191194576704305e+00   6.6951044177650829e+01   2.0484596169379913e+02   5.1537082975810472e+02   1.9254253543227805e+03   0.0000000000000000e+00   4.5773829756380746e+02   1.8771627777319185e+02   4.7059367743360906e+02   1.8874060590776571e+02   -2.3263394482649197e-01  -1.0319019274425854e+01  1.4027234812138136e+01   3.0206981831824209e-01   -3.9762313161942728e+00  6.7604963154112838e-02
4.5903915771998976e+02   1.9189989413604505e+02   0.0000000000000000e+00   1.7379473450137963e+00   6.6755485619292443e+01   1.9731816109529163e+02   5.1943863456511383e+02   1.9213575495157716e+03   0.0000000000000000e+00   4.5739350340842418e+02   1.9173728157953994e+02   4.7024160587275884e+02   1.9300684516484571e+02   -2.3238602087915253e-01  -7.0850934001703676e+00  1.4232670172329620e+01   3.0446538482559921e-01   -3.9470516665722135e+00  6.9678918708042312e-02
4.5856125107240496e+02   1.9594194539159443e+02   0.0000000000000000e+00   1.7569924296962276e+00   6.6561827384094059e+01   1.9026459501859520e+02   5.2350884010246625e+02   1.9172873439784189e+03   0.0000000000000000e+00   4.5697494756894611e+02   1.9575439087002590e+02   4.6980651202924116e+02   1.9727151412423225e+02   -2.3212860043289690e-01  -3.5497907207080432e+00  1.4548753609392932e+01   3.0757756662545077e-01   -3.9191509159992739e+00  7.0395596665434004e-02
4.5800451289072345e+02   1.9997707131226858e+02   0.0000000000000000e+00   1.7763477647989605e+00   6.6369945014798375e+01   1.8366974034910507e+02   5.2758219235811987e+02   1.9132139917227655e+03   0.0000000000000000e+00   4.5648227314737306e+02   1.9976704342132865e+02   4.6929189772721833e+02   2.0153442496946491e+02   -2.3188613635403826e-01  -2.0159543692042807e+00  1.5000000000000004e+01   3.1007555026010342e-01   -3.8935162292874668e+00  7.0837605530678902e-02
4.5736858890688671e+02   2.0400332592601325e+02   0.0000000000000000e+00   1.7954470619906988e+00   6.6180431411841681e+01   1.8275669100055543e+02   5.3165835790038125e+02   1.9091378261805039e+03   0.0000000000000000e+00   4.5591535508205129e+02   2.0377379592058813e+02   4.6869743587368214e+02   2.0579265277851968e+02   -2.3168209470955478e-01  0.0000000000000000e+00   1.4999999999999998e+01   3.0958282084414440e-01   -3.8624093679917881e+00  7.1067987918286959e-02
4.5665472965799063e+02   2.0801781663514728e+02   0.0000000000000000e+00   1.8142764127331146e+00   6.5993817479857810e+01   1.8564467240703806e+02   5.3573582410881977e+02   1.9050603599720655e+03   0.0000000000000000e+00   4.5527455564559739e+02   2.0777239322898737e+02   4.6802404239943377e+02   2.1003951493814870e+02   -2.3152460486303234e-01  3.5575116952038299e+00   1.4886235267216945e+01   3.0772127580351327e-01   -3.8278805067266752e+00  7.0990589041303856e-02
4.5586377773900165e+02   2.1201907479537877e+02   0.0000000000000000e+00   1.8331215677857811e+00   6.5810077039806984e+01   1.8862310396007922e+02   5.3981450916689562e+02   1.9009816749139895e+03   0.0000000000000000e+00   4.5456030729456285e+02   2.1176141022886284e+02   4.6727218491562337e+02   2.1427424084255892e+02   -2.3140969078711399e-01  3.5299059769124401e+00   1.4878231012593007e+01   3.0624927026984183e-01   -3.7945283535634911e+00  7.0559623739628818e-02
4.5499587465286118e+02   2.1600629413484660e+02   0.0000000000000000e+00   1.8519246838279078e+00   6.5629134418578587e+01   1.9168073106957337e+02   5.4389509415289433e+02   1.8969010899279911e+03   0.0000000000000000e+00   4.5377292353731190e+02   2.1574009281582767e+02   4.6644194915159375e+02   2.1849777567520491e+02   -2.3133304727940945e-01  3.5024142811988574e+00   1.4871585228200956e+01   3.0485264848435256e-01   -3.7616244016955385e+00  7.0021816236486970e-02
4.5405134581466558e+02   2.1997837497763143e+02   0.0000000000000000e+00   1.8707060741184216e+00   6.5450931798645072e+01   1.9480582315742021e+02   5.4797793151774260e+02   1.8928182525631428e+03   0.0000000000000000e+00   4.5291270332312757e+02   2.1970761496235980e+02   4.6553377234218016e+02   2.2270880354063516e+02   -2.3129036913752840e-01  3.4750955590774208e+00   1.4866276644170030e+01   3.0337750873137109e-01   -3.7295249274865165e+00  6.9485849102117025e-02
4.5303049435900061e+02   2.2393415960156955e+02   0.0000000000000000e+00   1.8894592320464827e+00   6.5275429284202943e+01   1.9798616899108731e+02   5.5206331640603878e+02   1.8887328676748466e+03   0.0000000000000000e+00   4.5197994433196607e+02   2.2366304890513348e+02   4.6454799371506681e+02   2.2690642859521245e+02   -2.3127735115908049e-01  3.4480063443842237e+00   1.4862281682456473e+01   3.0188675223635730e-01   -3.6978228790231307e+00  6.8952898055112247e-02
4.5193366563517560e+02   2.2787237692394362e+02   0.0000000000000000e+00   1.9081861143620691e+00   6.5102609259583815e+01   2.0120907728340558e+02   5.5615141974715618e+02   1.8846447643337292e+03   0.0000000000000000e+00   4.5097495132900627e+02   2.2760536642074607e+02   4.6348498616654655e+02   2.3108952293692181e+02   -2.3128968814167550e-01  3.4212007341575350e+00   1.4859574956884263e+01   3.0040958315813715e-01   -3.6664300336384223e+00  6.8424093789322807e-02
4.5076124012315501e+02   2.3179166769835265e+02   0.0000000000000000e+00   1.9268870881710469e+00   6.4932468330552339e+01   2.0446138284972091e+02   5.6024231472938254e+02   1.8805538693515027e+03   0.0000000000000000e+00   4.4989804197089506e+02   2.3153344864957813e+02   4.6234512855772846e+02   2.3525689830021889e+02   -2.3132307488292303e-01  3.3947303975267569e+00   1.4858129726483885e+01   2.9894478567774024e-01   -3.6352748265251749e+00  6.7900521152843063e-02
4.4951364512453523e+02   2.3569058829737767e+02   0.0000000000000000e+00   1.9455626105523709e+00   6.4765014687542276e+01   2.0772945859897155e+02   5.6433597752913568e+02   1.8764602065517497e+03   0.0000000000000000e+00   4.4874955319441631e+02   2.3544609055850592e+02   4.6112882197747922e+02   2.3940726735810048e+02   -2.3137320618043269e-01  3.3686446093799769e+00   1.4857918300726412e+01   2.9749673660698683e-01   -3.6042963792110601e+00  6.7383218910957401e-02
4.4819135981472658e+02   2.3956762052356046e+02   0.0000000000000000e+00   1.9642128847610236e+00   6.4600266332533934e+01   2.1099923361633370e+02   5.6843229506118757e+02   1.8723638890196976e+03   0.0000000000000000e+00   4.4752984655300224e+02   2.3934200742127194e+02   4.5983649193871042e+02   2.4353926332661376e+02   -2.3143577683181424e-01  3.3429903051852214e+00   1.4858912396463911e+01   2.9607203214205419e-01   -3.5734477504778477e+00  6.6873180023541534e-02
4.4679492120590561e+02   2.4342117995000049e+02   0.0000000000000000e+00   1.9828379611420379e+00   6.4438249561317789e+01   2.1425621757105395e+02   5.7253107061509513e+02   1.8682651134657901e+03   0.0000000000000000e+00   4.4623931314050094e+02   2.4321984075471522e+02   4.5846712384510857e+02   2.4765090956141660e+02   -2.3150648163467727e-01  3.3178121535131866e+00   1.4861083447377816e+01   2.9467297107922602e-01   -3.5426977996316218e+00  6.6371352368192152e-02
4.4532492888988861e+02   2.4724962482706505e+02   0.0000000000000000e+00   2.0014377247824675e+00   6.4278997100309184e+01   2.1748553165327365e+02   5.7663202996454868e+02   1.8641641541163367e+03   0.0000000000000000e+00   4.4487837792571162e+02   2.4707816448033714e+02   4.5701889456208454e+02   2.5173970898235135e+02   -2.3158101538663159e-01  3.2931526430349982e+00   1.4864402867515981e+01   2.9330411105419857e-01   -3.5120254885990057e+00  6.5878639842686507e-02
4.4378204912399264e+02   2.5105126433711038e+02   0.0000000000000000e+00   2.0200123550226339e+00   6.4122543467291237e+01   2.2067194620714992e+02   5.8073482668585348e+02   1.8600613573950318e+03   0.0000000000000000e+00   4.4344750380432976e+02   2.5091549049450401e+02   4.5549615847458671e+02   2.5580538745813953e+02   -2.3165507288528681e-01  3.2690521810261108e+00   1.4868842271106029e+01   2.9198401923539041e-01   -3.4814456469562471e+00  6.5395903783761686e-02
4.4216701779823200e+02   2.5482436832266760e+02   0.0000000000000000e+00   2.0385620890890039e+00   6.3968925046359352e+01   2.2379992518404964e+02   5.8483904888610232e+02   1.8559571351947829e+03   0.0000000000000000e+00   4.4194719465075485e+02   2.5473027569477773e+02   4.5389949289983639e+02   2.5984631176507702e+02   -2.3172434892825255e-01  3.2455492006784423e+00   1.4874373651249217e+01   2.9070007264127179e-01   -3.4509908570569690e+00  6.4923964643425078e-02
4.4048064747773111e+02   2.5856717230698735e+02   0.0000000000000000e+00   2.0570828340260392e+00   6.3818195491504362e+01   2.2685367748826877e+02   5.8894421959179851e+02   1.8518519644890866e+03   0.0000000000000000e+00   4.4037800024084692e+02   2.5852092322354935e+02   4.5222952565979944e+02   2.6386078627887196e+02   -2.3178453831313850e-01  3.2226802748148526e+00   1.4880969520391940e+01   2.8937752808311829e-01   -3.4205465712006675e+00  6.4463603868843311e-02
4.3872381694628604e+02   2.6227790038982039e+02   0.0000000000000000e+00   2.0755773028967734e+00   6.3670403600390713e+01   2.2981721522823864e+02   5.9304982020814487e+02   1.8477463638727404e+03   0.0000000000000000e+00   4.3874051206775977e+02   2.6228580463353654e+02   4.5048692101438212e+02   2.6784709864689643e+02   -2.3183133583755433e-01  3.2004802338785630e+00   1.4888603015640825e+01   2.8815039307055257e-01   -3.3900812714477930e+00  6.4015565936962296e-02
4.3689750537819504e+02   2.6595470900566698e+02   0.0000000000000000e+00   2.0940516506749227e+00   6.3525489124023672e+01   2.3267441881835470e+02   5.9715522342114434e+02   1.8436409606597408e+03   0.0000000000000000e+00   4.3703539470232414e+02   2.6602320016038414e+02   4.4867241959889299e+02   2.7180343933170502e+02   -2.3186043629910982e-01  3.1789822863487602e+00   1.4897247972051165e+01   2.8752541479482929e-01   -3.3605107274165600e+00  6.3580560500211727e-02
4.3500265227075135e+02   2.6959592861998465e+02   0.0000000000000000e+00   2.1125390852373580e+00   6.3383496115017032e+01   2.3540910880032081e+02   6.0125997049964758e+02   1.8395362135812377e+03   0.0000000000000000e+00   4.3526327287279810e+02   2.6973155289150901e+02   4.4678669258011979e+02   2.7572822157772009e+02   -2.3186753449541458e-01  3.1582181399926683e+00   1.4906878967005968e+01   2.8605198218189959e-01   -3.3318405260622601e+00  6.3159264604857809e-02
4.3304117526148207e+02   2.7319889036335809e+02   0.0000000000000000e+00   2.1306766590931385e+00   6.3244949711027033e+01   2.4394677492770114e+02   6.0536225344723960e+02   1.8354339306336456e+03   0.0000000000000000e+00   4.3342542033320706e+02   2.7340807600777958e+02   4.4483155681353128e+02   2.7961765470005736e+02   -2.3184885089983509e-01  3.1382837579905658e+00   1.4499233733298082e+01   2.8289049431904939e-01   -3.2987061099316848e+00  6.2753633361258540e-02
4.3101583244593127e+02   2.7676122524165447e+02   0.0000000000000000e+00   2.1485054379189830e+00   6.3110124305475701e+01   2.5631544120476423e+02   6.0946008742455376e+02   1.8313360966563314e+03   0.0000000000000000e+00   4.3152335585540226e+02   2.7704977444497570e+02   4.4280975964067511e+02   2.8346658746252098e+02   -2.3180635786953147e-01  5.5409255304380638e+00   1.3864076890040762e+01   2.7917005661775568e-01   -3.2629071257210689e+00  6.2379100284770499e-02
4.2892833124225837e+02   2.8028222550313558e+02   0.0000000000000000e+00   2.1661390540773335e+00   6.2979069403839567e+01   2.7015515243366167e+02   6.1355338733009285e+02   1.8272427967507924e+03   0.0000000000000000e+00   4.2955778865785499e+02   2.8065541295418279e+02   4.4072192779914235e+02   2.8727431444940902e+02   -2.3174557496485088e-01  0.0000000000000000e+00   1.5000000000000002e+01   2.7560566659827479e-01   -3.2264106692523007e+00  6.0323242721504682e-02
4.2677995472094130e+02   2.8376153646411467e+02   0.0000000000000000e+00   2.1835467901718877e+00   6.2851923294927424e+01   2.8568466735381679e+02   6.1764253472784412e+02   1.8231536493530411e+03   0.0000000000000000e+00   4.2752919639426460e+02   2.8422417209450600e+02   4.3856839878364065e+02   2.9104056864353100e+02   -2.3167207392872752e-01  2.9277532816354639e+00   1.4144777479935998e+01   2.7188306515433558e-01   -3.1888509845394304e+00  5.8481731803105910e-02
4.2457216510114665e+02   2.8719865922338784e+02   0.0000000000000000e+00   2.2007224591947381e+00   6.2728856657806105e+01   3.0317701058745166e+02   6.2172764768437139e+02   1.8190685363965140e+03   0.0000000000000000e+00   4.2543819787696356e+02   2.8775494374004990e+02   4.3634673403578580e+02   2.9476189536365018e+02   -2.3159142650409603e-01  5.1834404202167486e+00   1.2688827483020559e+01   2.6789525848841605e-01   -3.1498406659527984e+00  5.8904316648847550e-02
4.2230641962957105e+02   2.9059310600070620e+02   0.0000000000000000e+00   2.2176759331492426e+00   6.2609971672816002e+01   3.2297676300343693e+02   6.2580880823818597e+02   1.8149873758426993e+03   0.0000000000000000e+00   4.2328543037601264e+02   2.9124658190146147e+02   4.3405983739567125e+02   2.9843834701524224e+02   -2.3150920443389086e-01  5.1467121867074068e+00   1.1901142132810076e+01   2.6437023753434813e-01   -3.1096991930241766e+00  5.9279520755170990e-02
4.1998427140963400e+02   2.9394432241349176e+02   0.0000000000000000e+00   2.2343984733375102e+00   6.2495393881644759e+01   3.4552444328969955e+02   6.2988594250144979e+02   1.8109102415794355e+03   0.0000000000000000e+00   4.2107163122616186e+02   2.9469778335165967e+02   4.3170999588568560e+02   3.0206939309399212e+02   -2.3143097946104638e-01  -1.5881718753170478e+01  9.0528782454539840e+00   2.6067668213615486e-01   -3.0691664708281214e+00  6.1485051463753458e-02
4.1760719641748312e+02   2.9725201379945577e+02   0.0000000000000000e+00   2.2508053321169825e+00   6.2385990560778055e+01   3.7139161207470784e+02   6.3395918541380956e+02   1.8068369986670757e+03   0.0000000000000000e+00   4.1879745317187019e+02   2.9810739274354296e+02   4.2929813775530670e+02   3.0565371790243518e+02   -2.3136232332849710e-01  -1.5795496010337837e+01  7.9241255920711957e+00   2.5311530970785251e-01   -3.0224959740777497e+00  6.4547066153028701e-02
4.1517734425640663e+02   3.0051517892103482e+02   0.0000000000000000e+00   2.2666774728607804e+00   6.2282515607485145e+01   4.0133262465453129e+02   6.3802765295520373e+02   1.8027685311256814e+03   0.0000000000000000e+00   4.1646415832545222e+02   3.0147337987933042e+02   4.2682589755885436e+02   3.0918904658044119e+02   -2.3130880777917734e-01  -1.5709542067755217e+01  6.8506454465027060e+00   2.4815426004722510e-01   -2.9655498676006578e+00  6.5656571777165482e-02
4.1269388439654745e+02   3.0373573580253930e+02   0.0000000000000000e+00   2.2832988275358956e+00   6.2182990813564068e+01   3.8610807742912800e+02   6.4209453868049002e+02   1.7987016454003951e+03   0.0000000000000000e+00   4.1407051621768034e+02   3.0479729440727084e+02   4.2429097711953636e+02   3.1267857250075457e+02   -2.3127592279661061e-01  -1.5623861164592054e+01  6.8840460149774092e+00   2.5445145025168908e-01   -2.9247612920407686e+00  6.6816214371665433e-02
4.1014720121886012e+02   3.0692034775184209e+02   0.0000000000000000e+00   2.3018049095788498e+00   6.2085900862934281e+01   3.0773182054071771e+02   6.4617220326639676e+02   1.7946239808144885e+03   0.0000000000000000e+00   4.1160870796699811e+02   3.0808909129385330e+02   4.2167828379624308e+02   3.1614156983096348e+02   -2.3126473272697254e-01  -1.5538465255513325e+01  8.8036729454360128e+00   2.6383149113002757e-01   -2.9100580040565180e+00  6.8022058133267033e-02
4.0753019637387342e+02   3.1006864235034823e+02   0.0000000000000000e+00   2.3208257389540594e+00   6.1992145523615612e+01   2.5556553027250933e+02   6.5026615896201281e+02   1.7905300251188723e+03   0.0000000000000000e+00   4.0907457916386909e+02   3.1135240316671229e+02   4.1897957673892898e+02   3.1958588508286232e+02   -2.3126970476546030e-01  -1.4465861187726405e+01  1.0572900832550840e+01   2.7436815943603737e-01   -2.8965414868384620e+00  6.9271190511750194e-02
4.0484309661015538e+02   3.1317596951554276e+02   0.0000000000000000e+00   2.3406292490467857e+00   6.1901526130500997e+01   2.1836217065441883e+02   6.5437419830599788e+02   1.7864219857748874e+03   0.0000000000000000e+00   4.0646796460375941e+02   3.1458109429628428e+02   4.1620228242797793e+02   3.2299896654945485e+02   -2.3128476822868194e-01  -1.0907349529384577e+01  1.2227054501887386e+01   2.8101591513033775e-01   -2.8861205564748533e+00  7.0530269036684745e-02
4.0208630029096162e+02   3.1623719521902837e+02   0.0000000000000000e+00   2.3605076700590542e+00   6.1815172343890957e+01   1.9633409005478157e+02   6.5849378915378861e+02   1.7823023949270967e+03   0.0000000000000000e+00   4.0379174851213827e+02   3.1777304191382188e+02   4.1334679267374236e+02   3.2637786662323521e+02   -2.3130419448063658e-01  -7.2998564547534395e+00  1.3406560376519028e+01   2.8509587321297714e-01   -2.8638768275597397e+00  7.1644933763589477e-02
3.9926377743901588e+02   3.1924629669411991e+02   0.0000000000000000e+00   2.3803759950306729e+00   6.1733312397889684e+01   1.8397991427236769e+02   6.6261948023979517e+02   1.7781767038410901e+03   0.0000000000000000e+00   4.0105011698335443e+02   3.2092187467876613e+02   4.1042076566788631e+02   3.2971149851451332e+02   -2.3133123168839195e-01  -3.6585617116099631e+00  1.4140219809286750e+01   2.9126190530586726e-01   -2.8377325935633726e+00  7.2476742474566799e-02
3.9637732978561962e+02   3.2220046339824893e+02   0.0000000000000000e+00   2.4006645346205833e+00   6.1656049211839516e+01   1.7310879091696896e+02   6.6674969584816006e+02   1.7740464882327251e+03   0.0000000000000000e+00   3.9824442881988546e+02   3.2402476248691659e+02   4.0742321736424049e+02   3.3299314352575351e+02   -2.3137876836711008e-01  0.0000000000000000e+00   1.5000000000000000e+01   2.9213433002253730e-01   -2.8138261023113764e+00  7.2992876503982881e-02
3.9343093477619465e+02   3.2509510724134623e+02   0.0000000000000000e+00   2.4198924444030423e+00   6.1585423056779646e+01   1.7647845929035066e+02   6.7088009613505062e+02   1.7699160879458345e+03   0.0000000000000000e+00   3.9537801656458680e+02   3.2707699944474842e+02   4.0435850154657129e+02   3.3621803978248568e+02   -2.3145713557223954e-01  3.6587206768186844e+00   1.4835685268686399e+01   2.8845757909135267e-01   -2.7714512907381210e+00  7.2996032633502572e-02
3.9043208339226652e+02   3.2792727246498231e+02   0.0000000000000000e+00   2.4387171794139855e+00   6.1521388484148176e+01   1.8216116410094921e+02   6.7500493182594323e+02   1.7657912522549420e+03   0.0000000000000000e+00   3.9245708650797781e+02   3.3007145647844641e+02   4.0124297069771427e+02   3.3937443101592663e+02   -2.3155865097201619e-01  3.6241815115872962e+00   1.4620023791880985e+01   2.8377231917883183e-01   -2.7253120214890885e+00  7.2484508968405581e-02
3.8738278639092823e+02   3.3069711695684680e+02   0.0000000000000000e+00   2.4573027350915586e+00   6.1463943080294264e+01   1.8814890145077055e+02   6.7912442824073503e+02   1.7616717558401501e+03   0.0000000000000000e+00   3.8948170327471769e+02   3.3300779576159420e+02   3.9807371330777613e+02   3.4246666267857319e+02   -2.3166900687542483e-01  3.5679405902006387e+00   1.4601648109846849e+01   2.8025886199846922e-01   -2.6785449434188404e+00  7.1593019569758720e-02
3.8428447826537035e+02   3.3340488965410589e+02   0.0000000000000000e+00   2.4756459303425977e+00   6.1413207849503223e+01   1.9443761406381310e+02   6.8323922425280171e+02   1.7575569598280836e+03   0.0000000000000000e+00   3.8645243725185406e+02   3.3588552805868761e+02   3.9485108916749141e+02   3.4549549698270084e+02   -2.3177388532926671e-01  3.5114701938612876e+00   1.4585524596987034e+01   2.7680632134953576e-01   -2.6328989716249001e+00  7.0486437121925247e-02
3.8113892254972239e+02   3.3605067188715935e+02   0.0000000000000000e+00   2.4937494503743913e+00   6.1369097146422305e+01   2.0102300958374758e+02   6.8734953864284375e+02   1.7534466454380415e+03   0.0000000000000000e+00   3.8337066385773625e+02   3.3870397666015606e+02   3.9157686193262629e+02   3.4846027970570907e+02   -2.3185896838034267e-01  2.9449477313724787e-01   1.4044805033344307e+01   2.7316347037929528e-01   -2.5883192949042186e+00  6.9929982890548137e-02
3.7794794323759174e+02   3.3863451283293733e+02   0.0000000000000000e+00   2.5115741675352261e+00   6.1331822515087474e+01   2.0790055024857938e+02   6.9145545912472414e+02   1.7493407249561610e+03   0.0000000000000000e+00   3.8023784892533246e+02   3.4146248941108183e+02   3.8825261670113724e+02   3.5136052830001347e+02   -2.3190993807545393e-01  3.7908723749604953e+00   1.3651102606496080e+01   2.6834730127309381e-01   -2.5426480967739473e+00  6.9766376947873049e-02
3.7471365710515767e+02   3.4115631062253976e+02   0.0000000000000000e+00   2.5290619124158304e+00   6.1301694284693653e+01   2.1506545238187334e+02   6.9555668709669783e+02   1.7452394969841876e+03   0.0000000000000000e+00   3.7705577706161279e+02   3.4416015420067777e+02   3.8488034803722445e+02   3.5419541614872503e+02   -2.3191247646140151e-01  6.2475976852320478e+00   1.3353738956597343e+01   2.6402830311762843e-01   -2.4945141979496035e+00  6.9347050064527210e-02
3.7143764217283183e+02   3.4361625147688375e+02   0.0000000000000000e+00   2.5465016293731821e+00   6.1278355214055722e+01   2.1939171727807275e+02   6.9965346422557514e+02   1.7411427198553101e+03   0.0000000000000000e+00   3.7382569649394821e+02   3.4679653184881516e+02   3.8146109076480599e+02   3.5696493309364752e+02   -2.3185259377630954e-01  1.5760626534593619e-02   1.4928054579536377e+01   2.6239535583843976e-01   -2.4499498922873140e+00  6.7077578157066803e-02
3.6811972273235466e+02   3.4601484956561234e+02   0.0000000000000000e+00   2.5640732772491663e+00   6.1261680933447948e+01   2.1884632331882489e+02   7.0374758955398761e+02   1.7370485945268977e+03   0.0000000000000000e+00   3.7054707160933640e+02   3.4937253923675974e+02   3.7799251171153435e+02   3.5967162626350108e+02   -2.3173002578602800e-01  1.0222177718958165e-02   1.4879894735222935e+01   2.6104314333302714e-01   -2.4107314850687271e+00  6.5262216643516627e-02
3.6476008175718817e+02   3.4835200892023482e+02   0.0000000000000000e+00   2.5815013233939936e+00   6.1252121631110242e+01   2.1825790868856078e+02   7.0784020501734562e+02   1.7329559790635396e+03   0.0000000000000000e+00   3.6722013212524831e+02   3.5188830438128747e+02   3.7447097498928161e+02   3.6231131158544736e+02   -2.3156291877075788e-01  -8.9727534552404986e-01  1.4861577516730696e+01   2.5948431259927401e-01   -2.3714619961098009e+00  6.5401040814300079e-02
3.6136017345347972e+02   3.5062745567548728e+02   0.0000000000000000e+00   2.5988128311053149e+00   6.1249771922191734e+01   2.1762881881109658e+02   7.1193129709766049e+02   1.7288648869832248e+03   0.0000000000000000e+00   3.6384667313289560e+02   3.5434271330025928e+02   3.7090295034253091e+02   3.6488600350159214e+02   -2.3137070960331782e-01  -2.7108059364795696e+00  1.4879894735222930e+01   2.5736495494286132e-01   -2.3320955497923679e+00  6.5485954106502042e-02
3.5792119318177845e+02   3.5284100604129912e+02   0.0000000000000000e+00   2.6159853587882558e+00   6.1254858538098546e+01   2.1696163356057454e+02   7.1602108811079745e+02   1.7247750959700879e+03   0.0000000000000000e+00   3.6042775676661500e+02   3.5673521276510064e+02   3.6728968971634555e+02   3.6739593790798909e+02   -2.3117283515652673e-01  -1.9766729447092255e+00  1.4861577516730687e+01   2.5548792528204056e-01   -2.2919737710996295e+00  6.5579723095573875e-02
3.5444437591268252e+02   3.5499252662842446e+02   0.0000000000000000e+00   2.6330291838967672e+00   6.1267616112035100e+01   2.1625915713123669e+02   7.2010976750144528e+02   1.7206864165794400e+03   0.0000000000000000e+00   3.5696458243915600e+02   3.5906513352113319e+02   3.6363255464571819e+02   3.6984045264025093e+02   -2.3098873230320333e-01  2.0676685280054666e-01   1.4926559542948294e+01   2.5365338636180490e-01   -2.2520008347858487e+00  6.5637304546508624e-02
3.5093091480645609e+02   3.5708194792855539e+02   0.0000000000000000e+00   2.6499358434450984e+00   6.1288236500229452e+01   2.1552440721288392e+02   7.2419756523548335e+02   1.7165986188454019e+03   0.0000000000000000e+00   3.5345828382420575e+02   3.6133183891243152e+02   3.5993275936448299e+02   3.7221897689295895e+02   -2.3083783791616624e-01  -2.9464275665711720e-01  1.4943185857364535e+01   2.5162959151014619e-01   -2.2121523582358087e+00  6.5669162360791830e-02
3.4738197276704216e+02   3.5910926042000261e+02   0.0000000000000000e+00   2.6666975830972945e+00   6.1316909123281988e+01   2.1476060357114986e+02   7.2828473852971706e+02   1.7125114455511682e+03   0.0000000000000000e+00   3.4990997354259008e+02   3.6353468978319290e+02   3.5619151144293579e+02   3.7453092939635434e+02   -2.3073958886823445e-01  -2.9913183349910255e-01  1.4946869238481797e+01   2.4954275375668616e-01   -2.1722060946488702e+00  6.5767002766163693e-02
3.4379867603034353e+02   3.6107449958656548e+02   0.0000000000000000e+00   2.6833228170618311e+00   6.1353753011729275e+01   2.1397115613597049e+02   7.3237156865648126e+02   1.7084246154244040e+03   0.0000000000000000e+00   3.4632072674685111e+02   3.6567305240192377e+02   3.5240994401697066e+02   3.7677575824267387e+02   -2.3071342203222653e-01  -3.2689585029096219e-01  1.4998322158902656e+01   2.4783559747167397e-01   -2.1328250720561646e+00  6.5838379600254585e-02
3.4018207450959494e+02   3.6297776163987771e+02   0.0000000000000000e+00   2.6998203002262233e+00   6.1398876301024785e+01   2.1315965270470613e+02   7.3645840276168531e+02   1.7043377813192001e+03   0.0000000000000000e+00   3.4269155616512728e+02   3.6774630896413839e+02   3.4858912013185250e+02   3.7895293118079616e+02   -2.3077877428096133e-01  -3.1309661591687852e+00  1.4946869238481792e+01   2.4586529385383019e-01   -2.0944257688859866e+00  6.5968564383096173e-02
3.3653332066682884e+02   3.6481915286075929e+02   0.0000000000000000e+00   2.7161216910586137e+00   6.1452504172667808e+01   2.1296771083082047e+02   7.4054547093256770e+02   1.7002507131483176e+03   0.0000000000000000e+00   3.3902362265232136e+02   3.6975373647133159e+02   3.4473036007178564e+02   3.8106175176585356e+02   -2.3095407973922666e-01  -8.1096617745363879e+00  1.4530714722657200e+01   2.4336386968736165e-01   -2.0556554113254180e+00  6.6509220333863847e-02
3.3285392287681509e+02   3.6659880019875720e+02   0.0000000000000000e+00   2.7322099595262834e+00   6.1514731693878481e+01   2.1341352073145566e+02   7.4463265978859101e+02   1.6961635242922944e+03   0.0000000000000000e+00   3.3531854038294290e+02   3.7169436492759701e+02   3.4083574930331952e+02   3.8310112281453615e+02   -2.3123105358930979e-01  -3.8280693773558977e-01  1.4995009305679684e+01   2.4092070962983070e-01   -2.0166051676118091e+00  6.6450188938039612e-02
3.2914534453649736e+02   3.6831689982725140e+02   0.0000000000000000e+00   2.7481311249392482e+00   6.1585551991694970e+01   2.1375097219450637e+02   7.4871988618796081e+02   1.6920762978929245e+03   0.0000000000000000e+00   3.3157717093169737e+02   3.7356608243987779e+02   3.3690533615886932e+02   3.8506711406075192e+02   -2.3157248797841973e-01  0.0000000000000000e+00   1.5000000000000002e+01   2.3850684987275023e-01   -1.9783676763532598e+00  6.5938377383895685e-02
3.2540883316238961e+02   3.6997367802094578e+02   0.0000000000000000e+00   2.7638805453339961e+00   6.1665006804411789e+01   2.1397834823467051e+02   7.5280723633590969e+02   1.6879889477449756e+03   0.0000000000000000e+00   3.2780061809020049e+02   3.7536784099411773e+02   3.3294053454295585e+02   3.8695983101473638e+02   -2.3193973061879841e-01  1.7803309189824954e+00   1.4995009305679684e+01   2.3625486641513013e-01   -1.9411053100682203e+00  6.5894972592457079e-02
3.2164563939866582e+02   3.7156940068534919e+02   0.0000000000000000e+00   2.7794665418636471e+00   6.1753037240044527e+01   2.1409448472970405e+02   7.5689477326235090e+02   1.6839014108185343e+03   0.0000000000000000e+00   3.2399095786225979e+02   3.7710036669405895e+02   3.2894397494143237e+02   3.8878106998903183e+02   -2.3229412922268766e-01  4.4371446964057440e-02   1.4999124502641127e+01   2.3408052574798105e-01   -1.9052467628127676e+00  6.5866600700028671e-02
3.1785696335556025e+02   3.7310437015676314e+02   0.0000000000000000e+00   2.7948847666312577e+00   6.1849561821815293e+01   2.1409877765377598e+02   7.6098258409918947e+02   1.6798135999816959e+03   0.0000000000000000e+00   3.2014949056425172e+02   3.7876288198744879e+02   3.2491696719568336e+02   3.9053016781035990e+02   -2.3259703150232949e-01  -8.1347144530896406e-02  1.4991746219232098e+01   2.3178594582019416e-01   -1.8706591021255266e+00  6.5855442316163096e-02
3.1404396411885057e+02   3.7457892743103270e+02   0.0000000000000000e+00   2.8101290313959253e+00   6.1954503363982617e+01   2.1399118685301266e+02   7.6507077224728755e+02   1.6757254118335977e+03   0.0000000000000000e+00   3.1627752569532254e+02   3.8035460582267098e+02   3.2086085129231321e+02   3.9220644590231416e+02   -2.3280978516996570e-01  -6.6338565708555719e-01  1.4995346716154193e+01   2.2943573065858616e-01   -1.8370209711145666e+00  6.5860420905495001e-02
3.1020774565515063e+02   3.7599343565711291e+02   0.0000000000000000e+00   2.8252217293895225e+00   6.2067632615057057e+01   2.1377223631653928e+02   7.6915946465720060e+02   1.6716367194236846e+03   0.0000000000000000e+00   3.1237633867050738e+02   3.8187477053546559e+02   3.1677687843453543e+02   3.9380925884861648e+02   -2.3289373793783813e-01  -4.9813315903562200e-01  1.4987381670712519e+01   2.2775486133919601e-01   -1.8052350351998123e+00  6.5882297527308786e-02
3.0634935514419777e+02   3.7734827612996401e+02   0.0000000000000000e+00   2.8401724793491248e+00   6.2188674521246071e+01   2.1344301093945862e+02   7.7324881302116842e+02   1.6675473710597169e+03   0.0000000000000000e+00   3.0844719117614153e+02   3.8332261096966175e+02   3.1266627776983592e+02   3.9533796185724032e+02   -2.3281023751818888e-01  -5.7154795843273543e-01  1.4970663265761052e+01   2.2588845432934412e-01   -1.7759550537921840e+00  6.5940611101760013e-02
3.0246978268116158e+02   3.7864387857754650e+02   0.0000000000000000e+00   2.8549329171374276e+00   6.2317543682956732e+01   2.1300514981730754e+02   7.7733900472793846e+02   1.6634571793529467e+03   0.0000000000000000e+00   3.0449136950407922e+02   3.8469735013779427e+02   3.0853039174612525e+02   3.9679186222911596e+02   -2.3252063162325956e-01  -5.5216250870410233e-01  1.4942282800080232e+01   2.2282059495012865e-01   -1.7468284883624650e+00  6.6036232767072822e-02
2.9856996664165536e+02   3.7988067584606841e+02   0.0000000000000000e+00   2.8695462358828552e+00   6.2453813613863481e+01   2.1246083615403606e+02   7.8143024324767953e+02   1.6593659408332057e+03   0.0000000000000000e+00   3.0051010202693345e+02   3.8599822743426313e+02   3.0437039052964082e+02   3.9817032338170247e+02   -2.3198626796529220e-01  -3.6414465712570049e-01  1.4895751552303738e+01   2.2191663425382649e-01   -1.7192184180067871e+00  6.6179081340677209e-02
2.9465068846698159e+02   3.8105906201023595e+02   0.0000000000000000e+00   2.8841266315722476e+00   6.2596702049161500e+01   2.1181278390649260e+02   7.8552283843440102e+02   1.6552733456464844e+03   0.0000000000000000e+00   2.9650442399735942e+02   3.8722453257222236e+02   3.0018704387695988e+02   3.9947281938907770e+02   -2.3116849425652869e-01  -2.3538472307798504e+00  1.4942282800080235e+01   2.2204908554389036e-01   -1.6980618386955557e+00  6.6269065226571305e-02
2.9071295391162653e+02   3.8217947291068839e+02   0.0000000000000000e+00   2.8984368283380024e+00   6.2746296327528086e+01   2.1239734932672428e+02   7.8961686750297031e+02   1.6511793165779150e+03   0.0000000000000000e+00   2.9247588986801230e+02   3.8837539070436111e+02   2.9598208238800754e+02   4.0069806217974349e+02   -2.3002872639494637e-01  0.0000000000000000e+00   1.5000000000000000e+01   2.1706141921241989e-01   -1.6761125511876496e+00  6.6173802895517747e-02
2.8675919389180433e+02   3.8324268345750181e+02   0.0000000000000000e+00   2.9121321128862214e+00   6.2902542088676938e+01   2.1888983436519709e+02   7.9371108720410996e+02   1.6470850968767754e+03   0.0000000000000000e+00   2.8842824585107161e+02   3.8944938534485146e+02   2.9175990113093746e+02   4.0183880857324499e+02   -2.2854480285300147e-01  3.3033645193735461e+00   1.4623574182962397e+01   2.1272722947899936e-01   -1.6475715974858536e+00  6.5948567295205318e-02
2.8279114335464078e+02   3.8425015883798795e+02   0.0000000000000000e+00   2.9255264011715618e+00   6.3064385336645003e+01   2.2585652604747975e+02   7.9780503782762378e+02   1.6429911462532614e+03   0.0000000000000000e+00   2.8436413307838870e+02   3.9044554866007860e+02   2.8752619680952245e+02   4.0289967799157267e+02   -2.2673221974527963e-01  1.0363493286917222e+00   1.4157948700900283e+01   2.0808117442400678e-01   -1.6196199225687467e+00  6.5786907012444246e-02
2.7880908982943203e+02   3.8520312528350303e+02   0.0000000000000000e+00   2.9386393581416694e+00   6.3231397233118983e+01   2.3331881283556032e+02   8.0189953356262038e+02   1.6388966505182648e+03   0.0000000000000000e+00   2.8028339097237330e+02   3.9136362137557211e+02   2.8327900730576334e+02   4.0388106586345373e+02   -2.2461172990164743e-01  4.3239683333857428e+00   1.3803033729101994e+01   2.0516184112003971e-01   -1.5937630516692183e+00  6.5599341402202874e-02
2.7481358577639799e+02   3.8610274092709210e+02   0.0000000000000000e+00   2.9515110853530033e+00   6.3402933749561022e+01   2.4130117291651160e+02   8.0599506294769401e+02   1.6348011211331914e+03   0.0000000000000000e+00   2.7618709808396636e+02   3.9220298388183585e+02   2.7901946640315208e+02   4.0478251068268503e+02   -2.2220408615197182e-01  5.8618856393584027e+00   1.3491411353556998e+01   2.0174343583491214e-01   -1.5717682843209799e+00  6.5251828935632125e-02
2.7080523857579755e+02   3.8695007610458549e+02   0.0000000000000000e+00   2.9641216019283885e+00   6.3578175559753802e+01   2.4983164043355279e+02   8.1009199157577370e+02   1.6307041925051117e+03   0.0000000000000000e+00   2.7207632623740739e+02   3.9296299850585245e+02   2.7474845294244909e+02   4.0560358263631252e+02   -2.1953004132611967e-01  3.1068674749190195e+00   1.4539057073276258e+01   1.9812140088694966e-01   -1.5516019518572799e+00  6.3469153257086172e-02
2.6678476372517088e+02   3.8774610090192891e+02   0.0000000000000000e+00   2.9765154315310203e+00   6.3756279871958284e+01   2.5894236864233591e+02   8.1419051246781601e+02   1.6266056716130693e+03   0.0000000000000000e+00   2.6795230353040938e+02   3.9364298305903333e+02   2.7046697271156779e+02   4.0634379870476931e+02   -2.1661034825395747e-01  5.4701502035509559e+00   1.4149295264736505e+01   1.9576865099932578e-01   -1.5343080160355218e+00  6.1806100703268502e-02
2.6275296790980224e+02   3.8849167671390308e+02   0.0000000000000000e+00   2.9887365904050598e+00   6.3936365358572559e+01   2.6867031179665821e+02   8.1829066621959475e+02   1.6225055178612906e+03   0.0000000000000000e+00   2.6381638327885912e+02   3.9424223026741720e+02   2.6617609012702474e+02   4.0700264449107561e+02   -2.1346575976535226e-01  3.0054911050124526e+00   1.4500193760500974e+01   1.9368133341985416e-01   -1.5215000717481482e+00  6.0792787341076029e-02
2.5871075773013621e+02   3.8918759446334496e+02   0.0000000000000000e+00   3.0007558973687423e+00   6.4117659372259681e+01   2.7905805354421892e+02   8.2239234449203207e+02   1.6184038395888533e+03   0.0000000000000000e+00   2.5967011984875023e+02   3.9476001063602843e+02   2.6187716602575506e+02   4.0757954933990089e+02   -2.1011702869017074e-01  5.2136266867357071e+00   1.4064726733124077e+01   1.9056260472507214e-01   -1.5108949033195369e+00  5.9824096182092064e-02
2.5465913295131338e+02   3.8983456744263009e+02   0.0000000000000000e+00   3.0126002670543435e+00   6.4299294078369513e+01   2.9015481750314098e+02   8.2649529920592988e+02   1.6143008848749555e+03   0.0000000000000000e+00   2.5551519893995129e+02   3.9519562313263009e+02   2.5757163847099281e+02   4.0807393741605676e+02   -2.0658490785827965e-01  5.0737567137529966e+00   1.4022939809852229e+01   1.8886825151422634e-01   -1.5022161828686569e+00  5.9187955083738732e-02
2.5059918743518210e+02   3.9043319115153702e+02   0.0000000000000000e+00   3.0243623110381037e+00   6.4480275278597034e+01   3.0201770619599961e+02   8.3059913983865670e+02   1.6101970442422285e+03   0.0000000000000000e+00   2.5135352266098570e+02   3.9554919286027888e+02   2.5326089519923210e+02   4.0848524679370115e+02   -2.0289015009954589e-01  4.9254838521633273e+00   1.3981042551092758e+01   1.8873596238893539e-01   -1.4993333840624425e+00  5.8179272884899859e-02
2.4653208989196381e+02   3.9098404268737016e+02   0.0000000000000000e+00   3.0359407314013045e+00   6.4660370929254128e+01   3.1471322863683315e+02   8.3470337178149111e+02   1.6060928122993942e+03   0.0000000000000000e+00   2.4718735350698600e+02   3.9582204506270398e+02   2.4894684486202101e+02   4.0881288288718889e+02   -1.9905350824383605e-01  4.7682035359336483e+00   1.3938663088236105e+01   1.8458424403169771e-01   -1.4973650449550109e+00  5.7156133333343712e-02
2.4245918026548892e+02   3.9148776856142445e+02   0.0000000000000000e+00   3.0472115954699808e+00   6.4839708435567616e+01   3.2831919603076369e+02   8.3880731288506752e+02   1.6019888711958179e+03   0.0000000000000000e+00   2.4301902822974901e+02   3.9601445714433316e+02   2.4463138847246779e+02   4.0905130494621358e+02   -1.9509573512101699e-01  4.6012070281629098e+00   1.3895392031110562e+01   1.8023628755813700e-01   -1.4891641209734625e+00  5.6118103657770951e-02
2.3838156264675987e+02   3.9194489579187041e+02   0.0000000000000000e+00   3.0584702815448415e+00   6.5017579059362873e+01   3.4029100540512371e+02   8.4291047395299847e+02   1.5978857101278868e+03   0.0000000000000000e+00   2.3885049913756376e+02   3.9612785311668665e+02   2.4031666670544587e+02   4.0920620485034476e+02   -1.9103758495008705e-01  4.4236614879392775e+00   1.3972501847871309e+01   1.8274743018712297e-01   -1.4857900809126852e+00  5.5064609603308598e-02
2.3429751635108269e+02   3.9235544550709017e+02   0.0000000000000000e+00   3.0700860857876826e+00   6.5193676048457093e+01   3.3560048910973387e+02   8.4701510368220693e+02   1.5937810803986783e+03   0.0000000000000000e+00   2.3468054673405072e+02   3.9616573634082039e+02   2.3599902844312413e+02   4.0928166393798614e+02   -1.8690066348690165e-01  0.0000000000000000e+00   1.5000000000000000e+01   1.8278672240770694e-01   -1.4927872081914351e+00  5.3897096443019842e-02
2.3020519798320967e+02   3.9271908897375602e+02   0.0000000000000000e+00   3.0817099315256344e+00   6.5368389981155417e+01   3.3099272161954372e+02   8.5112354696341208e+02   1.5896726371174732e+03   0.0000000000000000e+00   2.3050825988088530e+02   3.9612964322303696e+02   2.3167685375062905e+02   4.0928059627489165e+02   -1.8270887463033883e-01  -5.4501422037293974e+00  1.4664517513516442e+01   1.8430695007164727e-01   -1.5015438701272292e+00  5.3749934730228086e-02
2.2610511456198731e+02   3.9303575493571498e+02   0.0000000000000000e+00   3.0933463926209201e+00   6.5541586627040161e+01   3.2647197947722935e+02   8.5523584089654059e+02   1.5855603431843447e+03   0.0000000000000000e+00   2.2633568300110454e+02   3.9602107684664446e+02   2.2735400147285819e+02   4.0920591887302766e+02   -1.7848650610563035e-01  -2.7275716182914906e+00  1.4799410399439893e+01   1.8390083142450295e-01   -1.5116523112436639e+00  5.4341904515529504e-02
2.2199752551431735e+02   3.9330538469810864e+02   0.0000000000000000e+00   3.1049062689885529e+00   6.5713404468970353e+01   3.2204237479084003e+02   8.5935226993070444e+02   1.5814439141501807e+03   0.0000000000000000e+00   2.2216400346992754e+02   3.9584154028075710e+02   2.2303172930663192e+02   4.0906063416559050e+02   -1.7425784563800806e-01  0.0000000000000000e+00   1.5000000000000002e+01   1.8259030712977697e-01   -1.5182947984259036e+00  5.4496205151458289e-02
2.1788271256279180e+02   3.9352792122220370e+02   0.0000000000000000e+00   3.1164554495046497e+00   6.5883858775349026e+01   3.1770786110616439e+02   8.6347309607731620e+02   1.5773230880035690e+03   0.0000000000000000e+00   2.1799437006865782e+02   3.9559252501315825e+02   2.1871123761006481e+02   4.0884776864520910e+02   -1.7004718095270391e-01  -5.5781241338151952e+00  1.4693971088063808e+01   1.8369740102714419e-01   -1.5244181872912030e+00  5.5012988349832495e-02
2.1376090037082440e+02   3.9370325467672853e+02   0.0000000000000000e+00   3.1280773749909145e+00   6.6052760698885862e+01   3.1347223950439167e+02   8.6759863574699898e+02   1.5731975483338863e+03   0.0000000000000000e+00   2.1382778040762184e+02   3.9527549855806916e+02   2.1439331580084749e+02   4.0857034114874193e+02   -1.6587879977494946e-01  -2.7919347194558366e+00  1.4812927444199110e+01   1.8541151537441566e-01   -1.5350020828277349e+00  5.5603642086699781e-02
2.0963229354982167e+02   3.9383131882950920e+02   0.0000000000000000e+00   3.1396339208467920e+00   6.6220388923980877e+01   3.0933916491535319e+02   8.7172922828435458e+02   1.5690669557965307e+03   0.0000000000000000e+00   2.0966519157957390e+02   3.9489190469279237e+02   2.1007896535042619e+02   4.0823138475493482e+02   -1.6177698982997685e-01  0.0000000000000000e+00   1.4999999999999998e+01   1.8279683262594723e-01   -1.5436909103245628e+00  5.5778049997213842e-02
2.0549699478570992e+02   3.9391209659408656e+02   0.0000000000000000e+00   -3.1321183706484033e+00  6.6386978093191075e+01   3.0531215263758673e+02   8.7586531591830465e+02   1.5649308681625807e+03   0.0000000000000000e+00   2.0550736810521300e+02   3.9444314341798975e+02   2.0576893969199790e+02   4.0783391580712356e+02   -1.5776603884301782e-01  -5.7053858879085899e+00  1.4733561104929159e+01   1.8137374217432550e-01   -1.5456175919167592e+00  5.6276889320559652e-02
2.0135528684960380e+02   3.9394548230426187e+02   0.0000000000000000e+00   -3.1205571323427983e+00  6.6551934112037202e+01   3.0139458505637555e+02   8.8000715841092165e+02   1.5607890256699636e+03   0.0000000000000000e+00   2.0135516684658970e+02   3.9393059517341317e+02   2.0146358781884629e+02   4.0738090067470461e+02   -1.5387023453930418e-01  -2.8560420196428495e+00  1.4831473825804910e+01   1.8706381791672291e-01   -1.5546728738949853e+00  5.6855454142027910e-02
1.9720658565411318e+02   3.9393116420129218e+02   0.0000000000000000e+00   -3.1088351437989492e+00  6.6715376334843597e+01   2.9758971855187804e+02   8.8415588431383901e+02   1.5566402997670461e+03   0.0000000000000000e+00   1.9720857236028314e+02   3.9335551180656921e+02   1.9716191314257185e+02   4.0687512070372463e+02   -1.5011386464406767e-01  0.0000000000000000e+00   1.5000000000000000e+01   1.8539365744605613e-01   -1.5703669604559478e+00  5.7054436122700308e-02
1.9305439129889407e+02   3.9386989362500429e+02   0.0000000000000000e+00   -3.0978128601726596e+00  6.6878284785002833e+01   3.0975930067219036e+02   8.8830853070463991e+02   1.5524876533762454e+03   0.0000000000000000e+00   1.9307134656963350e+02   3.9272086608648829e+02   1.9287069959035480e+02   4.0631834313384616e+02   -1.4652070785322266e-01  2.8562766375801183e+00   1.4461664120856693e+01   1.7871629071513925e-01   -1.5706700895066115e+00  5.7059112140527064e-02
1.8890788527599304e+02   3.9376401903715794e+02   0.0000000000000000e+00   -3.0875536402173860e+00  6.7040501249282087e+01   3.4150955542509320e+02   8.9245638817884344e+02   1.5483397959020417e+03   0.0000000000000000e+00   1.8895206800019534e+02   3.9203363277790919e+02   1.8860269675236691e+02   4.0571651941593069e+02   -1.4310331976696120e-01  4.7995502558225986e+00   1.3129596854999681e+01   1.7412213901349038e-01   -1.5583474292112238e+00  5.6890928999988231e-02
1.8477160612428631e+02   3.9361536890214808e+02   0.0000000000000000e+00   -3.0775254750902632e+00  6.7201603542937406e+01   3.8046142127194145e+02   8.9659533757252802e+02   1.5442008465083572e+03   0.0000000000000000e+00   1.8485474049324139e+02   3.9130210523053222e+02   1.8435978458877307e+02   4.0507455009599073e+02   -1.3986329567609063e-01  4.7658493130598973e+00   1.1773833735171319e+01   1.6998513009974237e-01   -1.5443557335850455e+00  5.6683607681874200e-02
1.8064624810710453e+02   3.9342514391469263e+02   0.0000000000000000e+00   -3.0677156029610524e+00  6.7361526614220054e+01   4.2931235423800990e+02   9.0072507900702226e+02   1.5400711050738630e+03   0.0000000000000000e+00   1.8077955932760634e+02   3.9053405941715147e+02   1.8014039573138251e+02   4.0439542800622883e+02   -1.3680177440861654e-01  4.7324042385983613e+00   1.0396447188330987e+01   1.6885591550103357e-01   -1.5329969470844460e+00  5.6480716670614106e-02
1.7653354807341731e+02   3.9319465607960791e+02   0.0000000000000000e+00   -3.0580915527447323e+00  6.7520093326341481e+01   4.9233882796994084e+02   9.0484423258624372e+02   1.5359519514946414e+03   0.0000000000000000e+00   1.7672730862217423e+02   3.8973729784156029e+02   1.7594577826061655e+02   4.0368250212153674e+02   -1.3391989479254487e-01  4.6992121863312439e+00   8.9986969820835352e+00   1.6570313230974471e-01   -1.5255367921485274e+00  5.6280027718410064e-02
1.7243509522056053e+02   3.9292519290919739e+02   0.0000000000000000e+00   -3.0487272036709920e+00  6.7676946528329296e+01   5.7674361177108779e+02   9.0895153415628909e+02   1.5318446499245961e+03   0.0000000000000000e+00   1.7269846243572883e+02   3.8891945768122162e+02   1.7177671242392304e+02   4.0293899496993868e+02   -1.3121879565588146e-01  4.6662716025516318e+00   7.5811049400083217e+00   1.6204135537920408e-01   -1.5165041970504018e+00  5.6079597650931755e-02
1.6835268682509559e+02   3.9261802192081529e+02   0.0000000000000000e+00   -3.0395322095676280e+00  6.7831509031120959e+01   6.9566630487112695e+02   9.1304548241236978e+02   1.5277507016685154e+03   0.0000000000000000e+00   1.6869353414413439e+02   3.8808804347413735e+02   1.6763411434576255e+02   4.0216809804561564e+02   -1.2869961582663211e-01  4.6335820351406900e+00   6.1435332723444898e+00   1.6157859783338008e-01   -1.5097171758531671e+00  5.5877759852101382e-02
1.6428789628453163e+02   3.9227431090933965e+02   0.0000000000000000e+00   -3.0304449953807029e+00  6.7983605143155472e+01   8.7587322841626030e+02   9.1712477884656869e+02   1.5236714052343166e+03   0.0000000000000000e+00   1.6471275171930787e+02   3.8724989128143386e+02   1.6351853865991126e+02   4.0137287770078859e+02   -1.2636349413280271e-01  4.6011439513745795e+00   4.6852646318099564e+00   1.5988996504091454e-01   -1.5079710430158897e+00  5.5673115893648983e-02
1.6024412999763140e+02   3.9189582144845775e+02   0.0000000000000000e+00   -3.0218034657593269e+00  6.8133542787428780e+01   1.2795640984083518e+03   9.2118621948445434e+02   1.5196099645964309e+03   0.0000000000000000e+00   1.6075767252729810e+02   3.8640915356735758e+02   1.5943346539474996e+02   4.0055692969563904e+02   -1.2421214264045258e-01  4.5689585642376933e+00   2.8665713704592024e+00   1.5429873594611021e-01   -1.5020049301132481e+00  5.5465504484451859e-02
1.5622484654491834e+02   3.9148456778426237e+02   0.0000000000000000e+00   -3.0136145336697826e+00  6.8281470598961249e+01   2.4862631893712610e+03   9.2522648792226482e+02   1.5155696961586204e+03   0.0000000000000000e+00   1.5683022318713162e+02   3.8556807260733223e+02   1.5538180888220953e+02   3.9972378270862987e+02   -1.2225184353638047e-01  4.5370271037725116e+00   9.1909187512572266e-01   1.4764862490583935e-01   -1.4858526658963007e+00  5.5261737137935397e-02
1.5223196191347105e+02   3.9104230575674842e+02   0.0000000000000000e+00   -3.0056805969397766e+00  6.8426948754190548e+01   4.4323427473000833e+04   9.2924379092067420e+02   1.5115523931602111e+03   0.0000000000000000e+00   1.5293131609990877e+02   3.8472830995959100e+02   1.5136420559968803e+02   3.9887669042825689e+02   -1.2049106555312844e-01  4.5053468136353549e+00   -1.0596857224111440e+00  1.4884827327058051e-01   -1.4711217052136054e+00  5.5064661106992499e-02
1.4826033153971900e+02   3.9056884365387543e+02   0.0000000000000000e+00   -2.9972786834212140e+00  6.8569621849292602e+01   6.8003154946623135e+03   9.3324354268654247e+02   1.5075526413943428e+03   0.0000000000000000e+00   1.4905648591546949e+02   3.8389031356300029e+02   1.4737241531893068e+02   3.9801711672669637e+02   -1.1893777177677144e-01  4.4739133017678574e+00   -3.8005667139370725e-01  1.4965960818266213e-01   -1.4702864853158448e+00  5.4873806246121974e-02
1.4430118219984593e+02   3.9006271297055719e+02   0.0000000000000000e+00   -2.9887234973695493e+00  6.8709972708806120e+01   4.0705887093474771e+03   9.3723491234669848e+02   1.5035612717341869e+03   0.0000000000000000e+00   1.4519721626024457e+02   3.8305358909078569e+02   1.4339569223804875e+02   3.9714580455672115e+02   -1.1759536829518151e-01  4.4427224653299042e+00   1.6748224511066834e-01   1.4991937222481760e-01   -1.4747650598226683e+00  5.4689335012626426e-02
1.4035326204679291e+02   3.8952398254824396e+02   0.0000000000000000e+00   -2.9803007106912687e+00  6.8848218486689674e+01   2.9053202816664711e+03   9.4121942034679182e+02   1.4995767637340934e+03   0.0000000000000000e+00   1.4135013480205447e+02   3.8221870726115719e+02   1.3943331203999952e+02   3.9626555313938695e+02   -1.1646489895632597e-01  4.4117701283942816e+00   7.1944373815196916e-01   1.4936110566202562e-01   -1.4799561952413396e+00  5.4511349353032791e-02
1.3641421704442342e+02   3.8895244235356506e+02   0.0000000000000000e+00   -2.9716666962493594e+00  6.8984255483643437e+01   2.8893705246299432e+03   9.4519971351750496e+02   1.4955964705633803e+03   0.0000000000000000e+00   1.3751204251707492e+02   3.8138624844142691e+02   1.3548181909456534e+02   3.9537851267863010e+02   -1.1554706464212923e-01  4.3810520799373602e+00   7.5078253646359738e-01   1.5001608360654653e-01   -1.4865616109906175e+00  5.4339729774196904e-02
1.3247608695912652e+02   3.8834594353623385e+02   0.0000000000000000e+00   -2.9625757781996387e+00  6.9118037176982540e+01   4.6660507423091640e+03   9.4918427238695904e+02   1.4916119116939262e+03   0.0000000000000000e+00   1.3367580301318168e+02   3.8055592358684942e+02   1.3153060557140603e+02   3.9448516193480310e+02   -1.1483132273691452e-01  4.3505642012616734e+00   4.8698133668832133e-02   1.5430800082803456e-01   -1.4995967239153745e+00  5.4172211393895046e-02
1.2853535123981803e+02   3.8770277982204874e+02   0.0000000000000000e+00   -2.9532563778823104e+00  6.9249586574871245e+01   1.2103136282085223e+04   9.5317714823935898e+02   1.4876190358415263e+03   0.0000000000000000e+00   1.2983690495562007e+02   3.7972801522426926e+02   1.2757495004190206e+02   3.9358726494150130e+02   -1.1429324148974972e-01  4.3203036661497904e+00   -6.6380909472334781e-01  1.5995423831343555e-01   -1.5233791909045367e+00  5.4005932868137173e-02
1.2459279587094323e+02   3.8702264212733763e+02   0.0000000000000000e+00   -2.9438434464131067e+00  6.9379260949034389e+01   2.0401813945453887e+04   9.5717793942616322e+02   1.4836182446547220e+03   0.0000000000000000e+00   1.2599346429740089e+02   3.7890338500089712e+02   1.2361548616620433e+02   3.9268781500840896e+02   -1.1390752963948812e-01  4.2902692465219543e+00   -8.4343055450660809e-01  1.5801068691788014e-01   -1.5476815190835647e+00  5.3840606553177704e-02
1.2064849886398858e+02   3.8630526258326887e+02   0.0000000000000000e+00   -2.9348701097141259e+00  6.9508137854755816e+01   5.5358292782742683e+03   9.6118694332854591e+02   1.4796092407523392e+03   0.0000000000000000e+00   1.2214394783165488e+02   3.7808298340624486e+02   1.1965105285705845e+02   3.9178942132777343e+02   -1.1364889592498306e-01  4.2604598515781840e+00   -1.0542603183167465e-01  1.4580560359411579e-01   -1.5450937963901969e+00  5.3676161159556812e-02
1.1670271584297552e+02   3.8555113615938637e+02   0.0000000000000000e+00   -2.9268987402080548e+00  6.9637497387358550e+01   3.2021040217551213e+03   9.6520414512981415e+02   1.4755920389510711e+03   0.0000000000000000e+00   1.1828588653113491e+02   3.7726758074629799e+02   1.1568140070897978e+02   3.9089491909445024e+02   -1.1349204908508774e-01  4.2308744060349381e+00   6.4064071191767247e-01   1.2365184831415751e-01   -1.4908418658366906e+00  5.3512571545100779e-02
1.1275570097885223e+02   3.8476173481630497e+02   0.0000000000000000e+00   -2.9203361731979203e+00  6.9768207459057408e+01   2.2521905165762173e+03   9.6922932597271665e+02   1.4715668581081686e+03   0.0000000000000000e+00   1.1441646363364198e+02   3.7645790439887946e+02   1.1170660422344321e+02   3.9000722942281186e+02   -1.1341169785865546e-01  4.2015118250518508e+00   1.3951352621997828e+00   9.6978056345222649e-02   -1.3749317986063507e+00  5.3349857848557253e-02
1.0880719636922552e+02   3.8393947780428903e+02   0.0000000000000000e+00   -2.9151592029124243e+00  6.9900225260915477e+01   1.7366320496654232e+03   9.7326253750275725e+02   1.4675336465781279e+03   0.0000000000000000e+00   1.1053247338523539e+02   3.7565464210079506e+02   1.0772645838690774e+02   3.8912921634421127e+02   -1.1338255098453952e-01  4.1723709902875941e+00   2.1584066267770616e+00   7.3401084089481677e-02   -1.2114661280326862e+00  5.3188084692370394e-02
1.0485858611015097e+02   3.8308789211317617e+02   0.0000000000000000e+00   -2.9111949789832110e+00  7.0032803006279707e+01   1.5493147308078323e+03   9.7730193364170884e+02   1.4634942504391765e+03   0.0000000000000000e+00   1.0663332182660820e+02   3.7485884396184895e+02   1.0374225478387747e+02   3.8826406800886258e+02   -1.1337941164065513e-01  4.1434507270320609e+00   2.5749859039231691e+00   5.8363110633733006e-02   -1.0325565650980848e+00  5.3027371728875818e-02
1.0091622378532459e+02   3.8221262949695199e+02   0.0000000000000000e+00   -2.9081563490695039e+00  7.0164904878021289e+01   1.7865512958102577e+03   9.8134028792873835e+02   1.4594558961521470e+03   0.0000000000000000e+00   1.0272373305268326e+02   3.7407123706761490e+02   9.9760966282854014e+01   3.8741614621158163e+02   -1.1338526541912299e-01  4.1147497762656888e+00   2.1040432152045421e+00   5.3112033399202487e-02   -8.7345307031022446e-01  5.2868801502960409e-02
9.6983362792414937e+01   3.8131895825372044e+02   0.0000000000000000e+00   -2.9051659585046758e+00  7.0295617411351444e+01   2.1099845618877625e+03   9.8537340631040399e+02   1.4554227777704814e+03   0.0000000000000000e+00   9.8807562062265902e+01   3.7329103724134853e+02   9.5786055920400358e+01   3.8658805640267894e+02   -1.1339748856016331e-01  4.0862662778237144e+00   1.6267575037625717e+00   5.4676589228532635e-02   -7.5676360446362156e-01  5.2713984248730070e-02
9.3058831684830750e+01   3.8040898319170816e+02   0.0000000000000000e+00   -2.9020583550052002e+00  7.0424675075601769e+01   2.5768625765141019e+03   9.8940205360544985e+02   1.4513941304754353e+03   0.0000000000000000e+00   9.4888705653549266e+01   3.7251712152100077e+02   9.1813996890831092e+01   3.8577769391445196e+02   -1.1341491886355427e-01  4.0579975016361773e+00   1.1433291975336077e+00   5.8336504414849083e-02   -6.8364221057224639e-01  5.2562902348792483e-02
8.9142228347041140e+01   3.7948433173290442e+02   0.0000000000000000e+00   -2.8987805919047585e+00  7.0551970998736607e+01   3.3095710268106000e+03   9.9342632521977373e+02   1.4473698588611114e+03   0.0000000000000000e+00   9.0968690250688539e+01   3.7174787415198443e+02   8.7844251571464952e+01   3.8498225219059992e+02   -1.1343639412907405e-01  4.0299407387441875e+00   6.5394647543927675e-01   6.1389400345051005e-02   -6.4354020135269741e-01  5.2415385524851116e-02
8.5233071425720723e+01   3.7854588287215586e+02   0.0000000000000000e+00   -2.8953931629741629e+00  7.0677501373260753e+01   4.6250952510290272e+03   9.9744654836031555e+02   1.4433496357205697e+03   0.0000000000000000e+00   8.7048971075621751e+01   3.7098165962916363e+02   8.3876014062043069e+01   3.8419877500909956e+02   -1.1346075215650075e-01  4.0020933832424115e+00   1.5878745265699501e-01   6.3065552717641513e-02   -6.2360039458570593e-01  5.2271285542878264e-02
8.1330981129514626e+01   3.7759413709159355e+02   0.0000000000000000e+00   -2.8919611413533319e+00  7.0801295949962977e+01   7.6769647429675069e+03   1.0014630304915547e+03   1.4393331535893305e+03   0.0000000000000000e+00   8.3130382048957316e+01   3.7021672075821800e+02   7.9908932089522963e+01   3.8342443744386009e+02   -1.1348683074561254e-01  3.9744529193909477e+00   -3.4197752258870784e-01  6.3625472257289900e-02   -6.1402895074400909e-01  5.2130475784947256e-02
7.7435570376973274e+01   3.7662936216309191e+02   0.0000000000000000e+00   -2.8885267449568537e+00  7.0923395875596739e+01   2.2565944295898029e+04   1.0054761359715640e+03   1.4353200481093213e+03   0.0000000000000000e+00   7.9213375854667177e+01   3.6945122934770961e+02   7.5942836496635564e+01   3.8265647940709101e+02   -1.1351346769618757e-01  3.9470169092449070e+00   -8.4818346989426441e-01  6.3593918517940870e-02   -6.0912810910347281e-01  5.1992850836542065e-02
7.3546506280899152e+01   3.7565172392369141e+02   0.0000000000000000e+00   -2.8851144138910674e+00  7.1043841891599115e+01   2.4033705041915789e+04   1.0094861978252653e+03   1.4313099862556201e+03   0.0000000000000000e+00   7.5298231351872445e+01   3.6868332722524332e+02   7.1977766358948884e+01   3.8189220210944239e+02   -1.1353950080800394e-01  3.9197829807791633e+00   -8.6319362992849069e-01  6.3389053410071367e-02   -6.0631168524599111e-01  5.1858326088808464e-02
6.9663243133917817e+01   3.7466128428682117e+02   0.0000000000000000e+00   -2.8817019640320147e+00  7.1162667215671448e+01   7.8435632239780789e+03   1.0134937785596969e+03   1.4273024055211883e+03   0.0000000000000000e+00   7.1384902111294991e+01   3.6791109516914327e+02   6.8013655177359610e+01   3.8112890117223662e+02   -1.1356376788083991e-01  3.8927488165012489e+00   -3.4706481332061745e-01  6.3244601200453499e-02   -6.0476538630652665e-01  5.1726837355231411e-02
6.5785927751473707e+01   3.7365819755001979e+02   0.0000000000000000e+00   -2.8783700872777649e+00  7.1279912937845992e+01   4.6876994371224109e+03   1.0174987451733510e+03   1.4232974389075343e+03   0.0000000000000000e+00   6.7474099506256181e+01   3.6713276552816086e+02   6.4051090874588198e+01   3.8036400818632507e+02   -1.1358510671447355e-01  3.8659121425388867e+00   1.7407397166259275e-01   6.3249001008206601e-02   -6.0433925421914225e-01  5.1598340501961569e-02
6.1910012658380580e+01   3.7264142676271479e+02   0.0000000000000000e+00   -2.8745743367799408e+00  7.1395572906659964e+01   9.5358846407882957e+03   1.0215058065208705e+03   1.4192903775600148e+03   0.0000000000000000e+00   6.3561605634863426e+01   3.6634557894222053e+02   6.0086119713137059e+01   3.7959407949715535e+02   -1.1360245349842089e-01  3.8392707181913179e+00   -4.7666878027762272e-01  6.3612521157679167e-02   -6.0561711033749310e-01  5.1472625810791005e-02
5.8029530853410684e+01   3.7160760596116114e+02   0.0000000000000000e+00   -2.8705819943252227e+00  7.1509854701442848e+01   1.2696296088294246e+04   1.0255216407416056e+03   1.4152745433392797e+03   0.0000000000000000e+00   5.9644189855609689e+01   3.6554692806626105e+02   5.6109475120163154e+01   3.7881460095120008e+02   -1.1361568978006924e-01  3.8128224212316164e+00   -6.3255439146189296e-01  6.4299584800217982e-02   -6.0772759880761174e-01  5.1347879211826090e-02
5.4144182128589591e+01   3.7055586889617234e+02   0.0000000000000000e+00   -2.8665790621924812e+00  7.1622805459555693e+01   3.8117481316882331e+03   1.0295468221744529e+03   1.4112493619064323e+03   0.0000000000000000e+00   5.5720004432998685e+01   3.6473443368694001e+02   5.2122848232201974e+01   3.7802312220330089e+02   -1.1362522435690536e-01  3.7865660671504342e+00   4.9321619286292107e-01   6.5308252103760400e-02   -6.1087148143919945e-01  5.1223055214696112e-02
5.0255227242852357e+01   3.6948646270193814e+02   0.0000000000000000e+00   -2.8624973513726393e+00  7.1734381127295507e+01   2.2424360025715705e+03   1.0335801334334021e+03   1.4072160506474831e+03   0.0000000000000000e+00   5.1789720093455422e+01   3.6390619441786021e+02   4.8129322257658551e+01   3.7721743398614967e+02   -1.1363147174913722e-01  3.7605009956561966e+00   1.6301350411795956e+00   6.6622900616515143e-02   -6.1577716400196381e-01  5.1098159949483510e-02
4.6363617131227031e+01   3.6839933800932477e+02   0.0000000000000000e+00   -2.8583365217230283e+00  7.1844558040721523e+01   1.5882931726981215e+03   1.0376207360318017e+03   1.4031754480490836e+03   0.0000000000000000e+00   4.7855024822196640e+01   3.6306050494797580e+02   4.4130045383801317e+01   3.7639491612136925e+02   -1.1363484647697276e-01  3.7346265252274722e+00   2.7784138568608885e+00   6.8172010558609233e-02   -6.2267429353007764e-01  5.0973292758052589e-02
4.2470421995972892e+01   3.6729449310655178e+02   0.0000000000000000e+00   -2.8540817720908152e+00  7.1953308898526117e+01   1.2294400155655167e+03   1.0416676670443530e+03   1.3991285170365322e+03   0.0000000000000000e+00   4.3917425766941321e+01   3.6219561630702128e+02   4.0126740440180782e+01   3.7555303655341373e+02   -1.1363576306061998e-01  3.7089419068097702e+00   3.9382039826651516e+00   6.9913975225418534e-02   -6.3159032308369800e-01  5.0848634248371792e-02
3.8576697446799493e+01   3.6617187457824946e+02   0.0000000000000000e+00   -2.8497247069421081e+00  7.2060609470453386e+01   1.0027214035536397e+03   1.0457199951683976e+03   1.3950761889124876e+03   0.0000000000000000e+00   3.9978506922797209e+01   3.6130979557959762e+02   3.6121098122272677e+01   3.7468895062126012e+02   -1.1363463602028680e-01  3.6834462848886367e+00   5.1095670534739792e+00   7.1828300153584587e-02   -6.4243349623819945e-01  5.0724445239551733e-02
3.4683494558932473e+01   3.6503139834828295e+02   0.0000000000000000e+00   -2.8452562573258584e+00  7.2166437053597221e+01   8.4649873425462749e+02   1.0497768060781166e+03   1.3910193780027687e+03   0.0000000000000000e+00   3.6039833925038614e+01   3.6040131119845501e+02   3.2114823234135677e+01   3.7379997971536125e+02   -1.1363187987618124e-01  3.6581386602805215e+00   6.2924447359325306e+00   7.3910053365065509e-02   -6.5509845501288555e-01  5.0601065785940924e-02
3.0791836788673784e+01   3.6387294016894106e+02   0.0000000000000000e+00   -2.8406682823784482e+00  7.2270770829161208e+01   7.3232519010338603e+02   1.0538372279224695e+03   1.3869589561584157e+03   0.0000000000000000e+00   3.2102956902347692e+01   3.5946843867798509e+02   2.8109524717431640e+01   3.7288374504774839e+02   -1.1362790914851123e-01  3.6330178545862135e+00   7.4866275686056314e+00   7.6162389247196483e-02   -6.6950268592338003e-01  5.0478914261220767e-02
2.6902693825570140e+01   3.6269633058222445e+02   0.0000000000000000e+00   -2.8359503093480893e+00  7.2373591453584126e+01   6.4525663152022844e+02   1.0579004585468633e+03   1.3828957255340219e+03   0.0000000000000000e+00   2.8169377749213584e+01   3.5850945761796322e+02   2.4106853621059489e+01   3.7193764765127679e+02   -1.1362313835748469e-01  3.6080824762452304e+00   8.6917229801568183e+00   7.8597807615729862e-02   -6.8560900291048710e-01  5.0358486479174534e-02
2.3016999990681306e+01   3.6150135761039763e+02   0.0000000000000000e+00   -2.8310978122443240e+00  7.2474880943813176e+01   5.7669138960673661e+02   1.0619657478332351e+03   1.3788304362476501e+03   0.0000000000000000e+00   2.4240574062208285e+01   3.5752266157429074e+02   2.0108450092025770e+01   3.7095908985717375e+02   -1.1361798202330968e-01  3.5833308881513948e+00   9.9071226443840139e+00   8.1239571895466697e-02   -7.0343598671052876e-01  5.0240354823416287e-02
1.9135510749903919e+01   3.6028772597203869e+02   0.0000000000000000e+00   -2.8260789654530258e+00  7.2574620906372886e+01   5.2132947406442929e+02   1.0660325476168362e+03   1.3747636364640491e+03   0.0000000000000000e+00   2.0317845616343693e+01   3.5650633142196961e+02   1.6115815263335577e+01   3.6994544679199674e+02   -1.1361285466619407e-01  3.5587611768028213e+00   1.1131969430238275e+01   8.4121890005337860e-02   -7.2309790026487686e-01  5.0125167354226279e-02
1.5259245554126746e+01   3.5905517933008588e+02   0.0000000000000000e+00   -2.8209603692150735e+00  7.2672797884706654e+01   4.8273516947608425e+02   1.0701000533749861e+03   1.3706961307058991e+03   0.0000000000000000e+00   1.6402650100813020e+01   3.5545925922600674e+02   1.2130707998952969e+01   3.6889419136097194e+02   -1.1360817039055959e-01  3.5343711229681829e+00   1.2169498938714039e+01   8.7202960745222616e-02   -7.4459890954150176e-01  5.0013643575206414e-02
1.1390940063500093e+01   3.5780451059648186e+02   0.0000000000000000e+00   -2.8160040099517976e+00  7.2769396410094927e+01   4.8067467772865075e+02   1.0741655127155807e+03   1.3666306713653046e+03   0.0000000000000000e+00   1.2497647844013295e+01   3.5438147484860497e+02   8.1579412410327059e+00   3.6780414260143431e+02   -1.1360421798528765e-01  3.5101581754683231e+00   1.2284897547583219e+01   9.0336260743082694e-02   -7.6795869587035825e-01  4.9905515135356217e-02
7.5322611143438207e+00   3.5653680712964422e+02   0.0000000000000000e+00   -2.8108452249490683e+00  7.2864384458137110e+01   4.7858029166255841e+02   1.0782270980356859e+03   1.3625690860451994e+03   0.0000000000000000e+00   8.6044762665662446e+00   3.5327316216449492e+02   4.2012581581653627e+00   3.6667582727340567e+02   -1.1360098571469324e-01  3.4861199366400379e+00   1.2401839350423840e+01   9.3612342537585269e-02   -7.9412626290840149e-01  4.9798676186612892e-02
3.6831924381048688e+00   3.5525140736690696e+02   0.0000000000000000e+00   -2.8055229610726342e+00  7.2957766932123249e+01   4.7645426888981410e+02   1.0822851249237744e+03   1.3585110591571108e+03   0.0000000000000000e+00   4.7241264761239306e+00   3.5213437971845156e+02   2.5763431035291301e-01   3.6550907884810272e+02   -1.1359841772530596e-01  3.4622550407183135e+00   1.2520308033092329e+01   9.6961066573204094e-02   -8.2250286806531547e-01  4.9692800182343150e-02
-1.5610413907158827e-01  3.5394779763730594e+02   0.0000000000000000e+00   -2.8000200144814049e+00  7.3049545352437349e+01   4.7429887473726922e+02   1.0863397021563142e+03   1.3544564819245711e+03   0.0000000000000000e+00   8.5670758642746081e-01   3.5096493819499204e+02   -3.6727111496211431e+00  3.6430465287726321e+02   -1.1359645816365543e-01  3.4385622792764159e+00   1.2640285176270103e+01   1.0043298319873267e-01   -8.5281285840414844e-01  4.9587910582441427e-02
-3.9854831173367624e+00  3.5262538393674834e+02   0.0000000000000000e+00   -2.7943319293284392e+00  7.3139718859597195e+01   4.7211638020282845e+02   1.0903909885390080e+03   1.3504051955418772e+03   0.0000000000000000e+00   -2.9975810262982496e+00  3.4976466682650369e+02   -7.5900011688898088e+00  3.6306316573496656e+02   -1.1359505117627121e-01  3.4150404314525566e+00   1.2761750172565751e+01   1.0406690233300411e-01   -8.8496207875385324e-01  4.9484032026435074e-02
-7.8047662658607795e+00  3.5128355562170816e+02   0.0000000000000000e+00   -2.7884486717046029e+00  7.3228282948866180e+01   4.6990905996893326e+02   1.0944391272465678e+03   1.3463570568343175e+03   0.0000000000000000e+00   -6.8385491624762000e+00  3.4853338508244519e+02   -1.1494329898090095e+01  3.6178526291766622e+02   -1.1359414090968296e-01  3.3916882640681738e+00   1.2884680142360079e+01   1.0788537648439804e-01   -9.1900350128755259e-01  4.9381190325012904e-02
-1.1613753384399205e+01  3.4992167043220724e+02   0.0000000000000000e+00   -2.7823606673474672e+00  7.3315229748618449e+01   4.6767919047579022e+02   1.0984842618720868e+03   1.3423119222087985e+03   0.0000000000000000e+00   -1.0665987181628621e+01  3.4727091155358096e+02   -1.5385820254298084e+01  3.6047157157547144e+02   -1.1359367151042021e-01  3.3685045317497395e+00   1.3009049848589866e+01   1.1189306686806552e-01   -9.5502863226921608e-01  4.9279412451656089e-02
-1.5412217979203584e+01  3.4853905898138430e+02   0.0000000000000000e+00   -2.7760581422916082e+00  7.3400548458421412e+01   4.6542904805667814e+02   1.1025265319894750e+03   1.3382696520914103e+03   0.0000000000000000e+00   -1.4479671375270645e+01  3.4597706279949534e+02   -1.9264585363706104e+01  3.5912271291214142e+02   -1.1359358712501263e-01  3.3454879770616777e+00   1.3134831610684708e+01   1.1608463905190057e-01   -9.9312101174668654e-01  4.9178726534330829e-02
-1.9199906704543622e+01  3.4713502445513859e+02   0.0000000000000000e+00   -2.7695319248464680e+00  7.3484225856859027e+01   4.6316090713738129e+02   1.1065660738980282e+03   1.3342301101828571e+03   0.0000000000000000e+00   -1.8279361913167840e+01  3.4465165452207304e+02   -2.3130738657262405e+01  3.5773929920066837e+02   -1.1359383189998980e-01  3.3226373306387500e+00   1.3261995217894908e+01   1.2044795539076660e-01   -1.0333342806122592e+00  4.9079161847176145e-02
-2.2976538140122887e+01  3.4570884449999511e+02   0.0000000000000000e+00   -2.7627737480715142e+00  7.3566247018378377e+01   4.6087703850175029e+02   1.1106030200538071e+03   1.3301931640270782e+03   0.0000000000000000e+00   -2.2064803191239328e+01  3.4329450200664303e+02   -2.6984389581409342e+01  3.5632193556729402e+02   -1.1359434998188132e-01  3.2999513113295675e+00   1.3390507842266071e+01   1.2496283000442980e-01   -1.0756812668653717e+00  4.8980748802161897e-02
-2.6741802193713799e+01  3.4425977392260563e+02   0.0000000000000000e+00   -2.7557768743824518e+00  7.3646596540712551e+01   4.5857970762507910e+02   1.1146374988220646e+03   1.3261586852588207e+03   0.0000000000000000e+00   -2.5835723899628452e+01  3.4190542066770439e+02   -3.0825642118004019e+01  3.5487122094767102e+02   -1.1359508551721677e-01  3.2774286263441015e+00   1.3520333951542410e+01   1.2959549504832582e-01   -1.1201155131050264e+00  4.8883518940613511e-02
-3.0495360080552842e+01  3.4278704908917706e+02   0.0000000000000000e+00   -2.7485370444993071e+00  7.3725260660097163e+01   4.5627117307685944e+02   1.1186696341428158e+03   1.3221265499380695e+03   0.0000000000000000e+00   -2.9591837553570336e+01  3.4048422643683102e+02   -3.4654591346354934e+01  3.5338774988987836e+02   -1.1359598265252577e-01  3.2550679714066577e+00   1.3651435222302467e+01   1.3429091658206269e-01   -1.1664975629824310e+00  4.8787504924601266e-02
-3.4236845263140246e+01  3.4128989449733939e+02   0.0000000000000000e+00   -2.7410537963311583e+00  7.3802230503295291e+01   4.5395368499431595e+02   1.1226995452142144e+03   1.3180966388666709e+03   0.0000000000000000e+00   -3.3332843411889641e+01  3.3903073599097962e+02   -3.8471318814885819e+01  3.5187211502171937e+02   -1.1359698553433795e-01  3.2328680309141502e+00   1.3783770453654434e+01   1.3896647391597600e-01   -1.2145474978183946e+00  4.8692740528109596e-02
-3.7965865688709883e+01  3.3976753209923459e+02   0.0000000000000000e+00   -2.7333319172849224e+00  7.3877506353683401e+01   4.5162948362790740e+02   1.1267273461781995e+03   1.3140688379026858e+03   0.0000000000000000e+00   -3.7058428674880190e+01  3.3754476887038618e+02   -4.2275886505210877e+01  3.5032491034200439e+02   -1.1359803830918284e-01  3.2108274781030230e+00   1.3917295481844183e+01   1.4351190384269752e-01   -1.2637969270380445e+00  4.8599260627949420e-02
-4.1682007602904648e+01  3.3821919355482521e+02   0.0000000000000000e+00   -2.7253825930778928e+00  7.3951102258882315e+01   4.4930079795982158e+02   1.1307531458471522e+03   1.3100430382337331e+03   0.0000000000000000e+00   -4.0768319064976005e+01  3.3602626469919750e+02   -4.6068324527062991e+01  3.4874672077402545e+02   -1.1359908512359010e-01  3.1889449752177672e+00   1.4051963096153809e+01   1.4779899768534804e-01   -1.3135626476238698e+00  4.8507101194337203e-02
-4.5384840998475809e+01  3.3664413498428775e+02   0.0000000000000000e+00   -2.7172238110516842e+00  7.4023049931795427e+01   4.4696984439633286e+02   1.1347770475179166e+03   1.3060191365629687e+03   0.0000000000000000e+00   -4.4462326718171248e+01  3.3447537964470865e+02   -4.9848536572317812e+01  3.4713791683320358e+02   -1.1360007012408935e-01  3.1672191736891970e+00   1.4187722956493829e+01   1.5169883625502853e-01   -1.3629616198648902e+00  4.8416299281134910e-02
-4.9073926476535917e+01  3.3504165305842321e+02   0.0000000000000000e+00   -2.7088797122287227e+00  7.4093400771811503e+01   4.4463882553473491e+02   1.1387991489571093e+03   1.3019970351237760e+03   0.0000000000000000e+00   -4.8140296678378604e+01  3.3289233700394846e+02   -5.3616247093832051e+01  3.4549856290276966e+02   -1.1360093745721012e-01  0.0000000000000000e+00   1.5000000000000000e+01   1.5510330079625653e-01   -1.4109752366552339e+00  4.7809006367267759e-02
-5.2748822954691690e+01  3.3341110081583167e+02   0.0000000000000000e+00   -2.7003790016971068e+00  7.4162225295219926e+01   4.4230992900536540e+02   1.1428195425623403e+03   1.2979766415185450e+03   0.0000000000000000e+00   -5.1802081818557816e+01  3.3127736012600633e+02   -5.7371082520653545e+01  3.4382862989363520e+02   -1.1360163126948210e-01  -4.3113117922225328e+00  1.4852730232538290e+01   1.5794168231459971e-01   -1.4565526908719699e+00  4.7430391127851010e-02
-5.6409095699951735e+01  3.3175190135717634e+02   0.0000000000000000e+00   -2.6917526655143855e+00  7.4229610096053079e+01   4.3998532638913525e+02   1.1468383159340665e+03   1.2939578681468188e+03   0.0000000000000000e+00   -5.5447541535141475e+01  3.2963066723780253e+02   -6.1112623686637647e+01  3.4212810730783809e+02   -1.1360209570743481e-01  -2.7956806810007868e+00  1.4858680198094207e+01   1.6018680873183430e-01   -1.4987247979099063e+00  4.7661063622405624e-02
-6.0054323491563153e+01  3.3006355850481071e+02   0.0000000000000000e+00   -2.6830320705047699e+00  7.4295652789889331e+01   4.3766717221080648e+02   1.1508555522029296e+03   1.2899406318779556e+03   0.0000000000000000e+00   -5.9076541263037619e+01  3.2795247132333515e+02   -6.4840416179721359e+01  3.4039700354866386e+02   -1.1360227491759786e-01  -4.0584550711343720e-01  1.4892164529259919e+01   1.6185596120582557e-01   -1.5367037438144902e+00  4.7758608140598624e-02
-6.3684105893362549e+01  3.2834566163668438e+02   0.0000000000000000e+00   -2.6742451924826676e+00  7.4360455796304890e+01   4.3535760300806697e+02   1.1548713323181664e+03   1.2859248517627188e+03   0.0000000000000000e+00   -6.2688952433721489e+01  3.2624297981572352e+02   -6.8553986347422338e+01  3.3863534007954257e+02   -1.1360211304650093e-01  0.0000000000000000e+00   1.5000000000000002e+01   1.6300565582388260e-01   -1.5699615699293898e+00  4.7781302382171424e-02
-6.7298065203660528e+01  3.2659789127876519e+02   0.0000000000000000e+00   -2.6654211178968521e+00  7.4424120318418758e+01   4.3334781559393031e+02   1.1588857317901311e+03   1.2819104522907542e+03   0.0000000000000000e+00   -6.6284649069813810e+01  3.2450239592062110e+02   -7.2252842343099445e+01  3.3684315198615315e+02   -1.1360155426578641e-01  2.9991954777313685e+00   1.4935255683237040e+01   1.6371214807671966e-01   -1.5982489962624569e+00  4.7869839271282973e-02
-7.0895831192587181e+01  3.2482006800673929e+02   0.0000000000000000e+00   -2.6566033809954419e+00  7.4486742638362003e+01   4.3347647866729790e+02   1.1628987824623298e+03   1.2778974016185555e+03   0.0000000000000000e+00   -6.9863489794890356e+01  3.2273092741102516e+02   -7.5936360806016594e+01  3.3502054535154804e+02   -1.1360056398089846e-01  9.2811342131009966e-01   1.4985864623475907e+01   1.6405193674529905e-01   -1.6215997356606267e+00  4.7934946147604851e-02
-7.4477046352712463e+01  3.2301213621820403e+02   0.0000000000000000e+00   -2.6477808940422172e+00  7.4548410752628143e+01   4.3355757931831937e+02   1.1669104802793529e+03   1.2738857038015324e+03   0.0000000000000000e+00   -7.3425298650306374e+01  3.2092879721151775e+02   -7.9603923195313371e+01  3.3316763499821764e+02   -1.1359916745572536e-01  -2.0257006648392384e-01  1.4990829321075299e+01   1.6413722304218700e-01   -1.6404593095164710e+00  4.7890223984160596e-02
-7.8041368042151092e+01  3.2117404446688636e+02   0.0000000000000000e+00   -2.6389676344786670e+00  7.4609195240300267e+01   4.3359105665685593e+02   1.1709208381676299e+03   1.2698753459132554e+03   0.0000000000000000e+00   -7.6969864141833156e+01  3.1909624579906500e+02   -8.3255196082034459e+01  3.3128439959700290e+02   -1.1359740042602637e-01  -6.9925200212048566e-01  1.4985864623475909e+01   1.6404284648984827e-01   -1.6552303772674166e+00  4.7889236386532488e-02
-8.1588476058071095e+01  3.1930581127301718e+02   0.0000000000000000e+00   -2.6301705820376675e+00  7.4669155423130931e+01   4.3357690858279989e+02   1.1749298618072805e+03   1.2658663222736047e+03   0.0000000000000000e+00   -8.0497005405986314e+01  3.1723349807793193e+02   -8.6889679949486535e+01  3.2937090533031869e+02   -1.1359529862756072e-01  2.3941328515407784e-01   1.4990829321075299e+01   1.6383690229817371e-01   -1.6664419404703523e+00  4.7890588212342974e-02
-8.5118070097582290e+01  3.1740750748473107e+02   0.0000000000000000e+00   -2.6213945431549237e+00  7.4728339417198995e+01   4.3351519178048193e+02   1.1789375533318835e+03   1.2618586307490018e+03   0.0000000000000000e+00   -8.4006533812685987e+01  3.1534078251158411e+02   -9.0506913414027608e+01  3.2742720473601122e+02   -1.1359289779608765e-01  1.3841992173895556e-01   1.4995700479721059e+01   1.6356810565396454e-01   -1.6746631731694119e+00  4.7886965484883651e-02
-8.8629868201397073e+01  3.1547924845770422e+02   0.0000000000000000e+00   -2.6126419981229749e+00  7.4786785959789995e+01   4.3340602162959357e+02   1.1829439118776538e+03   1.2578522722032315e+03   0.0000000000000000e+00   -8.7498257915451035e+01  3.1341832884019311e+02   -9.4106449401697432e+01  3.2545334799777322e+02   -1.1359023366736631e-01  -6.6115086366831749e-02  1.4998562925555504e+01   1.6326812114169462e-01   -1.6804489704017356e+00  4.7887242602517352e-02
-9.2123604520777207e+01  3.1352118461394576e+02   0.0000000000000000e+00   -2.6039141714491181e+00  7.4844526204496574e+01   4.3324957203292456e+02   1.1869489346598100e+03   1.2538472494210753e+03   0.0000000000000000e+00   -9.0971983181298782e+01  3.1146636841745953e+02   -9.7687859628728560e+01  3.2344937986810629e+02   -1.1358734197715600e-01  -2.5003734145615986e-01  1.4995913566716604e+01   1.6295552925204015e-01   -1.6842978771263291e+00  4.7895441447967424e-02
-9.5599027329106178e+01  3.1153349383550221e+02   0.0000000000000000e+00   -2.5952114988039039e+00  7.4901585409894835e+01   4.3304607516141596e+02   1.1909526177550815e+03   1.2498435663258037e+03   0.0000000000000000e+00   -9.4427513288219274e+01  3.0948513366694311e+02   -1.0125073022312324e+02  3.2141534133249883e+02   -1.1358425846121588e-01  -2.7565713583826162e-01  1.4991668089766099e+01   1.6264064363310085e-01   -1.6866343716892367e+00  4.7911254513212369e-02
-9.9055897182447325e+01  3.0951637496967192e+02   0.0000000000000000e+00   -2.5865339766012907e+00  7.4957984285935154e+01   4.3279582111731003e+02   1.1949549567839279e+03   1.2458412272969574e+03   0.0000000000000000e+00   -9.7864651004233195e+01  3.0747485769910634e+02   -1.0479427304644429e+02  3.1935060877087437e+02   -1.1358101885530519e-01  -3.5337963444176174e-01  1.4987131972367797e+01   1.6232921372764225e-01   -1.6878071482494061e+00  4.7930800238384114e-02
-1.0249398535083100e+02  3.0747004257766162e+02   0.0000000000000000e+00   -2.5778813296756518e+00  7.5013740014795701e+01   4.3249915751638474e+02   1.1989559474752655e+03   1.2418402366056198e+03   0.0000000000000000e+00   -1.0128319907690344e+02  3.0543577386399380e+02   -1.0831842145297371e+02  3.1725580608727955e+02   -1.1357765889518319e-01  -4.9788181397346193e-01  1.4983556659521959e+01   1.6202484701312742e-01   -1.6880970391580201e+00  4.7952172633026195e-02
-1.0591307249267794e+02  3.0539472270503654e+02   0.0000000000000000e+00   -2.5692530927227173e+00  7.5068866999099058e+01   4.3215648899049734e+02   1.2029555861411022e+03   1.2378405979397830e+03   0.0000000000000000e+00   -1.0468296095832820e+02  3.0336811534411299e+02   -1.1182283722948249e+02  3.1513105342179989e+02   -1.1357421431660902e-01  -7.0621590792564459e-01  1.4982142897756626e+01   1.6173030109694256e-01   -1.6877285815576821e+00  4.7973537807484680e-02
-1.0931294754662795e+02  3.0329064949754576e+02   0.0000000000000000e+00   -2.5606486437446185e+00  7.5123377413572697e+01   4.3176827661188622e+02   1.2069538700786125e+03   1.2338423140022728e+03   0.0000000000000000e+00   -1.0806374139861580e+02  3.0127211477891188e+02   -1.1530713901227550e+02  3.1297638759834064e+02   -1.1357072085534194e-01  -9.2430094049446876e-01  1.4983093000794195e+01   1.6144802101234748e-01   -1.6868816047573676e+00  4.7993838784253812e-02
-1.1269340679884992e+02  3.0115806248247185e+02   0.0000000000000000e+00   -2.5520672214535378e+00  7.5177281623239409e+01   4.3133503724090934e+02   1.2109507979154384e+03   1.2298453861654468e+03   0.0000000000000000e+00   -1.1142534691273347e+02  2.9914800392725488e+02   -1.1877094871227366e+02  3.1079184654229272e+02   -1.1356721424714115e-01  -9.4931472786255255e-01  1.4982142897756622e+01   1.6118026652265868e-01   -1.6857010562054298e+00  4.8016091357244182e-02
-1.1605425308820209e+02  2.9899720437022762e+02   0.0000000000000000e+00   -2.5435079377296401e+00  7.5230588511681759e+01   4.3085734279910668e+02   1.2149463699097721e+03   1.2258498141711132e+03   0.0000000000000000e+00   -1.1476758614424486e+02  2.9699601336202232e+02   -1.2221389050793996e+02  3.0857746993629041e+02   -1.1356373022776592e-01  -9.2093264536452291e-01  1.4982010311209333e+01   1.6092909704044486e-01   -1.6843046467893508e+00  4.8041441190138721e-02
-1.1939529512294308e+02  2.9680831926255513e+02   0.0000000000000000e+00   -2.5349697943757703e+00  7.5283305741683165e+01   4.3033581946965916e+02   1.2189405882178389e+03   1.2218555958630463e+03   0.0000000000000000e+00   -1.1809027015114448e+02  2.9481637218781714e+02   -1.2563559885025302e+02  3.0633331305478885e+02   -1.1356030453297543e-01  -4.8467899211453164e-01  1.4969873690283254e+01   1.6069638883363430e-01   -1.6827886514215329e+00  4.8077424413814650e-02
-1.2271634686543599e+02  2.9459165117491239e+02   0.0000000000000000e+00   -2.5264516746106045e+00  7.5335439954170894e+01   4.2977114682755143e+02   1.2229334571221593e+03   1.2178627269587259e+03   0.0000000000000000e+00   -1.2139321261092434e+02  2.9260930778936256e+02   -1.2903578144306513e+02  3.0405954099233804e+02   -1.1355697289852887e-01  5.6080424453526116e-02   1.4971675135711095e+01   1.6048399345866360e-01   -1.6812326092874093e+00  4.8114249895832774e-02
-1.2601722703551459e+02  2.9234744280495443e+02   0.0000000000000000e+00   -2.5179523968501880e+00  7.5386996900825025e+01   4.2916405690190084e+02   1.2269249832845449e+03   1.2138712007963404e+03   0.0000000000000000e+00   -1.2467623003290961e+02  2.9037504555642420e+02   -1.3241427036700148e+02  3.0175649490666910e+02   -1.1355377106018552e-01  -1.2285084945974607e+00  1.4995503256488764e+01   1.6029397089640846e-01   -1.6797033874446481e+00  4.8126445852136879e-02
-1.2929775841372549e+02  2.9007593447820187e+02   0.0000000000000000e+00   -2.5094704826456300e+00  7.5437981527898728e+01   4.2851533317311680e+02   1.2309151757864090e+03   1.2098810082944763e+03   0.0000000000000000e+00   -1.2793914167798165e+02  2.8811380879278033e+02   -1.3577092471208286e+02  2.9942453554122227e+02   -1.1355073475370453e-01  -3.2237987258562790e+00  1.4934046461739113e+01   1.6012883475363854e-01   -1.6782594705961440e+00  4.8188202480452219e-02
-1.3255776811361545e+02  2.8777736320277529e+02   0.0000000000000000e+00   -2.5010049724650623e+00  7.5488398049416887e+01   4.2782580950769056e+02   1.2349040469489803e+03   1.2058921371319050e+03   0.0000000000000000e+00   -1.3118177041731130e+02  2.8582581796033105e+02   -1.3910561266270091e+02  2.9706401746996943e+02   -1.1354789971484523e-01  6.9947583861664642e-01   1.4959422423273500e+01   1.5999040330509384e-01   -1.6769514310563445e+00  4.8251130413355291e-02
-1.3579708418258579e+02  2.8545196218907120e+02   0.0000000000000000e+00   -2.4925525075344286e+00  7.5538250340405042e+01   4.2709636903362173e+02   1.2388916099226806e+03   1.2019045741582047e+03   0.0000000000000000e+00   -1.3440393978678571e+02  2.8351129260085133e+02   -1.4241821318903794e+02  2.9467528730974016e+02   -1.1354530167936672e-01  -1.2615694439113807e+00  1.4963260022140263e+01   1.5987813906876366e-01   -1.6758242246384296e+00  4.8267252643025553e-02
-1.3901557878572075e+02  2.8309995774171591e+02   0.0000000000000000e+00   -2.4841319963455741e+00  7.5587542823059565e+01   4.2784975201057091e+02   1.2428779155344955e+03   1.1979182685463898e+03   0.0000000000000000e+00   -1.3760551581473666e+02  2.8117042054747469e+02   -1.4570858753199758e+02  2.9225870425380236e+02   -1.1354297161315483e-01  1.1525772622421389e+00   1.4956531847347765e+01   1.5977399652286753e-01   -1.6748722666569722e+00  4.8266730922691618e-02
-1.4221317692800503e+02  2.8072157500830309e+02   0.0000000000000000e+00   -2.4757263298965384e+00  7.5636284373583663e+01   4.2878892368835710e+02   1.2468630552191410e+03   1.1939331288617443e+03   0.0000000000000000e+00   -1.4078640216285515e+02  2.7880335878750390e+02   -1.4897660906249033e+02  2.8981461866560505e+02   -1.1354091305945767e-01  -1.1428006856893320e+00  1.4900034319516365e+01   1.5969054553391043e-01   -1.6742300741190741e+00  4.8264791462683913e-02
-1.4538976210325521e+02  2.7831701148656595e+02   0.0000000000000000e+00   -2.4673314818998158e+00  7.5684479111799149e+01   4.2970651400141071e+02   1.2508471007893734e+03   1.1899490832915119e+03   0.0000000000000000e+00   -1.4394644879426926e+02  2.7641030051007499e+02   -1.5222231266807526e+02  2.8734325622377077e+02   -1.1353911978071526e-01  1.2711690029867486e+00   1.4889529022633736e+01   1.5962582535061393e-01   -1.6738964422037892e+00  4.8261527337948237e-02
-1.4854520748309554e+02  2.7588645819521423e+02   0.0000000000000000e+00   -2.4589469075309256e+00  7.5732130405075168e+01   4.3060141754322592e+02   1.2548301178427207e+03   1.1859660662381646e+03   0.0000000000000000e+00   -1.4708551742982667e+02  2.7399142785336784e+02   -1.5544564963260396e+02  2.8484489921232625e+02   -1.1353758552729858e-01  1.1854944916896284e+00   1.4878316137021450e+01   1.5958166376295679e-01   -1.6738485964951371e+00  4.8225899567242873e-02
-1.5167938369452810e+02  2.7343010339596464e+02   0.0000000000000000e+00   -2.4505709745383228e+00  7.5779241441771276e+01   4.3147255721187275e+02   1.2588121700051247e+03   1.1819840140757606e+03   0.0000000000000000e+00   -1.5020347147412903e+02  2.7154691902343404e+02   -1.5864655509605535e+02  2.8231983824791308e+02   -1.1353630404957865e-01  2.5982415895525861e+00   1.4894222246323924e+01   1.5956271590406271e-01   -1.6740842630850510e+00  4.8172090397617447e-02
-1.5479215663334267e+02  2.7094813192219357e+02   0.0000000000000000e+00   -2.4422021084278955e+00  7.5825814858848858e+01   4.3231888534266034e+02   1.2627933178000740e+03   1.1780028662808113e+03   0.0000000000000000e+00   -1.5330017054843282e+02  2.6907695251530907e+02   -1.6182496848244801e+02  2.7976835674710179e+02   -1.1353526909792645e-01  1.7038344755460038e+00   1.5000000000000000e+01   1.5957237697194854e-01   -1.6746129312533411e+00  4.8032368728528882e-02
-1.5788338790970136e+02  2.6844072546125426e+02   0.0000000000000000e+00   -2.4338385414055095e+00  7.5871852851575639e+01   4.3313938482539191e+02   1.2667736190404701e+03   1.1740225650404152e+03   0.0000000000000000e+00   -1.5637547192715064e+02  2.6658170614388530e+02   -1.6498082837687048e+02  2.7719073480197676e+02   -1.1353447442271304e-01  1.6519568699745550e+00   1.5000000000000000e+01   1.5961278708524165e-01   -1.6754511306965498e+00  4.7906882802959107e-02
-1.6095293449909119e+02  2.6590806251503375e+02   0.0000000000000000e+00   -2.4254784538838408e+00  7.5917357233321496e+01   4.3393307020359885e+02   1.2707531287921347e+03   1.1700430552887506e+03   0.0000000000000000e+00   -1.5942923016120724e+02  2.6406135746469545e+02   -1.6811407399799765e+02  2.7458724793835114e+02   -1.1353391377430935e-01  0.0000000000000000e+00   1.4999999999999996e+01   1.5968503651991234e-01   -1.6766167150215530e+00  4.7862117206081974e-02
-1.6400064858504984e+02  2.6335031841994510e+02   0.0000000000000000e+00   -2.4171199917138950e+00  7.5962329515161869e+01   4.3469898875311736e+02   1.2747318994572663e+03   1.1660642846236190e+03   0.0000000000000000e+00   -1.6246129722871783e+02  2.6151608378289086e+02   -1.7122464474818631e+02  2.7195816738559353e+02   -1.1353358090308649e-01  1.5422844069255619e+00   1.5000000000000000e+01   1.5978962637820340e-01   -1.6781261164897687e+00  4.7819160065860060e-02
-1.6702637735441101e+02  2.6076766537288938e+02   0.0000000000000000e+00   -2.4087612934999343e+00  7.6006770960931533e+01   4.3543622153745935e+02   1.2787099808223475e+03   1.1620862032585378e+03   0.0000000000000000e+00   -1.6547152257024453e+02  2.5894606225124875e+02   -1.7431248016209872e+02  2.6930376003216873e+02   -1.1353346955941535e-01  0.0000000000000000e+00   1.5000000000000000e+01   1.5992676579798853e-01   -1.6799932713502763e+00  4.7778027805497440e-02
-1.7002996282745312e+02  2.5816027249409751e+02   0.0000000000000000e+00   -2.4004004995425405e+00  7.6050682628825939e+01   4.3614388443736885e+02   1.2826874201139324e+03   1.1581087639669529e+03   0.0000000000000000e+00   -1.6845975316733580e+02  2.5635146993000365e+02   -1.7737751970317049e+02  2.6662428851322574e+02   -1.1353357349366702e-01  1.4251808636117902e+00   1.5000000000000000e+01   1.6009651905739369e-01   -1.6822295551783975e+00  4.7738736086546461e-02
-1.7301124170704074e+02  2.5552830592292597e+02   0.0000000000000000e+00   -2.3920357589689334e+00  7.6094065405050230e+01   4.3682112915210251e+02   1.2866642620506504e+03   1.1541319220302348e+03   0.0000000000000000e+00   -1.7142583361340084e+02  2.5373248384947462e+02   -1.8041970259380136e+02  2.6392001127886414e+02   -1.1353388645621246e-01  0.0000000000000000e+00   1.5000000000000000e+01   1.6029882789415240e-01   -1.6848440040174417e+00  4.7701299811402323e-02
-1.7597004525346031e+02  2.5287192894576395e+02   0.0000000000000000e+00   -2.3836652371564089e+00  7.6136920037680838e+01   4.3746714416994627e+02   1.2906405488953212e+03   1.1501556351855641e+03   0.0000000000000000e+00   -1.7436960618748023e+02  2.5108928106673085e+02   -1.8343896764556018e+02  2.6119118267054495e+02   -1.1353440219742272e-01  1.3012240382393909e+00   1.5000000000000005e+01   1.6053346448881503e-01   -1.6878434605778569e+00  4.7665733125915440e-02
-1.7890619918523240e+02  2.5019130215433066e+02   0.0000000000000000e+00   -2.3752871265086126e+00  7.6179247176006925e+01   4.3808115570555310e+02   1.2946163205067207e+03   1.1461798635741645e+03   0.0000000000000000e+00   -1.7729091092813204e+02  2.4842203871855989e+02   -1.8643525309889461e+02  2.5843805299699579e+02   -1.1353511446766881e-01  0.0000000000000000e+00   1.5000000000000000e+01   1.6079995512791309e-01   -1.6912324988713394e+00  4.7632049421877015e-02
-1.8181952360975518e+02  2.4748658363485387e+02   0.0000000000000000e+00   -2.3668996611509732e+00  7.6221047418520016e+01   4.3866242860179074e+02   1.2985916143917211e+03   1.1422045696891641e+03   0.0000000000000000e+00   -1.8018958570953785e+02  2.4573093406874781e+02   -1.8940849646406545e+02  2.5566086861656035e+02   -1.1353601701732167e-01  1.1710213160400311e+00   1.5000000000000000e+01   1.6109750026286310e-01   -1.6950131235405124e+00  4.7600261339575636e-02
-1.8470983298899145e+02  2.4475792919031363e+02   0.0000000000000000e+00   -2.3585011354249428e+00  7.6262321370859738e+01   4.3921026719380399e+02   1.3025664657581763e+03   1.1382297183227090e+03   0.0000000000000000e+00   -1.8306546436447056e+02  2.4301614247639526e+02   -1.9235862571069887e+02  2.5285986286961105e+02   -1.1353710359675238e-01  0.0000000000000000e+00   1.4999999999999998e+01   1.6142490343033006e-01   -1.6991843001100932e+00  4.7570380770260115e-02
-1.8757693614707912e+02  2.4200549259902499e+02   0.0000000000000000e+00   -2.3500899256310039e+00  7.6303069713940133e+01   4.3972401613312411e+02   1.3065409075690700e+03   1.1342552765118153e+03   0.0000000000000000e+00   -1.8591836894275616e+02  2.4027782944977560e+02   -1.9528552417155632e+02  2.5003522056417603e+02   -1.1353836795633192e-01  1.0352074136049827e+00   1.4999999999999996e+01   1.6178051227896384e-01   -1.7037413848463356e+00  4.7542418858523144e-02
-1.9042063632775773e+02  2.3922942591317863e+02   0.0000000000000000e+00   -2.3416645144994646e+00  7.6343293282087444e+01   4.4020306116972853e+02   1.3105149705984968e+03   1.1302812134823885e+03   0.0000000000000000e+00   -1.8874810898888134e+02  2.3751615068099429e+02   -1.9818903409237180e+02  2.4718708566229279e+02   -1.1353980384643134e-01  0.0000000000000000e+00   1.5000000000000002e+01   1.6216216857964749e-01   -1.7086755075885964e+00  4.7516386004670390e-02
-1.9324073131018247e+02  2.3642987980082233e+02   0.0000000000000000e+00   -2.3332235181420273e+00  7.6382993151272146e+01   4.4064682989003524e+02   1.3144886834901267e+03   1.1263075005907585e+03   0.0000000000000000e+00   -1.9155448875916764e+02  2.3473126010805171e+02   -2.0106898691264860e+02  2.4431559536314683e+02   -1.1354140501742151e-01  8.9444189631793813e-01   1.5000000000000000e+01   1.6256715992746693e-01   -1.7139729327606585e+00  4.7492291866928084e-02
-1.9603701359227884e+02  2.3360700393445515e+02   0.0000000000000000e+00   -2.3247657156611559e+00  7.6422170738272484e+01   4.4105479240895659e+02   1.3184620728189095e+03   1.1223341112619757e+03   0.0000000000000000e+00   -1.9433730924326437e+02  2.3192331206100846e+02   -2.0392521011151820e+02  2.4142088779213594e+02   -1.1354316521967361e-01  0.0000000000000000e+00   1.4999999999999995e+01   1.6299216380451592e-01   -1.7196143922793146e+00  4.7470145363626530e-02
-1.9880927065150760e+02  2.3076094742922979e+02   0.0000000000000000e+00   -2.3162900820445871e+00  7.6460827912610085e+01   4.4142646201421258e+02   1.3224351631568429e+03   1.1183610209240424e+03   0.0000000000000000e+00   -1.9709636826202856e+02  2.2909246132142252e+02   -2.0675752713754812e+02  2.3850310227103668e+02   -1.1354507820355855e-01  -1.5775827387712100e+00  1.4957819938647162e+01   1.6343317550571104e-01   -1.7255743575164226e+00  4.7481058093510595e-02
-2.0155728529404692e+02  2.2789185933388873e+02   0.0000000000000000e+00   -2.3077958253316604e+00  7.6498967124102890e+01   4.4176139576122591e+02   1.3264079771437341e+03   1.1143882069371512e+03   0.0000000000000000e+00   -1.9983146057051590e+02  2.2623886317165142e+02   -2.0956575732911679e+02  2.3556237961260558e+02   -1.1354713771944734e-01  0.0000000000000000e+00   1.5000000000000000e+01   1.6388541372596335e-01   -1.7318202015865729e+00  4.7462806249320408e-02
-2.0428083610505593e+02  2.2499988917811075e+02   0.0000000000000000e+00   -2.2992824293261376e+00  7.6536591549829666e+01   4.4205919501707655e+02   1.3303805355639538e+03   1.1104156485169315e+03   0.0000000000000000e+00   -2.0254237796639919e+02  2.2336267343299531e+02   -2.1234971582320395e+02  2.3259886244427307e+02   -1.1354933751771103e-01  1.3623966512663539e+00   1.4984848947784585e+01   1.6434319865414354e-01   -1.7383111962625157e+00  4.7426624123375519e-02
-2.0697969801507062e+02  2.2208518758094317e+02   0.0000000000000000e+00   -2.2907497034290416e+00  7.6573705265339768e+01   4.4231950595205660e+02   1.3343528574303009e+03   1.1064433266505844e+03   0.0000000000000000e+00   -2.0522890940437875e+02  2.2046404849127597e+02   -2.1510921344901286e+02  2.2961269556764901e+02   -1.1355167134872061e-01  0.0000000000000000e+00   1.5000000000000002e+01   1.6479979606732986e-01   -1.7449972823430966e+00  4.7412335723655434e-02
-2.0965364300081956e+02  2.1914790692649399e+02   0.0000000000000000e+00   -2.2821978416045092e+00  7.6610313446320518e+01   4.4254201997757480e+02   1.3383249600762319e+03   1.1024712240046533e+03   0.0000000000000000e+00   -2.0789084111740647e+02  2.1754314530799448e+02   -2.1784405660129028e+02  2.2660402636302615e+02   -1.1355413296284704e-01  1.1865609953097702e+00   1.4981705242215606e+01   1.6524721702289785e-01   -1.7518175403475142e+00  4.7402349865490696e-02
-2.1230244094313949e+02  2.1618820211520665e+02   0.0000000000000000e+00   -2.2736274932012783e+00  7.6646422608950985e+01   4.4272647412923334e+02   1.3422968592578825e+03   1.0984993248230028e+03   0.0000000000000000e+00   -2.1052795674589967e+02  2.1460012141458989e+02   -2.2055404708619821e+02  2.2357300525138888e+02   -1.1355671611046142e-01  0.0000000000000000e+00   1.4999999999999995e+01   1.6567595652887118e-01   -1.7586982639512156e+00  4.7392029222078975e-02
-2.1492586067061967e+02  2.1320623140206348e+02   0.0000000000000000e+00   -2.2650398493920831e+00  7.6682040900100063e+01   4.4287265139408339e+02   1.3462685692675100e+03   1.0945276148133753e+03   0.0000000000000000e+00   -2.1314003747659567e+02  2.1163513488647899e+02   -2.2323898192993178e+02  2.2051978623091912e+02   -1.1355941454193466e-01  1.2984541834733161e+00   1.4971953659014236e+01   1.6607464677524400e-01   -1.7655504984231400e+00  4.7390882873781744e-02
-2.1752367122597582e+02  2.1020215733715989e+02   0.0000000000000000e+00   -2.2564367505415079e+00  7.6717178452484362e+01   4.4298038098118377e+02   1.3502401030605106e+03   1.0905560810203747e+03   0.0000000000000000e+00   -2.1572686219357720e+02  2.0864834429211629e+02   -2.2589865313662096e+02  2.1744452751124177e+02   -1.1356222200763783e-01  -4.9466668546347620e-01  1.4983429028425117e+01   1.6642959296240928e-01   -1.7722668515571205e+00  4.7396740768600627e-02
-2.2009564340264970e+02  2.0717614783027051e+02   0.0000000000000000e+00   -2.2478208211067230e+00  7.6751847824599878e+01   4.4304953853476746e+02   1.3542114723978261e+03   1.0865847116830591e+03   0.0000000000000000e+00   -2.1828820764435210e+02  2.0563990861129810e+02   -2.2853284737736192e+02  2.1434739227695076e+02   -1.1356513225794194e-01  -9.3983880428521283e-01  1.4971953659014236e+01   1.6672415697059206e-01   -1.7787173267639562e+00  4.7392400884724281e-02
-2.2264155161635637e+02  2.0412837736668018e+02   0.0000000000000000e+00   -2.2391956417242480e+00  7.6786064549465308e+01   4.4308004628942575e+02   1.3581826880091160e+03   1.0826134960717693e+03   0.0000000000000000e+00   -2.2082384862724942e+02  2.0260998711212179e+02   -2.3114134558724407e+02  2.1122854962171459e+02   -1.1356813904321797e-01  6.9831095635531881e-01   1.4983429028425110e+01   1.6693796233263436e-01   -1.7847438878245026e+00  4.7390057579171398e-02
-2.2516117618560867e+02  2.0105902841686546e+02   0.0000000000000000e+00   -2.2305659627218195e+00  7.6819847817567734e+01   4.4307187316692347e+02   1.3621537597719664e+03   1.0786424243089189e+03   0.0000000000000000e+00   -2.2333355819901797e+02  1.9955873918370438e+02   -2.3372392244215465e+02  2.0808817570543582e+02   -1.1357123611383693e-01  -1.1246861571801334e+00  1.4963382440762743e+01   1.6704593032504508e-01   -1.7901535130613284e+00  4.7396027790492123e-02
-2.2765430615011414e+02  1.9796829306586815e+02   0.0000000000000000e+00   -2.2219379824527383e+00  7.6853221312211360e+01   4.4302503481438521e+02   1.3661246969447027e+03   1.0746714871361826e+03   0.0000000000000000e+00   -2.2581710793276625e+02  1.9648632408236134e+02   -2.3628034569036041e+02  2.0492645518927918e+02   -1.1357441722016981e-01  6.2076298254373219e-01   1.4976263989707650e+01   1.6701721823387747e-01   -1.7947096407250318e+00  4.7402960963320875e-02
-2.3012074264902441e+02  1.9485637498926488e+02   0.0000000000000000e+00   -2.2133196253991003e+00  7.6886214195374976e+01   4.4293959358373831e+02   1.3700955083376862e+03   1.0707006757431991e+03   0.0000000000000000e+00   -2.2827426814021214e+02  1.9339290069118408e+02   -2.3881037530915708e+02  2.0174358301579105e+02   -1.1357767611258771e-01  -1.8403547819950680e-01  1.4998849294148416e+01   1.6681430908697156e-01   -1.7981225539836538e+00  4.7380501167999509e-02
-2.3256030336130550e+02  1.9172349153383544e+02   0.0000000000000000e+00   -2.2047210393307721e+00  7.6918862186685061e+01   4.4281565845248991e+02   1.3740662028882919e+03   1.0667299811925934e+03   0.0000000000000000e+00   -2.3070480839286125e+02  1.9027862686164119e+02   -2.4131376253514088e+02  1.9853976650890249e+02   -1.1358100654146149e-01  0.0000000000000000e+00   1.4999999999999996e+01   1.6639254298779990e-01   -1.8000394901263155e+00  4.7368689855548325e-02
-2.3497282674960945e+02  1.8856987702176676e+02   0.0000000000000000e+00   -2.1961543768405658e+00  7.6951208618488764e+01   4.4265338488604635e+02   1.3780367889394743e+03   1.0627593951414110e+03   0.0000000000000000e+00   -2.3310849709339925e+02  1.8714365993597417e+02   -2.4379024866771712e+02  1.9531522795815138e+02   -1.1358440225716226e-01  1.0787621266765017e+00   1.4973236572277278e+01   1.6570132519615469e-01   -1.8000392567817027e+00  4.7395172500640181e-02
-2.3735818127766063e+02  1.8539578309492782e+02   0.0000000000000000e+00   -2.1876360732075666e+00  7.6983305107388887e+01   4.4245297464191952e+02   1.3820072786423812e+03   1.0587889054385041e+03   0.0000000000000000e+00   -2.3548510465225877e+02  1.8398815247252884e+02   -2.4623956441599731e+02  1.9207020671713207e+02   -1.1358785701006102e-01  -1.1941982345160240e+00  1.4999999999999996e+01   1.6468628311127723e-01   -1.7976291654093615e+00  4.7404811498992373e-02
-2.3971625916965317e+02  1.8220149260550394e+02   0.0000000000000000e+00   -2.1791786798610153e+00  7.7015211652294525e+01   4.4185889787866682e+02   1.3859776719573472e+03   1.0548185121235381e+03   0.0000000000000000e+00   -2.3783439217114216e+02  1.8081226736767672e+02   -2.4866142775295256e+02  1.8880496350029691e+02   -1.1359136412810486e-01  0.0000000000000000e+00   1.4999999999999998e+01   1.6330117752213252e-01   -1.7922801054434510e+00  4.7406267507993913e-02
-2.4204695470106503e+02  1.7898733510851136e+02   0.0000000000000000e+00   -2.1707977155041398e+00  7.7046994213340724e+01   4.4053135099960559e+02   1.3899479301448732e+03   1.0508482539360120e+03   0.0000000000000000e+00   -2.4015609206647881e+02  1.7761620594104917e+02   -2.5105554909868314e+02  1.8551977501740700e+02   -1.1359489252595610e-01  -2.3783261358990018e+00  1.4993311284890920e+01   1.6150418541816847e-01   -1.7834056078008504e+00  4.7462519824675073e-02
-2.4435021725928576e+02  1.7575366224248364e+02   0.0000000000000000e+00   -2.1625252905210437e+00  7.7078724237609450e+01   4.3916628980272196e+02   1.3939180256873742e+03   1.0468781583935111e+03   0.0000000000000000e+00   -2.4244995069443209e+02  1.7440015092244630e+02   -2.5342160126209717e+02  1.8221497728285883e+02   -1.1359837380415615e-01  0.0000000000000000e+00   1.5000000000000002e+01   1.5925587699513066e-01   -1.7703961435018105e+00  4.7534580030974924e-02
-2.4662609134402720e+02  1.7250084644770340e+02   0.0000000000000000e+00   -2.1543826687189052e+00  7.7110478985211515e+01   4.3776541901366153e+02   1.3978879644078547e+03   1.0429082196730305e+03   0.0000000000000000e+00   -2.4471574139507246e+02  1.7116424572515712e+02   -2.5575922633634468e+02  1.7889096090632580e+02   -1.1360173641418289e-01  -2.3859560414099770e+00  1.4990831503499862e+01   1.5655017226971402e-01   -1.7527968298802823e+00  4.7610545689899711e-02
-2.4887468390818077e+02  1.6922929151176638e+02   0.0000000000000000e+00   -2.1463932055647024e+00  7.7142334078411409e+01   4.3633047426490862e+02   1.4018577553618497e+03   1.0389384287190355e+03   0.0000000000000000e+00   -2.4695322836125331e+02  1.6790864407048011e+02   -2.5806810357232570e+02  1.7554807737987488e+02   -1.1360490880751423e-01  0.0000000000000000e+00   1.4999999999999996e+01   1.5340191110178916e-01   -1.7302708582045934e+00  4.7686765578674219e-02
-2.5109617761212232e+02  1.6593943035563095e+02   0.0000000000000000e+00   -2.1385780799451966e+00  7.7174359709336144e+01   4.3486322006455219e+02   1.4058274179045982e+03   1.0349687661762871e+03   0.0000000000000000e+00   -2.4916218056940292e+02  1.6463349005908373e+02   -2.6034790469248929e+02  1.7218670113217755e+02   -1.1360781943562809e-01  -2.3939866320183016e+00  1.4988581990146779e+01   1.4985489124523074e-01   -1.7026750554303949e+00  4.7766666578806828e-02
-2.5329083244500157e+02  1.6263172336339932e+02   0.0000000000000000e+00   -2.1309557760938902e+00  7.7206616037960544e+01   4.3336544777257353e+02   1.4097969815307338e+03   1.0309992025501515e+03   0.0000000000000000e+00   -2.5134236832394711e+02  1.6133892257723326e+02   -2.6259827212763309e+02  1.6880718495331425e+02   -1.1361039675000241e-01  0.0000000000000000e+00   1.5000000000000000e+01   1.4597658679471037e-01   -1.6701001202333994e+00  4.7846938479505587e-02
-2.5545898732680828e+02  1.5930665424666964e+02   0.0000000000000000e+00   -2.1235409383430515e+00  7.7239149881017653e+01   4.3183897358906069e+02   1.4137664878252913e+03   1.0270296962555940e+03   0.0000000000000000e+00   -2.5349356375394765e+02  1.5802507405548644e+02   -2.6481854061969085e+02  1.6540967359787405e+02   -1.1361256920211504e-01  -2.4024061428945269e+00  1.4986573579808617e+01   1.4184838544517664e-01   -1.6328825099934043e+00  4.7930654635868992e-02
-2.5760105828190302e+02  1.5596472436506335e+02   0.0000000000000000e+00   -2.1163440795454997e+00  7.7271993060836380e+01   4.3028563655870437e+02   1.4177359919895709e+03   1.0230601920913143e+03   0.0000000000000000e+00   -2.5561554044530811e+02  1.5469207046768469e+02   -2.6700881257502630e+02  1.6199479619119069e+02   -1.1361426524344390e-01  0.0000000000000000e+00   1.4999999999999996e+01   1.3755250006999165e-01   -1.5915728149506341e+00  4.8014863601894733e-02
-2.5971753426066101e+02  1.5260644567203474e+02   0.0000000000000000e+00   -2.1093718263426373e+00  7.7305162659442345e+01   4.2870729659571845e+02   1.4217055645545595e+03   1.0190906195263258e+03   0.0000000000000000e+00   -2.5770807360858220e+02  1.5134003046676517e+02   -2.6916881699104272e+02  1.5856289380983455e+02   -1.1361541332546693e-01  -2.4112020753559018e+00  1.4984816929872650e+01   1.3316029521539494e-01   -1.5468686000437240e+00  4.8102267523324943e-02
-2.6180897099205828e+02  1.4923233285123735e+02   0.0000000000000000e+00   -2.1026276555498109e+00  7.7338662757572990e+01   4.2710583253331794e+02   1.4256752931257477e+03   1.0151208909551376e+03   0.0000000000000000e+00   -2.5977094052726108e+02  1.4796906395651905e+02   -2.7129830745021854e+02  1.5511427808521248e+02   -1.1361594189966201e-01  0.0000000000000000e+00   1.4999999999999998e+01   1.2872576077768172e-01   -1.4995297515099608e+00  4.8190291189497934e-02
-2.6387598348390105e+02  1.4584289539524968e+02   0.0000000000000000e+00   -2.0961126424820544e+00  7.7372486871272997e+01   4.2548314020158466e+02   1.4296452839203826e+03   1.0111509001605027e+03   0.0000000000000000e+00   -2.6180392119251235e+02  1.4457927017844250e+02   -2.7339706383797869e+02  1.5164922529018577e+02   -1.1361577941750706e-01  -2.4203611835054657e+00  1.4983322490503655e+01   1.2428657118423317e-01   -1.4503017963154736e+00  4.8281248155638827e-02
-2.6591923844556982e+02  1.4243862941677799e+02   0.0000000000000000e+00   -2.0898263350649438e+00  7.7406620154341979e+01   4.2384113053756158e+02   1.4336156639639757e+03   1.0071805201169095e+03   0.0000000000000000e+00   -2.6380679951831866e+02  1.4117073456172736e+02   -2.7546489283795370e+02  1.4816797190145945e+02   -1.1361485433047999e-01  0.0000000000000000e+00   1.4999999999999998e+01   1.1987261663820548e-01   -1.3998696941865556e+00  4.8372956602337987e-02
-2.6793944454908666e+02  1.3902001186975139e+02   0.0000000000000000e+00   -2.0837656220659948e+00  7.7441040736266956e+01   4.2218172773118897e+02   1.4375865805626372e+03   1.0032096035182481e+03   0.0000000000000000e+00   -2.6577936294771587e+02  1.3774352803523203e+02   -2.7750162749978222e+02  1.4467071133940738e+02   -1.1361309509005872e-01  -2.4298694618952594e+00  1.4982100470456871e+01   1.1552004747996390e-01   -1.3488588033380671e+00  4.8467324451248968e-02
-2.6993734909177556e+02  1.3558748797798444e+02   0.0000000000000000e+00   -2.0779284410702417e+00  7.7475719980624973e+01   4.2050686741050538e+02   1.4415582103073702e+03   9.9923797377351502e+02   0.0000000000000000e+00   -2.6772140743041871e+02  1.3429769654428827e+02   -2.7950712770451150e+02  1.4115758880343569e+02   -1.1361043014772115e-01  0.0000000000000000e+00   1.5000000000000000e+01   1.1127764734965961e-01   -1.2978615950884853e+00  4.8562580078906736e-02
-2.7191370959390935e+02  1.3214148546880992e+02   0.0000000000000000e+00   -2.0722978119412661e+00  7.7510624083661952e+01   4.1881849486940837e+02   1.4455307326959330e+03   9.9526545138495226e+02   0.0000000000000000e+00   -2.6963272181216701e+02  1.3083328730421681e+02   -2.8148127702451569e+02  1.3762870212666476e+02   -1.1360678795494518e-01  2.2448033550035635e+00   1.4999999999999998e+01   1.0719558810448887e-01   -1.2474792343937766e+00  4.8645995171038833e-02
-2.7386935647947558e+02  1.2868233373226840e+02   0.0000000000000000e+00   -2.0669039584042728e+00  7.7545717903564423e+01   4.1993431499463856e+02   1.4495044319142237e+03   9.9129175216666158e+02   0.0000000000000000e+00   -2.7151314646327086e+02  1.2735023987490619e+02   -2.8342398794201586e+02  1.3408408730817018e+02   -1.1360209697317347e-01  0.0000000000000000e+00   1.4999999999999998e+01   1.0320099640507932e-01   -1.1980746088811436e+00  4.8662692460294074e-02
-2.7580630686619742e+02  1.2520949841594296e+02   0.0000000000000000e+00   -2.0621689622013299e+00  7.7580992624136783e+01   4.6177201961492557e+02   1.4534809079841805e+03   9.8731527609670479e+02   0.0000000000000000e+00   -2.7336335181771403e+02  1.2384695677636107e+02   -2.8533501324837869e+02  1.3052406989163663e+02   -1.1359631940979555e-01  2.4315645409350637e+00   1.3582392842512039e+01   9.8968412049511983e-02   -1.1495438454582816e+00  4.8596385004576144e-02
-2.7772699002669981e+02  1.2172293566082482e+02   0.0000000000000000e+00   -2.0576237814877403e+00  7.7616534886498954e+01   5.1288942804476835e+02   1.4574615038753020e+03   9.8333468020558325e+02   0.0000000000000000e+00   -2.7518452528895943e+02  1.2032233869730234e+02   -2.8721401488839331e+02  1.2694916280054105e+02   -1.1358952657615384e-01  3.1908368645863368e+00   1.2167711511790726e+01   9.4836004312712316e-02   -1.1038899781431379e+00  4.8518733607924941e-02
-2.7963206803880678e+02  1.1822326212063815e+02   0.0000000000000000e+00   -2.0532974044915937e+00  7.7652305037793624e+01   5.7669979724903033e+02   1.4614461038702948e+03   9.7935008021059048e+02   0.0000000000000000e+00   -2.7697737878281839e+02  1.1677815872099639e+02   -2.8906228382039586e+02  1.2335668286078275e+02   -1.1358181179243204e-01  3.1690958687992707e+00   1.0742399462050205e+01   9.0622060487736730e-02   -1.0602530966259613e+00  4.8432134159303863e-02
-2.8152219842620218e+02  1.1471118315955705e+02   0.0000000000000000e+00   -2.0491832578707503e+00  7.7688275806798643e+01   6.5855208537755243e+02   1.4654344984734182e+03   9.7536168560746705e+02   0.0000000000000000e+00   -2.7874306867732463e+02  1.1321551132328062e+02   -2.9087944404607458e+02  1.1974706489354830e+02   -1.1357326837881378e-01  3.1475084232315234e+00   9.3073495843754497e+00   8.6395071158062178e-02   -1.0179349444162957e+00  4.8346803821834893e-02
-2.8339794845951354e+02  1.1118749805336357e+02   0.0000000000000000e+00   -2.0452858710736641e+00  7.7724415912951287e+01   7.6732564063918642e+02   1.4694263395167311e+03   9.7136984456415416e+02   0.0000000000000000e+00   -2.8048270486666820e+02  1.0963563740134931e+02   -2.9266516230135505e+02  1.1612067912620806e+02   -1.1356398965548277e-01  3.1260732444047590e+00   7.8630644762141486e+00   8.2227048526845384e-02   -9.7657770106262964e-01  4.8261858170826823e-02
-2.8525982037800441e+02  1.0765309805241409e+02   0.0000000000000000e+00   -2.0415875134888704e+00  7.7760693617846997e+01   9.1891239116276847e+02   1.4734211549577217e+03   9.6737502912316359e+02   0.0000000000000000e+00   -2.8219730658434833e+02  1.0603980911203742e+02   -2.9441904259915094e+02  1.1247804674078809e+02   -1.1355406894262264e-01  3.1047894448211699e+00   6.4097006410319883e+00   7.8164277979721211e-02   -9.3611833297671476e-01  4.8176528683682475e-02
-2.8710832749538628e+02  1.0410888085363317e+02   0.0000000000000000e+00   -2.0381331728452006e+00  7.7797073297245120e+01   1.1448334620626670e+03   1.4774184608148141e+03   9.6337772326607114e+02   0.0000000000000000e+00   -2.8388810410795651e+02  1.0242935459512086e+02   -2.9614079998617950e+02  1.0881981947571599e+02   -1.1354359956041710e-01  3.0836564718790305e+00   4.9471135265067607e+00   7.4219367132045883e-02   -8.9653484907420067e-01  4.8090161096250569e-02
-2.8894352252825900e+02  1.0055605954016409e+02   0.0000000000000000e+00   -2.0346025412467057e+00  7.7833525068808299e+01   1.2937545283481807e+03   1.4814172706495176e+03   9.5937891343136766e+02   0.0000000000000000e+00   -2.8555596753973504e+02  9.8806232138219087e+01   -2.9783115624852167e+02  1.0514692967359390e+02   -1.1353273436780131e-01  3.0626740492223354e+00   4.2687743690732489e+00   7.0597253260823195e-02   -8.5831871351765421e-01  4.8002466855265324e-02
-2.9076490848831435e+02  9.6995461882537882e+01   0.0000000000000000e+00   -2.0311628694347599e+00  7.7869949412190522e+01   1.4009698774788480e+03   1.4854166834182849e+03   9.5537950066260032e+02   0.0000000000000000e+00   -2.8720164267129462e+02  9.5172711053849270e+01   -2.9949285554752208e+02  1.0146015061244779e+02   -1.1352217388723555e-01  3.0418420105628505e+00   3.8745132007695213e+00   6.7186774496159576e-02   -8.2075247908615767e-01  4.7915406066160474e-02
-2.9257284851286715e+02  9.3427518076289459e+01   0.0000000000000000e+00   -2.0279159437019358e+00  7.7906298416014337e+01   1.5276725950679013e+03   1.4894165421829073e+03   9.5137964189797799e+02   0.0000000000000000e+00   -2.8882671030523596e+02  9.1529283807234563e+01   -3.0112796132536732e+02  9.7762544553218959e+01   -1.1351291362235176e-01  3.0211593253319058e+00   3.4769157613082520e+00   6.4005393181460271e-02   -7.8397170167258146e-01  4.7830074621474282e-02
-2.9436799654095722e+02  8.9852630812735924e+01   0.0000000000000000e+00   -2.0248209810628315e+00  7.7942551628119844e+01   1.6796758419363057e+03   1.4934168390956218e+03   9.4737934498526351e+02   0.0000000000000000e+00   -2.9043271238820614e+02  8.7876507632906481e+01   -3.0273900848176697e+02  9.4056177518073326e+01   -1.1350595193026027e-01  3.0006244931297332e+00   3.0760761190377881e+00   6.1067634868843805e-02   -7.4857506782797678e-01  4.7746365846369064e-02
-2.9615090955988700e+02  8.6271190587023526e+01   0.0000000000000000e+00   -2.0218747987463361e+00  7.7978683742120566e+01   1.8653659586008655e+03   1.4974175256521294e+03   9.4337865842875590e+02   0.0000000000000000e+00   -2.9202104459891427e+02  8.4215260698126528e+01   -3.0432886527712469e+02  9.0342341520051860e+01   -1.1350228716807124e-01  2.9802360705188242e+00   2.6720774223804127e+00   5.8310753630432435e-02   -7.1481825579433456e-01  4.7664170262303691e-02
-2.9792214013392618e+02  8.2683572876379657e+01   0.0000000000000000e+00   -2.0190680607517835e+00  7.8014674627197252e+01   2.0973027245561543e+03   1.5014185578419695e+03   9.3937762623891581e+02   0.0000000000000000e+00   -2.9359314698333253e+02  8.0546320347943038e+01   -3.0590033046151001e+02  8.6622458168364673e+01   -1.1350291769289503e-01  2.9599926711074325e+00   2.2649927375460726e+00   5.5691246907678703e-02   -6.8274625969226665e-01  4.7583387627016034e-02
-2.9968220783456559e+02  7.9090138225498308e+01   0.0000000000000000e+00   -2.0163918765040867e+00  7.8050506738767439e+01   2.3951834992535082e+03   1.5054198839847613e+03   9.3537630009612394e+02   0.0000000000000000e+00   -2.9515045181625783e+02  7.6870479829026465e+01   -3.0745622795824289e+02  8.2897860656306747e+01   -1.1350884186184190e-01  2.9398929605106363e+00   1.8548859198996013e+00   5.3183431072800429e-02   -6.5227498543191387e-01  4.7503926823428244e-02
-3.0143161808164029e+02  7.5491228404818358e+01   0.0000000000000000e+00   -2.0138518681000281e+00  7.8086164289053414e+01   2.7917519346609638e+03   1.5094214571891343e+03   9.3137472689175092e+02   0.0000000000000000e+00   -2.9669440619802612e+02  7.3188495792809491e+01   -3.0899937342172944e+02  7.9169872605134813e+01   -1.1352105803202207e-01  2.9199356514888373e+00   1.4418125159469901e+00   5.0775727870419486e-02   -6.2327295317932174e-01  4.7425705750857632e-02
-3.0317081188773977e+02  7.1887177330437794e+01   0.0000000000000000e+00   -2.0113930167094889e+00  7.8121635039700806e+01   3.1668601274112657e+03   1.5134232042128626e+03   9.2737297986802264e+02   0.0000000000000000e+00   -2.9822643113473663e+02  6.9501185510913274e+01   -3.1053260648845139e+02  7.5439731749643627e+01   -1.1354049313178705e-01  2.9001194992599384e+00   1.1465451880955198e+00   4.8493863136567429e-02   -5.9569040686013974e-01  4.7348648257327444e-02
-3.0490006648912214e+02  6.8278258343262053e+01   0.0000000000000000e+00   -2.0089993397465036e+00  7.8156896893957480e+01   3.4038498424735071e+03   1.5174250310122632e+03   9.2337115306862211e+02   0.0000000000000000e+00   -2.9974788048941429e+02  6.5809529790797384e+01   -3.1205884153867720e+02  7.1708466873487907e+01   -1.1356599538329942e-01  2.8804432982150430e+00   9.9585757276210796e-01   4.6344163416690481e-02   -5.6939719407457245e-01  4.7272608234220435e-02
-3.0661970240278208e+02  6.4664704429183558e+01   0.0000000000000000e+00   -2.0067235493143882e+00  7.8191927719417862e+01   3.6791545375285150e+03   1.5214268955234006e+03   9.1936928855748465e+02   0.0000000000000000e+00   -3.0126023158099201e+02  6.2114212940055452e+01   -3.1358085865526078e+02  6.7977413904950026e+01   -1.1359405878089240e-01  2.8609059101084768e+00   8.4410192166530829e-01   4.4317670110989228e-02   -5.4428404856660961e-01  4.7197451888099894e-02
-3.0833015941524201e+02  6.1046767750595926e+01   0.0000000000000000e+00   -2.0045461919358929e+00  7.8226719498625243e+01   4.0028803686937044e+03   1.5254287862017854e+03   9.1536739787909983e+02   0.0000000000000000e+00   -3.0276503485362969e+02  5.8415735983799301e+01   -3.1510138984946633e+02  6.4248011887273961e+01   -1.1362105051806361e-01  2.8415062574626266e+00   6.9132559232523771e-01   4.2430511772221340e-02   -5.2044650116979274e-01  4.7123145462782658e-02
-3.1003182831800018e+02  5.7424679376219011e+01   0.0000000000000000e+00   -2.0024636537391189e+00  7.8261262207621911e+01   4.3890321296003776e+03   1.5294306859064770e+03   9.1136549817440823e+02   0.0000000000000000e+00   -3.0426375047817356e+02  5.4714817640609127e+01   -3.1662329558930713e+02  6.0521372145638480e+01   -1.1364333778831059e-01  2.8222432812654539e+00   5.3757517186053971e-01   4.0675153672568264e-02   -4.9793242107763258e-01  4.7049661966378428e-02
-3.1172508555712517e+02  5.3798659459867338e+01   0.0000000000000000e+00   -2.0004683743824523e+00  7.8295547555133879e+01   4.8575936959317742e+03   1.5334325780229174e+03   9.0736360605796790e+02   0.0000000000000000e+00   -3.0575786181641661e+02  5.1012120767438034e+01   -3.1814941340212005e+02  5.6798653911358045e+01   -1.1365728778513090e-01  2.8031159379744870e+00   3.8289652378182248e-01   3.9048051840313194e-02   -4.7676581288780201e-01  4.6976975884065957e-02
-3.1341028316782689e+02  5.0168914078434000e+01   0.0000000000000000e+00   -1.9985537599977661e+00  7.8329567936737135e+01   5.4380998775139105e+03   1.5374344454021732e+03   9.0336173867871207e+02   0.0000000000000000e+00   -3.0724884908798327e+02  4.7308318389557229e+01   -3.1968227647812245e+02  5.3080839580126742e+01   -1.1365926770202217e-01  2.7841231987428006e+00   2.2733483602482019e-01   3.7549187493537126e-02   -4.5695411526014690e-01  4.6905063156855650e-02
-3.1508775136344457e+02  4.6535636412131929e+01   0.0000000000000000e+00   -1.9967137793283474e+00  7.8363316486081530e+01   6.1761162648958343e+03   1.5414362707541543e+03   8.9935991332673098e+02   0.0000000000000000e+00   -3.0873819747778708e+02  4.3604075524744047e+01   -3.2122278785837170e+02  4.9368155570974103e+01   -1.1364564473248190e-01  2.7652640486791764e+00   7.0934670195758498e-02   3.6182584696364761e-02   -4.3850664032458658e-01  4.6833901161006490e-02
-3.1675779552953850e+02  4.2899005151441358e+01   0.0000000000000000e+00   -1.9949385066312233e+00  7.8396787038727652e+01   7.1458228080089684e+03   1.5454380371694933e+03   8.9535814691139194e+02   0.0000000000000000e+00   -3.1022727698596231e+02  3.9900005909160008e+01   -3.2276966513085188e+02  4.5659826096780826e+01   -1.1361278607000777e-01  2.7465374861243288e+00   -8.6259988010749078e-02  3.4956853910512710e-02   -4.2144858315403044e-01  4.6763468688284210e-02
-3.1842070236232541e+02  3.9259189784598114e+01   0.0000000000000000e+00   -1.9932310680239713e+00  7.8429973212119265e+01   8.4766579857577108e+03   1.5494397261927982e+03   8.9135645788808711e+02   0.0000000000000000e+00   -3.1171685275285824e+02  3.6196430771294857e+01   -3.2432124636939568e+02  4.1954946013306724e+01   -1.1355705890809728e-01  2.7279425219605988e+00   -2.4420567723661912e-01  3.3885030871698543e-02   -4.0582296561835235e-01  4.6693745926830489e-02
-3.2007670665609146e+02  3.5616320907186370e+01   0.0000000000000000e+00   -1.9915353070975939e+00  7.8462870696909235e+01   8.9118927924622021e+03   1.5534413313556031e+03   8.8735485272528217e+02   0.0000000000000000e+00   -3.1320743216279510e+02  3.2493631499809553e+01   -3.2587589080970042e+02  3.8252560141122139e+01   -1.1347533784225475e-01  2.7094781789387308e+00   -2.8333786929930893e-01  3.3006085935505823e-02   -3.9175570557355577e-01  4.6624715524887152e-02
-3.2172590444776426e+02  3.1970429268556188e+01   0.0000000000000000e+00   -1.9898342609003539e+00  7.8495465131288924e+01   7.9989942668436906e+03   1.5574428784559996e+03   8.8335330562488571e+02   0.0000000000000000e+00   -3.1469944337430417e+02  2.8792050634686781e+01   -3.2743202368809341e+02  3.4551558984662670e+01   -1.1337825943368579e-01  2.6911434906063638e+00   -1.8526344215302470e-01  3.2353519645362573e-02   -3.7935578829856520e-01  4.6556391084851607e-02
-3.2336840687003144e+02  2.8321551979159196e+01   0.0000000000000000e+00   -1.9881693097111723e+00  7.8527740755623441e+01   7.2557213588288332e+03   1.5614443931292490e+03   8.7935179095163630e+02   0.0000000000000000e+00   -3.1619344002829530e+02  2.5091818698875141e+01   -3.2898794810286785e+02  3.0851127340266867e+01   -1.1329149553012932e-01  2.6729374891166926e+00   -8.6754778917265574e-02  3.1963259191549270e-02   -3.6880050856009428e-01  4.6488794960813269e-02
-3.2500439820923731e+02  2.4669774908153677e+01   0.0000000000000000e+00   -1.9865136199128213e+00  7.8559691882070496e+01   6.6388145196494670e+03   1.5654458857805328e+03   8.7535029830035251e+02   0.0000000000000000e+00   -3.1769002460025325e+02  2.1392945122725685e+01   -3.3054193671681327e+02  2.7150584898128990e+01   -1.1324148067080125e-01  2.6548592020752313e+00   1.1925251960235084e-02   3.1901594878369098e-02   -3.6046798157939747e-01  4.6421921161500429e-02
-3.2663399640720036e+02  2.1015152001430526e+01   0.0000000000000000e+00   -1.9848513746765859e+00  7.8591308480115643e+01   6.1185722466633324e+03   1.5694473678656045e+03   8.7134881621528075e+02   0.0000000000000000e+00   -3.1918968232228269e+02  1.7695728595109792e+01   -3.3209268893401634e+02  2.3449185753194421e+01   -1.1325464939491744e-01  2.6369076638558302e+00   1.1051371077458971e-01   3.2249061225510481e-02   -3.5482523298942886e-01  4.6355762628624196e-02
-3.2825727139290325e+02  1.7357718338224974e+01   0.0000000000000000e+00   -1.9831567261357226e+00  7.8622577768766902e+01   5.6739255072356927e+03   1.5734488479267766e+03   8.6734733615410869e+02   0.0000000000000000e+00   -3.2069291017247355e+02  1.4000435750853994e+01   -3.3363965151243514e+02  1.9746574518851638e+01   -1.1335743624169380e-01  2.6190819160368406e+00   2.0874758779915159e-01   3.3154218242042850e-02   -3.5254622715271933e-01  4.6290312858469504e-02
-3.2987422059783404e+02  1.3697478228107551e+01   0.0000000000000000e+00   -1.9813934144654244e+00  7.8653479805528534e+01   5.2895140354968762e+03   1.5774503329504944e+03   8.6334585113039088e+02   0.0000000000000000e+00   -3.2220017998648115e+02  1.0307390831700236e+01   -3.3518269391504180e+02  1.6042551625322464e+01   -1.1357627575034615e-01  2.6013810072070513e+00   3.0636381216304254e-01   3.4916913503433386e-02   -3.5476319854620991e-01  4.6225565894229118e-02
-3.3148473964021912e+02  1.0034392617913612e+01   0.0000000000000000e+00   -1.9794998054362756e+00  7.8683979786517327e+01   4.9538755090264949e+03   1.5814518286425443e+03   8.5934435543834093e+02   0.0000000000000000e+00   -3.2371193329938325e+02  6.6169861041671760e+00   -3.3672170899488270e+02  1.2336888318969908e+01   -1.1393760246009041e-01  2.5838039927736629e+00   4.0309926855783762e-01   3.8144956443466119e-02   -3.6360622609791060e-01  4.6161516318677022e-02
-3.3308856525018058e+02  6.3683574549539568e+00   0.0000000000000000e+00   -1.9773731261813750e+00  7.8714010629583413e+01   4.6582828793414255e+03   1.5854533371584948e+03   8.5534284692239044e+02   0.0000000000000000e+00   -3.2522855546009635e+02  2.9297420474280687e+00   -3.3825661655669671e+02  8.6292885891479241e+00   -1.1446785091014249e-01  2.5663499347782470e+00   4.9869082212554927e-01   4.3980841962402248e-02   -3.8315228284949238e-01  4.6098159247047882e-02
-3.3468516448056573e+02  2.6991472775245939e+00   0.0000000000000000e+00   -1.9748146286543582e+00  7.8743438256033400e+01   4.3959744319269003e+03   1.5894548659199331e+03   8.5134131816095214e+02   0.0000000000000000e+00   -3.2675032464591487e+02  -7.5357376068766724e-01  -3.3978739781755064e+02  4.9193040483702397e+00   -1.1519345563971820e-01  2.5490179017208940e+00   5.9287535210277342e-01   5.4326511229740956e-02   -4.2080552754584805e-01  4.6035490320114905e-02
-3.3627358546314713e+02  -9.7360860717097775e-01  0.0000000000000000e+00   -1.9715731226248296e+00  7.8771986241806303e+01   4.1616300576022004e+03   1.5934563927543390e+03   8.4733979132654622e+02   0.0000000000000000e+00   -3.2827737627213213e+02  -4.4318690684897177e+00  -3.4131408912144468e+02  1.2063461801812252e+00   -1.1614085118803354e-01  2.5318069683862747e+00   6.8538979507438613e-01   7.1815888108600109e-02   -4.8861423400651033e-01  4.5973505697567731e-02
-3.3785212851998807e+02  -4.6507172981478666e+00  0.0000000000000000e+00   -1.9670153497470213e+00  7.8799113271527517e+01   3.0700130315593078e+03   1.5974580082415589e+03   8.4333817583932637e+02   0.0000000000000000e+00   -3.2980952780821826e+02  -8.1033189423857550e+00  -3.4283697062163952e+02  -2.5107784085743408e+00  -1.1733633443458816e-01  2.5147162156811831e+00   1.3282132241718376e+00   9.9238731269122679e-02   -6.0371119612694890e-01  4.5912199257646488e-02
-3.3941739406115533e+02  -8.3341423445641443e+00  0.0000000000000000e+00   -1.9602636647879663e+00  7.8823762057480920e+01   1.5975747385204968e+03   1.6014602171675062e+03   8.3933596691337902e+02   0.0000000000000000e+00   -3.3134576540915845e+02  -1.1764167940540746e+01  -3.4435704139843369e+02  -6.2350471640926362e+00  -1.1878998932673346e-01  2.4977447315074417e+00   3.6092122691042388e+00   1.3775211312085894e-01   -7.8467394354896491e-01  4.5851260085158684e-02
-3.4096457005206793e+02  -1.2026160457105751e+01  0.0000000000000000e+00   -1.9514414042233930e+00  7.8844222538275574e+01   1.0796336164847719e+03   1.6054633098831689e+03   8.3533287419771636e+02   0.0000000000000000e+00   -3.3288499491841731e+02  -1.5411984763084901e+01  -3.4587487938883220e+02  -9.9684477151263575e+00  -1.2048064785510518e-01  -1.1632856922804907e+01  5.8577499277680563e+00   1.8378737376171689e-01   -1.0415196496997141e+00  4.5859373150517552e-02
-3.4248898497333323e+02  -1.5728486417772093e+01  0.0000000000000000e+00   -1.9403566300802089e+00  7.8858682427063300e+01   8.1526107101994580e+02   1.6094671902973671e+03   8.3132899378351817e+02   0.0000000000000000e+00   -3.3442491751910416e+02  -1.9048827436882206e+01  -3.4739004978418660e+02  -1.3710496535971275e+01  -1.2238358407472330e-01  -9.3238072444676039e+00  8.0069480975059957e+00   2.2795195526844306e-01   -1.3674256436274430e+00  4.6038677881735386e-02
-3.4398537706746981e+02  -1.9443055098280393e+01  0.0000000000000000e+00   -1.9274458382911774e+00  7.8866054508382689e+01   6.5489323931944375e+02   1.6134718388189740e+03   8.2732434526191128e+02   0.0000000000000000e+00   -3.3596147359615691e+02  -2.2675437307712233e+01  -3.4890269522332721e+02  -1.7462142468668617e+01  -1.2447407204060845e-01  -7.0032610814125551e+00  1.0126661557696204e+01   2.5878997832228023e-01   -1.7292527381479377e+00  4.6295005045336110e-02
-3.4544887379046349e+02  -2.3171512218782215e+01  0.0000000000000000e+00   -1.9136064520459555e+00  7.8867063637046002e+01   5.4728779871662891e+02   1.6174772370710375e+03   8.2331894700984776e+02   0.0000000000000000e+00   -3.3749157184082787e+02  -2.6294918215092967e+01  -3.5041249137329135e+02  -2.1223189405380868e+01  -1.2672738580778070e-01  -4.6739290506491713e+00  1.2232879570166341e+01   2.6859210837638559e-01   -2.0739585703391064e+00  4.6498472475051171e-02
-3.4687549294231735e+02  -2.6915123335971142e+01  0.0000000000000000e+00   -1.8997553544175956e+00  7.8864313231344056e+01   4.7013806615187929e+02   1.6214834655219845e+03   8.1931271855890077e+02   0.0000000000000000e+00   -3.3901265791221272e+02  -2.9911500547885630e+01  -3.5191899358234031e+02  -2.4993140955801607e+01  -1.2911879943126062e-01  -2.3385777544594517e+00  1.4340949210566620e+01   2.5760780737345446e-01   -2.3455762725907521e+00  4.6647654176068760e-02
-3.4826268842278483e+02  -3.0674208283119803e+01  0.0000000000000000e+00   -1.8871963989781473e+00  7.8860627639676039e+01   4.4926182276188729e+02   1.6254903384848958e+03   8.1530584559598947e+02   0.0000000000000000e+00   -3.4052264240943498e+02  -3.3530477029180858e+01  -3.5342129657347749e+02  -2.8770554066002020e+01  -1.3162585911590832e-01  0.0000000000000000e+00   1.4999999999999998e+01   2.3587408638921015e-01   -2.5078488121489175e+00  4.6741690719221705e-02
-3.4960996996881778e+02  -3.4447887582498304e+01  0.0000000000000000e+00   -1.8757366451594564e+00  7.8856475194980490e+01   4.5195073478918039e+02   1.6294973102864985e+03   8.1129887379438674e+02   0.0000000000000000e+00   -3.4201966364713633e+02  -3.7157783899766912e+01  -3.5491679853187622e+02  -3.2553240045240258e+01  -1.3425518368099082e-01  2.3388499768350113e+00   1.4918944534930173e+01   2.2154032113185609e-01   -2.5781315029844523e+00  4.6747124745300690e-02
-3.5091676416481863e+02  -3.8235563849249679e+01  0.0000000000000000e+00   -1.8645316695065239e+00  7.8849776327390501e+01   4.5456644986299324e+02   1.6335040798796263e+03   8.0729210420125901e+02   0.0000000000000000e+00   -3.4349978929361197e+02  -4.0794510029169672e+01  -3.5640193535366598e+02  -3.6343113341644759e+01  -1.3703349342319468e-01  2.3302417578360086e+00   1.4920152410410246e+01   2.2093235669040626e-01   -2.6090939678024503e+00  4.6633362457477685e-02
-3.5218222603925551e+02  -4.2036869321767156e+01  0.0000000000000000e+00   -1.8532343213148628e+00  7.8838646506115282e+01   4.5710498485923080e+02   1.6375104893758016e+03   8.0328569470508364e+02   0.0000000000000000e+00   -3.4495897032975927e+02  -4.4441504985951859e+01  -3.5787216048688441e+02  -4.0142679243233196e+01  -1.3998790962302715e-01  2.3217051694544883e+00   1.4921202166246683e+01   2.2529996649511280e-01   -2.6395409987304599e+00  4.6461891986571073e-02
-3.5340579050213421e+02  -4.5851279949685278e+01  0.0000000000000000e+00   -1.8417049409976736e+00  7.8822301320680623e+01   4.5956239350871533e+02   1.6415163399013697e+03   7.9927984417951552e+02   0.0000000000000000e+00   -3.4639353943676355e+02  -4.8100629074704287e+01  -3.5932243983442083e+02  -4.3953371578385436e+01  -1.4314555356099620e-01  -7.1076157551228105e+00  1.4310214932865653e+01   2.2977597552927759e-01   -2.6794462500683291e+00  4.6734658824781838e-02
-3.5458685443014889e+02  -4.9678265965804904e+01  0.0000000000000000e+00   -1.8299819048564749e+00  7.8799779250412712e+01   4.6193477278888150e+02   1.6455214284109577e+03   7.9527475566992757e+02   0.0000000000000000e+00   -3.4779948013948098e+02  -5.1772949068088685e+01  -3.6074780794461464e+02  -4.7776905488535974e+01  -1.4653354651760905e-01  -4.7434405241003192e+00  1.4073499596537086e+01   2.3415499747171253e-01   -2.7273432739597245e+00  4.7189995143940344e-02
-3.5572466716984258e+02  -5.3517342262034191e+01  0.0000000000000000e+00   -1.8178772510656962e+00  7.8769860269835803e+01   4.5407810253670164e+02   1.6495255668499829e+03   7.9127061723090242e+02   0.0000000000000000e+00   -3.4917263672493573e+02  -5.5459211382582311e+01  -3.6214326229498158e+02  -5.1615020260387077e+01  -1.5017841893304951e-01  -2.3731644803029073e+00  1.4222825721398815e+01   2.4038733615830107e-01   -2.7850444096710434e+00  4.7342543819509558e-02
-3.5681790038714064e+02  -5.7368160807677533e+01  0.0000000000000000e+00   -1.8052658212992061e+00  7.8731783436776666e+01   4.3050657289646466e+02   1.6535285610217090e+03   7.8726762305917623e+02   0.0000000000000000e+00   -3.5050856238096776e+02  -5.9159358654512701e+01  -3.6350394599454597e+02  -5.5470017058823181e+01  -1.5407870176322916e-01  0.0000000000000000e+00   1.5000000000000002e+01   2.4645544696261776e-01   -2.8528328749540650e+00  4.7431620993617626e-02
-3.5786509396599644e+02  -6.1230300675369406e+01  0.0000000000000000e+00   -1.7923770448513052e+00  7.8685225461350839e+01   4.0919237014289376e+02   1.6575301530485419e+03   7.8326603103234334e+02   0.0000000000000000e+00   -3.5180307508077703e+02  -6.2873976841685511e+01  -3.6482461090061287e+02  -5.9343273872732155e+01  -1.5819334202684043e-01  -1.2734298269709566e+01  1.2654771868039420e+01   2.5275830551674006e-01   -2.9260727323009093e+00  4.9842035494807153e-02
-3.5886523727831542e+02  -6.5103177886613679e+01  0.0000000000000000e+00   -1.7791871420082772e+00  7.8629780058264942e+01   3.8984009578898264e+02   1.6615300861153009e+03   7.7926609796558432e+02   0.0000000000000000e+00   -3.5305224156986179e+02  -6.6604343161223809e+01  -3.6609957794147715e+02  -6.3234960269930212e+01  -1.6247829159093699e-01  -2.5416559091865443e+00  1.4342655897791953e+01   2.5807682559191519e-01   -3.0036487329591925e+00  5.1600262623282281e-02
-3.5981722964186508e+02  -6.8986249744273849e+01  0.0000000000000000e+00   -1.7657310374370727e+00  7.8565180495592656e+01   3.7220706100849577e+02   1.6655281527120460e+03   7.7526803136883927e+02   0.0000000000000000e+00   -3.5425191730941464e+02  -7.0350668182941149e+01  -3.6732343062723817e+02  -6.7145993813071499e+01  -1.6688950232257133e-01  0.0000000000000000e+00   1.5000000000000002e+01   2.6330072663870852e-01   -3.0828231337446295e+00  5.0791447102454673e-02
-3.6071999142419219e+02  -7.2878986453826357e+01  0.0000000000000000e+00   -1.7520027994402805e+00  7.8491305833136195e+01   3.5609218057728316e+02   1.6695241979977664e+03   7.7127198608311892e+02   0.0000000000000000e+00   -3.5539876445401234e+02  -7.4113028389408200e+01  -3.6849063973865350e+02  -7.1076900968572303e+01  -1.7138292608879713e-01  -1.2830399775103459e+01  1.2920621295217753e+01   2.6866777137857106e-01   -3.1635178603163649e+00  5.3047666829419790e-02
-3.6157244948824047e+02  -7.6780878495607595e+01  0.0000000000000000e+00   -1.7380057087034169e+00  7.8408146119101986e+01   3.4132756317490401e+02   1.6735181241684256e+03   7.6727805991245964e+02   0.0000000000000000e+00   -3.5649004848860056e+02  -7.7891245894417580e+01  -3.6959566097447117e+02  -7.5028023404342719e+01  -1.7591451475666681e-01  0.0000000000000000e+00   1.5000000000000004e+01   2.7379220410450633e-01   -3.2455466210611714e+00  5.4170580523272061e-02
-3.6237355400082726e+02  -8.0691438451880785e+01  0.0000000000000000e+00   -1.7237553439630438e+00  7.8315779362379715e+01   3.2777206501538160e+02   1.6775098966583973e+03   7.6328628742248793e+02   0.0000000000000000e+00   -3.5752317526707060e+02  -8.1685071163005489e+01  -3.7063294525622808e+02  -7.8999446593960997e+01  -1.8044022019323400e-01  -1.1311449395807601e+01  1.3373133437143139e+01   2.7848533130712777e-01   -3.3277793903823247e+00  5.4784519105011621e-02
-3.6312227447538714e+02  -8.4610206740169204e+01  0.0000000000000000e+00   -1.7092628657116169e+00  7.8214346308365037e+01   3.1530629312896065e+02   1.6814995491803998e+03   7.5929663490048551e+02   0.0000000000000000e+00   -3.5849554958655347e+02  -8.5494189512199497e+01  -3.7159698337207385e+02  -8.2991027549134273e+01  -1.8491599426555161e-01  -8.4465292784010710e+00  1.3641379885549604e+01   2.8302823068182242e-01   -3.4092864216586225e+00  5.7034765502751550e-02
-3.6381760140018383e+02  -8.8536759831061971e+01  0.0000000000000000e+00   -1.6945316876575134e+00  7.8104017517881914e+01   3.0382869279078619e+02   1.6854871924327415e+03   7.5530899164814377e+02   0.0000000000000000e+00   -3.5940458438384059e+02  -8.9318231386397997e+01  -3.7248260022758512e+02  -8.7002333363736668e+01  -1.8929778884067230e-01  -5.5611420274696881e+00  1.3960254503963801e+01   2.8760226362585362e-01   -3.4900709810082495e+00  5.7506210365531114e-02
-3.6445854985242249e+02  -9.2470703128684249e+01  0.0000000000000000e+00   -1.6795689922981600e+00  7.7985089624805710e+01   2.9325245535641642e+02   1.6894730078809696e+03   7.5132317619991568e+02   0.0000000000000000e+00   -3.6024770596100348e+02  -9.3156766366162742e+01  -3.7328805816812837e+02  -9.1032131379975880e+01  -1.9354155578564974e-01  -7.3165011898746481e+00  1.4337727026171137e+01   2.9143793620434327e-01   -3.5694812785914629e+00  5.7855949642136473e-02
-3.6504420926154859e+02  -9.6411715808751993e+01  0.0000000000000000e+00   -1.6644560367741710e+00  7.7858044896898448e+01   2.8466520402013299e+02   1.6934572992719138e+03   7.4733888480897144e+02   0.0000000000000000e+00   -3.6102239018412047e+02  -9.7009383559584521e+01  -3.7401483041861189e+02  -9.5078624770270636e+01  -1.9760357548365715e-01  -5.8772001985830968e+00  1.4582374914810716e+01   2.9431546720208979e-01   -3.6448869986253376e+00  5.8191605574208771e-02
-3.6557381208668551e+02  -1.0035916948483656e+02  0.0000000000000000e+00   -1.6492402833631399e+00  7.7723319506622701e+01   2.7844963390789786e+02   1.6974401210953483e+03   7.4335606298553694e+02   0.0000000000000000e+00   -3.6172667425869633e+02  -1.0087531361965895e+02  -3.7466485442144017e+02  -9.9139486595815058e+01  -2.0145661862032385e-01  -2.9427172498412344e+00  1.4744840230545584e+01   2.9699615419467745e-01   -3.7155723483605096e+00  5.8542005772590090e-02
-3.6604656300110031e+02  -1.0431176673848786e+02  0.0000000000000000e+00   -1.6338551687201877e+00  7.7581279141744076e+01   2.7231033605715942e+02   1.7014208896739838e+03   7.3937529440690150e+02   0.0000000000000000e+00   -3.6235976955922308e+02  -1.0475272615303379e+02  -3.7523999163458723e+02  -1.0321218549755235e+02  -2.0509731822183383e-01  0.0000000000000000e+00   1.5000000000000000e+01   2.9953469285981704e-01   -3.7830627632820204e+00  5.8779624098301606e-02
-3.6646157700981399e+02  -1.0826810909598376e+02  0.0000000000000000e+00   -1.6183204641798896e+00  7.7432387957826961e+01   2.6625971070686649e+02   1.7053989396330899e+03   7.3539724444779540e+02   0.0000000000000000e+00   -3.6292171263175675e+02  -1.0863943522832841e+02  -3.7574211496305730e+02  -1.0729459545359191e+02  -2.0852417364360756e-01  -6.0640697591265278e+00  1.4576567968899701e+01   3.0202752460955667e-01   -3.8471402525113967e+00  5.9535063296929765e-02
-3.6681806931246945e+02  -1.1222683577008766e+02  0.0000000000000000e+00   -1.6026408427612813e+00  7.7277102637766077e+01   2.6030947125658520e+02   1.7093736853661039e+03   7.3142249871478134e+02   0.0000000000000000e+00   -3.6341267532718138e+02  -1.1253349921093739e+02  -3.7617301523364358e+02  -1.1138440170297402e+02  -2.1173568424106640e-01  -3.0361539194065510e+00  1.4738785640577284e+01   3.0427594994941104e-01   -3.9078437991087891e+00  6.0391101902035602e-02
-3.6711531687651109e+02  -1.1618661277011887e+02  0.0000000000000000e+00   -1.5868289399029718e+00  7.7115884970587487e+01   2.5447066842658879e+02   1.7133446033965226e+03   7.2745158068436263e+02   0.0000000000000000e+00   -3.6383286177837954e+02  -1.1643301598474130e+02  -3.7653445872723870e+02  -1.1547954846562158e+02  -2.1473034936963065e-01  0.0000000000000000e+00   1.5000000000000000e+01   3.0631966968002183e-01   -3.9647506901095051e+00  6.0638434547961348e-02
-3.6735266248524124e+02  -1.2014614659136832e+02  0.0000000000000000e+00   -1.5708932022230571e+00  7.6949197393133687e+01   2.4875371541390425e+02   1.7173112444213195e+03   7.2348493965956573e+02   0.0000000000000000e+00   -3.6418250910581133e+02  -1.2033617451323394e+02  -3.7682739820935956e+02  -1.1957820424776976e+02  -2.1750666838472155e-01  -6.2564076057475839e+00  1.4587944490761116e+01   3.0822954709627093e-01   -4.0176605353577388e+00  6.1405022317503617e-02
-3.6752950866047559e+02  -1.2410419025000674e+02  0.0000000000000000e+00   -1.5548403527786110e+00  7.6777495460345364e+01   2.4316841399846024e+02   1.7212732368712598e+03   7.1952294720962550e+02   0.0000000000000000e+00   -3.6446187941828236e+02  -1.2424125253261569e+02  -3.7705037714863630e+02  -1.2367879595872203e+02  -2.2006314064175933e-01  -3.1325869462018723e+00  1.4741170063826825e+01   3.1002110104625591e-01   -4.0665300773898947e+00  6.2286997265108765e-02
-3.6764531431365327e+02  -1.2805955174070289e+02  0.0000000000000000e+00   -1.5386763602099562e+00  7.6601219879236240e+01   2.3772398156817090e+02   1.7252302932862467e+03   7.1556589079463856e+02   0.0000000000000000e+00   -3.6467125284704224e+02  -1.2814662674801679e+02  -3.7720436252147044e+02  -1.2777968052689168e+02  -2.2239826549616531e-01  0.0000000000000000e+00   1.5000000000000000e+01   3.1169996266127020e-01   -4.1113504300127026e+00  6.2555784491787975e-02
-3.6769958926844311e+02  -1.3201110197466895e+02  0.0000000000000000e+00   -1.5224064844565934e+00  7.6420792800249743e+01   2.3242907904431854e+02   1.7291822162387186e+03   7.1161396784216663e+02   0.0000000000000000e+00   -3.6481091953574156e+02  -1.3205077815486717e+02  -3.7728896895987793e+02  -1.3187939084399892e+02  -2.2451054230336001e-01  -6.4528069911574590e+00  1.4618326187494020e+01   3.1328114070676549e-01   -4.1521408962403976e+00  6.3319600412356042e-02
-3.6769188836990054e+02  -1.3595778294697712e+02  0.0000000000000000e+00   -1.5060351180215850e+00  7.6236615280050430e+01   2.2729183969859400e+02   1.7331289047241476e+03   7.0766727935673771e+02   0.0000000000000000e+00   -3.6488117118521836e+02  -1.3595229857972700e+02  -3.7730385152328978e+02  -1.3597653813736582e+02  -2.2639847041876413e-01  -3.2313646005755441e+00  1.4752940222581936e+01   3.1477627745962672e-01   -4.1889668812054657e+00  6.4214536663367960e-02
-3.6762180480805870e+02  -1.3989861566081129e+02  0.0000000000000000e+00   -1.4895655231460923e+00  7.6049062208196247e+01   2.2231989886091384e+02   1.7370703605699064e+03   7.0372582351097890e+02   0.0000000000000000e+00   -3.6488229195825375e+02  -1.3984989630828667e+02  -3.7724869956332776e+02  -1.4006981985112299e+02  -2.2806054919779875e-01  0.0000000000000000e+00   1.4999999999999996e+01   3.1620674432018547e-01   -4.2219495411849080e+00  6.4518587884376949e-02
-3.6748896269476728e+02  -1.4383270834433634e+02  0.0000000000000000e+00   -1.4729995097448840e+00  7.5858475213001554e+01   2.1752042452275694e+02   1.7410066954476358e+03   6.9978948863324945e+02   0.0000000000000000e+00   -3.6481454876086957e+02  -1.4374240167711346e+02  -3.7712322976510700e+02  -1.4415802767476225e+02  -2.2949527799588429e-01  -6.6515170196001883e+00  1.4669476979477528e+01   3.1760333701597920e-01   -4.2513000081268864e+00  6.5263058099623350e-02
-3.6729300992110313e+02  -1.4775926270422102e+02  0.0000000000000000e+00   -1.4563388336072731e+00  7.5665170758459098e+01   2.1290014884405971e+02   1.7449381362306867e+03   6.9585804785019855e+02   0.0000000000000000e+00   -3.6467818090865899e+02  -1.4762877094205908e+02  -3.7692717858357020e+02  -1.4824005117633428e+02  -2.3070115616844195e-01  -3.3316661586865397e+00  1.4775012220721104e+01   3.1891137197191693e-01   -4.2772200340031592e+00  6.6155207145629655e-02
-3.6703361264505418e+02  -1.5167758667147163e+02  0.0000000000000000e+00   -1.4395908615221993e+00  7.5469462503455333e+01   2.0846540057317642e+02   1.7488650370009063e+03   6.9193114707997893e+02   0.0000000000000000e+00   -3.6447338872349047e+02  -1.5150809708437271e+02  -3.7666029404950820e+02  -1.5231488337143253e+02  -2.3167668307089206e-01  0.0000000000000000e+00   1.4999999999999998e+01   3.2002507377659739e-01   -4.2996467166515728e+00  6.6510446750658286e-02
-3.6671043902728428e+02  -1.5558708071394122e+02  0.0000000000000000e+00   -1.4227499763465352e+00  7.5271610225099238e+01   2.0422213838838920e+02   1.7527878656812502e+03   6.8800831839963507e+02   0.0000000000000000e+00   -3.6420032414656146e+02  -1.5537958508964584e+02  -3.7632232593672984e+02  -1.5638163577205776e+02  -2.3242035805865577e-01  -6.8504235969353386e+00  1.4742869830353341e+01   3.2122107077853912e-01   -4.3187701178334530e+00  6.7216323010330439e-02
-3.6632314730521159e+02  -1.5948732189691512e+02  0.0000000000000000e+00   -1.4058124669595340e+00  7.5071689709090165e+01   2.0017598516676944e+02   1.7567072886187950e+03   6.8408889546209025e+02   0.0000000000000000e+00   -3.6385909384114859e+02  -1.5924264279513494e+02  -3.7591301000344993e+02  -1.6043958978615612e+02  -2.3293068048715374e-01  0.0000000000000000e+00   1.5000000000000004e+01   3.2320963041925599e-01   -4.3362099383647985e+00  6.7897643622286563e-02
-3.6587137802920211e+02  -1.6337776914866041e+02  0.0000000000000000e+00   -1.3887131085052016e+00  7.4869892231693498e+01   1.9633226318105648e+02   1.7606238783723124e+03   6.8017230570857282e+02   0.0000000000000000e+00   -3.6344993825806296e+02  -1.6309658500156337e+02  -3.7543208137818840e+02  -1.6448798392619668e+02  -2.3320614971180673e-01  3.0271898201968424e+00   1.5000000000000000e+01   3.2388370185331239e-01   -4.3525821417038788e+00  6.8319614349083430e-02
-3.6535493116652458e+02  -1.6725925388406651e+02  0.0000000000000000e+00   -1.3719495980855836e+00  7.4667188238900820e+01   1.9772985207617097e+02   1.7645395700242636e+03   6.7625661405662163e+02   0.0000000000000000e+00   -3.6297309826058358e+02  -1.6694234161581133e+02  -3.7487920612951450e+02  -1.6852649625630778e+02  -2.3324683655741391e-01  0.0000000000000000e+00   1.5000000000000000e+01   3.2129455704621518e-01   -4.3591758375673697e+00  6.8553509236095406e-02
-3.6477445245661227e+02  -1.7113383383299220e+02  0.0000000000000000e+00   -1.3555434866767055e+00  7.4464066171935613e+01   2.0339550065677511e+02   1.7684573915252101e+03   6.7233879255567513e+02   0.0000000000000000e+00   -3.6242845285514886e+02  -1.7078236274707746e+02  -3.7425414320858675e+02  -1.7255405453578078e+02  -2.3308121799449416e-01  3.4231700296827343e+00   1.4655246038255259e+01   3.1761549002152001e-01   -4.3576140576727918e+00  6.8326650264446329e-02
-3.6413056763775745e+02  -1.7500166599040011e+02  0.0000000000000000e+00   -1.3391870240605002e+00  7.4260519822098900e+01   2.0926888163193485e+02   1.7723784517463532e+03   6.6841773233453205e+02   0.0000000000000000e+00   -3.6181448761591287e+02  -1.7461610407751758e+02  -3.7355663774620399e+02  -1.7657084045229232e+02  -2.3276244598097015e-01  3.3768168855380680e+00   1.4647617371339535e+01   3.1458759414768528e-01   -4.3540801797728275e+00  6.7746113459332444e-02
-3.6342350721828456e+02  -1.7886165887567145e+02  0.0000000000000000e+00   -1.3229308669702069e+00  7.4056752640574189e+01   2.1533983835886428e+02   1.7763026688034399e+03   6.6449351527744534e+02   0.0000000000000000e+00   -3.6113271475751452e+02  -1.7844203927367221e+02  -3.7278723351958729e+02  -1.8057687453622134e+02  -2.3234449307086857e-01  3.3307031390734694e+00   1.4641163817029678e+01   3.1181559262289771e-01   -4.3486213449427469e+00  6.6833758248180775e-02
-3.6265364601420788e+02  -1.8271277474333343e+02  0.0000000000000000e+00   -1.3067522830392084e+00  7.3852905451154811e+01   2.2159740567096145e+02   1.7802299808230916e+03   6.6056620325779363e+02   0.0000000000000000e+00   -3.6038395378165069e+02  -1.8225904962700736e+02  -3.7194760129442483e+02  -1.8457069225309831e+02  -2.3188133181821610e-01  3.2848303599728204e+00   1.4635796548163864e+01   3.0897806596033117e-01   -4.3419486381827666e+00  6.5924597230839918e-02
-3.6182139608782143e+02  -1.8655374762648589e+02  0.0000000000000000e+00   -1.2906759639930301e+00  7.3649270222855506e+01   2.2802975869580152e+02   1.7841600842096557e+03   6.5663609987122959e+02   0.0000000000000000e+00   -3.5956856092046883e+02  -1.8606561038646166e+02  -3.7103947237751328e+02  -1.8855109141070554e+02  -2.3142693477703943e-01  4.9212595767764462e+00   1.4113718705845855e+01   3.0551884723465000e-01   -4.3326838814757025e+00  6.5528606628434335e-02
-3.6092723872460266e+02  -1.9038318243766460e+02  0.0000000000000000e+00   -1.2747248067933390e+00  7.3446256329708490e+01   2.3462416306058066e+02   1.7880925247194748e+03   6.5270365936141047e+02   0.0000000000000000e+00   -3.5868695510965415e+02  -1.8986008537797397e+02  -3.7006463144399731e+02  -1.9251672625901861e+02  -2.3103527450136532e-01  3.3864399065985173e+00   1.3825592922790117e+01   3.0176900080805347e-01   -4.3189193061360331e+00  6.5410675022486806e-02
-3.5997166334870241e+02  -1.9419952431748169e+02  0.0000000000000000e+00   -1.2588082340667717e+00  7.3243661307943782e+01   2.4131184870950781e+02   1.7920266815087591e+03   6.4876950257212616e+02   0.0000000000000000e+00   -3.5773964797669180e+02  -1.9364064909212416e+02  -3.6902485982121527e+02  -1.9646635781792662e+02  -2.3076032354481793e-01  5.8252098794548788e+00   1.3576200267023680e+01   3.0155681301305920e-01   -4.3049169041210238e+00  6.5032359443376611e-02
-3.5895506025616913e+02  -1.9799834421797084e+02  0.0000000000000000e+00   -1.2421342570073886e+00  7.3040549605567733e+01   2.3020294771223661e+02   1.7959591761984059e+03   6.4483700788247938e+02   0.0000000000000000e+00   -3.5672805406938045e+02  -1.9740237456531932e+02  -3.6792216389757181e+02  -2.0039803294544711e+02  -2.3064099995049889e-01  -3.2503799264557403e+00  1.4343626685987667e+01   3.0450035108556389e-01   -4.3019771703968459e+00  6.4812782726139578e-02
-3.5787666609493380e+02  -2.0177514179604168e+02  0.0000000000000000e+00   -1.2252753394277018e+00  7.2837417170251925e+01   2.1992863915580170e+02   1.7998869152315785e+03   6.4090926884930673e+02   0.0000000000000000e+00   -3.5565384765525584e+02  -2.0114045741667405e+02  -3.6675821499693745e+02  -2.0431110256191866e+02  -2.3065654307509378e-01  0.0000000000000000e+00   1.5000000000000002e+01   3.0731377178460256e-01   -4.2982908060069702e+00  6.4896450412178758e-02
-3.5673624492432049e+02  -2.0552855568342358e+02  0.0000000000000000e+00   -1.2082472901627206e+00  7.2634458427378604e+01   2.1042182688441190e+02   1.8038097555617951e+03   6.3698642851909017e+02   0.0000000000000000e+00   -3.5451763856987338e+02  -2.0485446384815475e+02  -3.6553557052648029e+02  -2.0820210501875212e+02  -2.3077140623706804e-01  -1.0527571091082713e+01  1.3804186729242010e+01   3.0962449335418457e-01   -4.2927337879951057e+00  6.6863612201822450e-02
-3.5553350447188120e+02  -2.0925742065740826e+02  0.0000000000000000e+00   -1.1910427851377072e+00  7.2431761303644478e+01   2.0162606951817514e+02   1.8077277931560691e+03   6.3306839092481619e+02   0.0000000000000000e+00   -3.5332014690102369e+02  -2.0854350510810417e+02  -3.6425585469977227e+02  -2.1207080315653835e+02  -2.3095004275488709e-01  -7.0423442710816859e+00  1.4084880320993229e+01   3.1258893424013451e-01   -4.2851294022738902e+00  6.9264440905135893e-02
-3.5426806747980658e+02  -2.1296080291299930e+02  0.0000000000000000e+00   -1.1736251103784519e+00  7.2229219728641880e+01   1.9349368598462536e+02   1.8116414066924235e+03   6.2915477738846175e+02   0.0000000000000000e+00   -3.5206198483242844e+02  -2.1220698966961842e+02  -3.6292051239778107e+02  -2.1591732295749728e+02  -2.3115690594701616e-01  -3.5283273954083310e+00  1.4478227314853736e+01   3.1643067404309605e-01   -4.2780319053002360e+00  6.9977245197841029e-02
-3.5293951524610054e+02  -2.1663798947552459e+02  0.0000000000000000e+00   -1.1560351432925910e+00  7.2027130325041753e+01   1.8598425957287142e+02   1.8155512343169232e+03   6.2524494976396204e+02   0.0000000000000000e+00   -3.5074362769398476e+02  -2.1584462442245336e+02  -3.6153083920813356e+02  -2.1974199914328881e+02  -2.3135644913192072e-01  0.0000000000000000e+00   1.5000000000000002e+01   3.1763677919045780e-01   -4.2694864513649904e+00  7.0412126135937614e-02
-3.5154716395486463e+02  -2.2029118136775074e+02  0.0000000000000000e+00   -1.1390626126322445e+00  7.1826579713431983e+01   1.8947560059239450e+02   1.8194607679361204e+03   6.2133541614476485e+02   0.0000000000000000e+00   -3.4936429462292256e+02  -2.1945921824547500e+02  -3.6008763439810451e+02  -2.2354623486623012e+02  -2.3151931276587503e-01  3.5276999016781172e+00   1.4829405631249326e+01   3.1530828012737810e-01   -4.2490032801530413e+00  7.0399658396167755e-02
-3.5009143507718733e+02  -2.2392311371456421e+02  0.0000000000000000e+00   -1.1221629459026301e+00  7.1627394704997513e+01   1.9334756091981734e+02   1.8233735775580076e+03   6.1742260652287769e+02   0.0000000000000000e+00   -3.4792277794148038e+02  -2.2305388584444725e+02  -3.5859201960428868e+02  -2.2733026593866754e+02  -2.3164237497701920e-01  3.4947800754621601e+00   1.4797817611822898e+01   3.1300469113557017e-01   -4.2268331101466261e+00  6.9919839859558311e-02
-3.4857249668859498e+02  -2.2753348012387221e+02  0.0000000000000000e+00   -1.1053044938656824e+00  7.1429539289638328e+01   1.9738067568191821e+02   1.8272904537926872e+03   6.1350573028819804e+02   0.0000000000000000e+00   -3.4641931150158524e+02  -2.2662760097823602e+02  -3.5704371428951072e+02  -2.3109745567465748e+02  -2.3172946772158548e-01  3.4598042148451653e+00   1.4786755895775647e+01   3.1122032766806562e-01   -4.2041433341077514e+00  6.9256347270358135e-02
-3.4699054944571350e+02  -2.3112176262408329e+02  0.0000000000000000e+00   -1.0884773248892590e+00  7.1232978458581172e+01   2.0156563022936808e+02   1.8312119749746498e+03   6.0958420910623545e+02   0.0000000000000000e+00   -3.4485391762837310e+02  -2.3017979698667995e+02  -3.5544206581533786e+02  -2.3484773821778543e+02  -2.3178442300426272e-01  3.4248281557312961e+00   1.4777097870655147e+01   3.0940522044685564e-01   -4.1818870692787540e+00  6.8571553340563612e-02
-3.4534585095686634e+02  -2.3468730327420522e+02  0.0000000000000000e+00   -1.0716815117242824e+00  7.1037681086148552e+01   2.0589252812929891e+02   1.8351385655118575e+03   6.0565761856902782e+02   0.0000000000000000e+00   -3.4322664221274209e+02  -2.3370976304649989e+02  -3.5378320852391818e+02  -2.3857925420173672e+02  -2.3181107282973967e-01  3.3899050749164465e+00   1.4768813888584091e+01   3.0750731357225775e-01   -4.1598547501583756e+00  6.7886045664189557e-02
-3.4363871408556469e+02  -2.3822929786514425e+02  0.0000000000000000e+00   -1.0549174853946670e+00  7.0843633893499742e+01   2.1035085255710675e+02   1.8390704915004283e+03   6.0172569258045701e+02   0.0000000000000000e+00   -3.4153758225506289e+02  -2.3721661432562360e+02  -3.5206150091548653e+02  -2.4228883256721775e+02  -2.3181324920270510e-01  3.3550853170522892e+00   1.4761871660744404e+01   3.0562402839734087e-01   -4.1378258895071287e+00  6.7200896389704348e-02
-3.4186951431240828e+02  -2.4174681204056157e+02  0.0000000000000000e+00   -1.0381834353468273e+00  7.0650836250638051e+01   2.1492943020715637e+02   1.8430078730937717e+03   5.9778831098711362e+02   0.0000000000000000e+00   -3.3978688963823305e+02  -2.4069931687284594e+02  -3.5027131577051233e+02  -2.4597265577352087e+02  -2.3179478412784790e-01  3.3204163970797516e+00   1.4756237049383623e+01   3.0377069102508547e-01   -4.1157901430539772e+00  6.6517124797535784e-02
-3.4003869655876798e+02  -2.4523879314018123e+02  0.0000000000000000e+00   -1.0214781335918826e+00  7.0459297355527326e+01   2.1961639792384747e+02   1.8469506925985354e+03   5.9384549148234987e+02   0.0000000000000000e+00   -3.3797478003069131e+02  -2.4415669821645838e+02  -3.4840722670312425e+02  -2.4962634654413017e+02  -2.3175950960985672e-01  3.2859430381928179e+00   1.4751874791056807e+01   3.0194019818553247e-01   -4.0937347632912466e+00  6.5835696775064900e-02
-3.3814678037827150e+02  -2.4870408302177734e+02  0.0000000000000000e+00   -1.0048009537977569e+00  7.0269035914954316e+01   2.2439917227550103e+02   1.8508988036402257e+03   5.8989738044065962e+02   0.0000000000000000e+00   -3.3610154010067509e+02  -2.4758745979359139e+02  -3.4646406077190818e+02  -2.5324500106676336e+02  -2.3171125765342040e-01  3.2517072401770060e+00   1.4748749149838808e+01   3.0013704031494209e-01   -4.0716209547231248e+00  6.5157525034082869e-02
-3.3619436406624010e+02  -2.5214143033166033e+02  0.0000000000000000e+00   -9.8815159672901465e-01  7.0080080268465622e+01   2.2926442231872167e+02   1.8548519398615374e+03   5.8594424421934787e+02   0.0000000000000000e+00   -3.3416753403210765e+02  -2.5099018907972814e+02  -3.4443695974640383e+02  -2.5682323196781181e+02  -2.3165386026322771e-01  3.2177483732424115e+00   1.4746824501145955e+01   2.9836532928730725e-01   -4.0494100349983926e+00  6.4483469973652105e-02
-3.3418212808019342e+02  -2.5554950280223690e+02  0.0000000000000000e+00   -9.7153005980802232e-01  6.9892467707652727e+01   2.3419804582970798e+02   1.8588097235378193e+03   5.8198646054306596e+02   0.0000000000000000e+00   -3.3217320898536053e+02  -2.5436337212849708e+02  -3.4232236490716633e+02  -2.6035576136029107e+02  -2.3159114944396747e-01  3.1841032927470385e+00   1.4746065848335355e+01   2.9662946334789075e-01   -4.0270656274958494e+00  6.3814341093330298e-02
-3.3211083759950435e+02  -2.5892689895981226e+02  0.0000000000000000e+00   -9.5493611934791822e-01  6.9706241027952728e+01   2.3918514931145489e+02   1.8627716736965920e+03   5.7802451038429331e+02   0.0000000000000000e+00   -3.3011910004618062e+02  -2.5770540558392349e+02  -3.4012318323310450e+02  -2.6384071257970487e+02  -2.3152695720032840e-01  3.1508064706024888e+00   1.4746439275394367e+01   2.9494673024653922e-01   -4.0045755713011157e+00  6.3150898866710908e-02
-3.2998134441294786e+02  -2.6227216029104653e+02  0.0000000000000000e+00   -9.3836995607672491e-01  6.9521448531257974e+01   2.4421003212153366e+02   1.8667372145935999e+03   5.7405896948728537e+02   0.0000000000000000e+00   -3.2800583391334936e+02  -2.6101460946546916e+02  -3.3784669374673967e+02  -2.6727900614186575e+02  -2.3146511553699928e-01  3.1178901395696172e+00   1.4747912339857059e+01   2.9331264865345119e-01   -3.9819458949369158e+00  6.2493856991465702e-02
-3.2779459041214812e+02  -2.6558378178447805e+02  0.0000000000000000e+00   -9.2183410694973544e-01  6.9338161962445270e+01   2.4925617510374113e+02   1.8707056815489582e+03   5.7009050253192709e+02   0.0000000000000000e+00   -3.2583413290528438e+02  -2.6428923821872473e+02  -3.3550078390484634e+02  -2.7067239154393252e+02  -2.3140945645866901e-01  3.0853844470531944e+00   1.4750454410627944e+01   2.9163077244355046e-01   -3.9590312087588710e+00  6.1843884938732482e-02
-3.2555160532338198e+02  -2.6886022851266034e+02  0.0000000000000000e+00   -9.0533552910082937e-01  6.9156472582435654e+01   2.5430623414806448e+02   1.8746763345520603e+03   5.6611984952882494e+02   0.0000000000000000e+00   -3.2360481446738925e+02  -2.6752749728789217e+02  -3.3309318468878166e+02  -2.7402303183762768e+02  -2.3136381197002617e-01  3.0533176154635280e+00   1.4754036955694215e+01   2.8996368432621800e-01   -3.9355613364774253e+00  6.1201610732980929e-02
-3.2325350816197687e+02  -2.7209991889764984e+02  0.0000000000000000e+00   -8.8885109201730361e-01  6.8976384050772737e+01   2.5905305868657643e+02   1.8786483421494663e+03   5.6214784193141895e+02   0.0000000000000000e+00   -3.2131881202888155e+02  -2.7072752858768439e+02  -3.3063140519976230e+02  -2.7733348205486766e+02  -2.3133201310530541e-01  3.0217162402612363e+00   1.4777606463819625e+01   2.8882346332853265e-01   -3.9122190648179624e+00  6.0567626572554129e-02
-3.2090134503316949e+02  -2.7530124851857494e+02  0.0000000000000000e+00   -8.7228637142924303e-01  6.8797824405131848e+01   2.6116099674669817e+02   1.8826208958276857e+03   5.5817528825319960e+02   0.0000000000000000e+00   -3.1897715313200882e+02  -2.7388745681993942e+02  -3.2812247173512031e+02  -2.8060694021172429e+02  -2.3131650455024019e-01  2.9924637652194188e+00   1.4952605683094832e+01   2.8806547256022064e-01   -3.8902013976374534e+00  5.9962957993125912e-02
-3.1849560184270177e+02  -2.7846318951400315e+02  0.0000000000000000e+00   -8.5572863330344062e-01  6.8620874613965711e+01   2.6336248151270462e+02   1.8865939892266699e+03   5.5420219485421535e+02   0.0000000000000000e+00   -3.1658044338181435e+02  -2.7700605308020874e+02  -3.2557245734661325e+02  -2.8384757112108412e+02  -2.3131557947238940e-01  2.9791465361875646e+00   1.4946296228800858e+01   2.8727412122262602e-01   -3.8678614316600770e+00  5.9545225306078177e-02
-3.1603674780900218e+02  -2.8158508016620431e+02  0.0000000000000000e+00   -8.3917257141300117e-01  6.8445568536178840e+01   2.6565408660047302e+02   1.8905679248581746e+03   5.5022825922271068e+02   0.0000000000000000e+00   -3.1412897928227233e+02  -2.8008248931344417e+02  -3.2298339901301205e+02  -2.8705638048918030e+02  -2.3132675724144433e-01  2.9657621796560427e+00   1.4940362248695157e+01   2.8638706194427238e-01   -3.8452020091081467e+00  5.9284158312662184e-02
-3.1352526859537085e+02  -2.8466621692673453e+02  0.0000000000000000e+00   -8.2262189175100198e-01  6.8271951814092674e+01   2.6803230299758093e+02   1.8945429634212069e+03   5.4625322065967839e+02   0.0000000000000000e+00   -3.1162316166217988e+02  -2.8311578200738643e+02  -3.2035276677133231e+02  -2.9023140960811435e+02  -2.3134755722709663e-01  2.9523263300711955e+00   1.4934804909058784e+01   2.8549644522409506e-01   -3.8220230521585079e+00  5.9021686937151006e-02
-3.1096167429107066e+02  -2.8770588024479304e+02  0.0000000000000000e+00   -8.0607538801292222e-01  6.8100072883746805e+01   2.7049353449390907e+02   1.8985193397671017e+03   5.4227684431378361e+02   0.0000000000000000e+00   -3.0906340705693196e+02  -2.8610491771694774e+02  -3.1767808874191297e+02  -2.9337037661490302e+02  -2.3137549879903774e-01  2.9388543986078699e+00   1.4929624681717510e+01   2.8460777926567793e-01   -3.7983835236891634e+00  5.8758119926445827e-02
-3.0834649992338353e+02  -2.9070333160317006e+02  0.0000000000000000e+00   -7.8953356623456528e-01  6.7929984812382827e+01   2.7303409346391078e+02   1.9024972602815469e+03   5.3829892379933835e+02   0.0000000000000000e+00   -3.0645016219235134e+02  -2.8904884142676946e+02  -3.1495655507488317e+02  -2.9647037991669464e+02  -2.3140810132695913e-01  2.9253615499045824e+00   1.4924821384786242e+01   2.8369022033486929e-01   -3.7742892682618976e+00  5.8493762042663225e-02
-3.0568030761527319e+02  -2.9365781775255067e+02  0.0000000000000000e+00   -7.7299846341059730e-01  6.7761752938531728e+01   2.7565019702182377e+02   1.9064769047167583e+03   5.3431927936412694e+02   0.0000000000000000e+00   -3.0378390954841637e+02  -2.9194646705285993e+02  -3.1218548509035242e+02  -2.9952823083625555e+02  -2.3144288418055234e-01  2.9118626814592354e+00   1.4920394224135389e+01   2.8271059951392846e-01   -3.7496388518412300e+00  5.8228913580437788e-02
-3.0296368650281750e+02  -2.9656857263402435e+02  0.0000000000000000e+00   -7.5647201663676567e-01  6.7595448258366304e+01   2.7833796357065609e+02   1.9104584275722325e+03   5.3033775650865277e+02   0.0000000000000000e+00   -3.0106523850731060e+02  -2.9479674226166327e+02  -3.0936233538815350e+02  -3.0254046149479103e+02  -2.3147736672950886e-01  2.8983724056489981e+00   1.4916341835159509e+01   2.8172595129890216e-01   -3.7243466768967322e+00  5.7963869935880374e-02
-3.0019725261853802e+02  -2.9943481610674905e+02  0.0000000000000000e+00   -7.3994893094608860e-01  6.7431121031692982e+01   2.8109340976544246e+02   1.9144419571731048e+03   5.2635422690778046e+02   0.0000000000000000e+00   -2.9829506449773959e+02  -2.9759886681572516e+02  -3.0648479164172932e+02  -3.0550340768593924e+02  -2.3150906834352020e-01  2.8849050343015787e+00   1.4912662324454548e+01   2.8085472904374370e-01   -3.6986318794683584e+00  5.7698921226361881e-02
-2.9738165184132725e+02  -3.0225576818669356e+02  0.0000000000000000e+00   -7.2344032241703593e-01  6.7268861912764322e+01   2.8391244791069113e+02   1.9184276037171392e+03   5.2236858036374610e+02   0.0000000000000000e+00   -2.9547446811794390e+02  -3.0035220236151747e+02  -3.0355154515552726e+02  -3.0841395730811627e+02  -2.3153550839227777e-01  2.8714745657321283e+00   1.4909353311061526e+01   2.7976011103908355e-01   -3.6724041198265582e+00  5.7434351960131122e-02
-2.9451757854079511e+02  -3.0503063714061761e+02  0.0000000000000000e+00   -7.0696021413407995e-01  6.7108973526488711e+01   2.8679088381149313e+02   1.9224154369110270e+03   5.1838074716985830e+02   0.0000000000000000e+00   -2.9260454312948582e+02  -3.0305610294261328e+02  -3.0056338942153013e+02  -3.1127080408583254e+02  -2.3155420624547321e-01  -5.7512358401083148e+00  1.4839826507156721e+01   2.7755317820761449e-01   -3.6437804495394777e+00  5.7226153288779072e-02
-2.9160572674784277e+02  -3.0775869090485253e+02  0.0000000000000000e+00   -6.9058661351010209e-01  6.6951597583697009e+01   2.8972441509726383e+02   1.9264055695159257e+03   5.1439061456495961e+02   0.0000000000000000e+00   -2.8968632625113588e+02  -3.0570997403167280e+02  -2.9752166652249053e+02  -3.1407320716023042e+02  -2.3156268127279786e-01  -2.8796421195137349e+00  1.4507810415668382e+01   2.7685266969074557e-01   -3.6123545914676214e+00  5.7296397058401123e-02
-2.8864682409222564e+02  -3.1043871581225557e+02  0.0000000000000000e+00   -6.7373053598600063e-01  6.6795939644731519e+01   2.8012246872097131e+02   1.9303977667091663e+03   5.1039841737171901e+02   0.0000000000000000e+00   -2.8672130556913504e+02  -3.0831283188644778e+02  -2.9442737599541908e+02  -3.1682077977369300e+02  -2.3155874424478015e-01  0.0000000000000000e+00   1.4999999999999996e+01   2.7963964149259513e-01   -3.5883360126282766e+00  5.7524305273814878e-02
-2.8564136572260418e+02  -3.1306783598820124e+02  0.0000000000000000e+00   -6.5628411172584011e-01  6.6641723839580465e+01   2.6086063752400827e+02   1.9343908924160646e+03   5.0640529166482065e+02   0.0000000000000000e+00   -2.8371230610065163e+02  -3.1086264641971349e+02  -2.9128041251582044e+02  -3.1951406866193702e+02  -2.3154634780321048e-01  -1.4311641888749495e+01  1.1671331380116975e+01   2.8365228934410869e-01   -3.5709493109893771e+00  6.1717312921630824e-02
-2.8259003249899155e+02  -3.1564320178791149e+02  0.0000000000000000e+00   -6.3863845569017719e-01  6.6489296586421162e+01   2.4384673301821266e+02   1.9383837790214968e+03   5.0241240505938845e+02   0.0000000000000000e+00   -2.8066142719328224e+02  -3.1335816039875868e+02  -2.8808313355389680e+02  -3.2215151286021813e+02  -2.3153529040058415e-01  -1.0934904267448031e+01  1.2172713265838329e+01   2.8722828856864135e-01   -3.5530878441573766e+00  6.6993222620917753e-02
-2.7949378678080154e+02  -3.1816286130996087e+02  0.0000000000000000e+00   -6.2072677459917447e-01  6.6338684499598344e+01   2.2872304637464327e+02   1.9423756985665859e+03   4.9842048551429934e+02   0.0000000000000000e+00   -2.7756997972153539e+02  -3.1579881993145284e+02  -2.8483880712147436e+02  -3.2473100918812577e+02  -2.3153560263281311e-01  -7.5156239508073606e+00  1.2743514020254048e+01   2.9047764090258882e-01   -3.5351056095879887e+00  6.7954486210932905e-02
-2.7635341490739188e+02  -3.2062484748947054e+02  0.0000000000000000e+00   -6.0256914078119905e-01  6.6189966914425767e+01   2.1521302828503002e+02   1.9463661009838115e+03   4.9443008309707375e+02   0.0000000000000000e+00   -2.7443946196548694e+02  -3.1818351616283206e+02  -2.8154896992086617e+02  -3.2725200688088381e+02  -2.3155731509580912e-01  0.0000000000000000e+00   1.5000000000000000e+01   2.9413097553574991e-01   -3.5163476329099810e+00  6.7015578727157785e-02
-2.7316957303821727e+02  -3.2302740610552985e+02  0.0000000000000000e+00   -5.8413999067151656e-01  6.6043085240782617e+01   2.0309997952337650e+02   1.9503547269316173e+03   4.9044145714926799e+02   0.0000000000000000e+00   -2.7127079698522272e+02  -3.2051117084812500e+02  -2.7821527947010389e+02  -3.2971391576653190e+02  -2.3161045838548414e-01  -1.0708669616870040e+01  1.3869817742509021e+01   2.9839910925434798e-01   -3.4985287163542305e+00  6.7757474607543375e-02
-2.6994274251365550e+02  -3.2536894180327522e+02  0.0000000000000000e+00   -5.6542319476599767e-01  6.5898058721824668e+01   1.9221211581274682e+02   1.9543416085022261e+03   4.8645457557865916e+02   0.0000000000000000e+00   -2.6806568393163838e+02  -3.2278219929293226e+02  -2.7483904163234456e+02  -3.3211644835155630e+02  -2.3170506309775013e-01  0.0000000000000000e+00   1.5000000000000002e+01   3.0180295813866415e-01   -3.4815690206485352e+00  6.9712163630325064e-02
-2.6667324386554884e+02  -3.2764829484282888e+02  0.0000000000000000e+00   -5.4671394247556504e-01  6.5755241538355975e+01   1.8547456312395215e+02   1.9583272165723822e+03   4.8246896750850306e+02   0.0000000000000000e+00   -2.6482462863429413e+02  -3.2499664549559122e+02  -2.7142159217291055e+02  -3.3445931450597800e+02  -2.3184711762232083e-01  -9.4659637430762285e+00  1.4019989477520019e+01   3.0394725379996546e-01   -3.4612119890999407e+00  7.1108330688404039e-02
-2.6336180528102392e+02  -3.2986469343009725e+02  0.0000000000000000e+00   -5.2787758028512610e-01  6.5614619541396948e+01   1.7979848004136363e+02   1.9623119434383952e+03   4.7848424064249002e+02   0.0000000000000000e+00   -2.6154791490646329e+02  -3.2715462737567822e+02  -2.6796481863996161e+02  -3.3674188426094679e+02  -2.3201322283446141e-01  -5.7793031783968409e+00  1.4111004235701589e+01   3.0588303833121644e-01   -3.4399838882509690e+00  7.3264880077250905e-02
-2.6000904712361398e+02  -3.3201701689193527e+02  0.0000000000000000e+00   -5.0883660973153488e-01  6.5475884651099435e+01   1.7437422734332375e+02   1.9662960974949619e+03   4.7450008658592333e+02   0.0000000000000000e+00   -2.5823645310422796e+02  -3.2925577808947514e+02  -2.6446906722825969e+02  -3.3896456406743903e+02  -2.3216699618644687e-01  -2.0643307188813615e+00  1.4353593970447067e+01   3.0950966443934919e-01   -3.4208296336114041e+00  7.4005388855782658e-02
-2.5661537338704596e+02  -3.3410409382109879e+02  0.0000000000000000e+00   -4.8947994904543546e-01  6.5338706626964523e+01   1.6921096960743296e+02   1.9702801797655129e+03   4.7051600431537236e+02   0.0000000000000000e+00   -2.5489082563009467e+02  -3.3129990756977139e+02  -2.6093477943808665e+02  -3.4112762739006263e+02  -2.3227199781367283e-01  1.6603968167040448e+00   1.4761903497265655e+01   3.1252758764659222e-01   -3.4062202469144229e+00  7.4388121295873535e-02
-2.5318098360477006e+02  -3.3612528240575705e+02  0.0000000000000000e+00   -4.7039807291165986e-01  6.5203859982634370e+01   1.6845873237348147e+02   1.9742651812048293e+03   4.6653100287605594e+02   0.0000000000000000e+00   -2.5151077044324259e+02  -3.3328726765556854e+02  -2.5736282406534809e+02  -3.4323103703841809e+02  -2.3229238696567719e-01  0.0000000000000000e+00   1.4999999999999995e+01   3.1070367538906435e-01   -3.3857823695629170e+00  7.4306972872097712e-02
-2.4970639127710882e+02  -3.3808170118009934e+02  0.0000000000000000e+00   -4.5201512988688886e-01  6.5072060526023463e+01   1.7466375276067654e+02   1.9782527075387914e+03   4.6254347654209391e+02   0.0000000000000000e+00   -2.4809443671850784e+02  -3.3521887599394432e+02  -2.5375594082676537e+02  -3.4527368583095762e+02  -2.3221744811661657e-01  3.7065730285716110e+00   1.4557251579974698e+01   3.0661049735524809e-01   -3.3555998603561248e+00  7.3943530390281453e-02
-2.4619256281458541e+02  -3.3997465214015853e+02  0.0000000000000000e+00   -4.3370402031608069e-01  6.4942911071314455e+01   1.8134682072691382e+02   1.9822439797421407e+03   4.5855220433874456e+02   0.0000000000000000e+00   -2.4464116725907488e+02  -3.3709484279770476e+02  -2.5011494081931841e+02  -3.4725564555447062e+02  -2.3207020721358856e-01  3.6408056189037388e+00   1.4525943138093481e+01   3.0307284868382700e-01   -3.3264678489583615e+00  7.3111990345246347e-02
-2.4264034618865969e+02  -3.4180398498989831e+02  0.0000000000000000e+00   -4.1556275701619777e-01  6.4816394314623466e+01   1.8852412321989317e+02   1.9862395650099882e+03   4.5455661907089711e+02   0.0000000000000000e+00   -2.4115214484460455e+02  -3.3891418089665763e+02  -2.4643800818070324e+02  -3.4917832261779483e+02  -2.3187605966925895e-01  1.9241693604986791e+00   1.3970511891196320e+01   3.0002164367040607e-01   -3.2976144167513524e+00  7.2395681690995500e-02
-2.3905094365840594e+02  -3.4356964507513834e+02  0.0000000000000000e+00   -3.9755228274843285e-01  6.4692395778316140e+01   1.9621467029635917e+02   1.9902397357639438e+03   4.5055644831694144e+02   0.0000000000000000e+00   -2.3762770218283035e+02  -3.4067634381273888e+02  -2.4272635565891997e+02  -3.5104137377572602e+02  -2.3166040089629361e-01  5.5406097180202138e+00   1.3562556921571662e+01   2.9667777333123613e-01   -3.2701394742313767e+00  7.2068643894352705e-02
-2.3542579499961508e+02  -3.4527139740301197e+02  0.0000000000000000e+00   -3.7968985618973777e-01  6.4570833791368699e+01   2.0444078402074896e+02   1.9942444409695433e+03   4.4655174311134192e+02   0.0000000000000000e+00   -2.3406871027232032e+02  -3.4238047502938707e+02  -2.3898088853539912e+02  -3.5284461610941861e+02  -2.3144862630735860e-01  6.3543191208565659e+00   1.3605601616337275e+01   2.9331979821370591e-01   -3.2430335754083259e+00  7.1050935878764543e-02
-2.3176658830385767e+02  -3.4690892976954638e+02  0.0000000000000000e+00   -3.6196730951686884e-01  6.4451647247963763e+01   2.1322871000834249e+02   1.9982533442976026e+03   4.4254283978328272e+02   0.0000000000000000e+00   -2.3047627103297989e+02  -3.4402560502205466e+02  -2.3520290493855484e+02  -3.5458767438272184e+02  -2.3126613131511967e-01  6.1506707814902040e+00   1.3987158176954910e+01   2.9017840490627711e-01   -3.2164143481539931e+00  6.9149241679333256e-02
-2.2807524184528847e+02  -3.4848187329053860e+02  0.0000000000000000e+00   -3.4439337205107184e-01  6.4334856075872551e+01   2.2260938107135172e+02   2.0022658485028867e+03   4.3853033557799858e+02   0.0000000000000000e+00   -2.2685176751668416e+02  -3.4561065282408788e+02  -2.3139392396221390e+02  -3.5627007758137159e+02  -2.3113831133224277e-01  6.0221380042493813e+00   1.3932872608467338e+01   2.8678517103532464e-01   -3.1900375032834729e+00  6.7371138039748243e-02
-2.2435388883220674e+02  -3.4998984468532228e+02  0.0000000000000000e+00   -3.2699151520430397e-01  6.4220651289152528e+01   2.3261937148809830e+02   2.0062811250781001e+03   4.3451505900278516e+02   0.0000000000000000e+00   -2.2319682935589600e+02  -3.4713446773097274e+02  -2.2755484839849433e+02  -3.5788913280707476e+02  -2.3109056177139378e-01  5.8854002714793232e+00   1.3880101569989421e+01   2.8273982496049149e-01   -3.1622192841653791e+00  6.6036689082874647e-02
-2.2060486451059742e+02  -3.5143244034045466e+02  0.0000000000000000e+00   -3.0974911454658005e-01  6.4108943475727031e+01   2.4330209274086022e+02   2.0102981221640121e+03   4.3049806191687321e+02   0.0000000000000000e+00   -2.1951336281653920e+02  -3.4859584064355170e+02  -2.2368806485905537e+02  -3.5944507579630067e+02  -2.3114827804523863e-01  5.7400100547985726e+00   1.3828274109676137e+01   2.8069163263079477e-01   -3.1342877095178197e+00  6.4683496967445700e-02
-2.1683019227069957e+02  -3.5280903242423483e+02  0.0000000000000000e+00   -2.9224196692748233e-01  6.3999209158356230e+01   2.4598275034825576e+02   2.0143159768507549e+03   4.2648020723013042e+02   0.0000000000000000e+00   -2.1580341921511442e+02  -3.4999357837996234e+02  -2.1979459104577037e+02  -3.6093753606455783e+02  -2.3132758933317851e-01  2.0759066818088403e+00   1.4231204147792232e+01   2.8005053692745224e-01   -3.1124710784273004e+00  6.3424893451074799e-02
-2.1303080810234465e+02  -3.5411863885834839e+02  0.0000000000000000e+00   -2.7469804686652455e-01  6.3891594615772846e+01   2.4750450142258401e+02   2.0183347315174417e+03   4.2246145256344357e+02   0.0000000000000000e+00   -2.1206847997691648e+02  -3.5132676631612986e+02  -2.1587366797149954e+02  -3.6236624401541195e+02  -2.3159079683106013e-01  5.2181248525355883e+00   1.4296082240843893e+01   2.7961830631573020e-01   -3.0919181595293943e+00  6.2683353184596266e-02
-2.0920774351827328e+02  -3.5536082929880808e+02  0.0000000000000000e+00   -2.5717292856703095e-01  6.3786173206310679e+01   2.4904585214396923e+02   2.0223545399586924e+03   4.1844164412219288e+02   0.0000000000000000e+00   -2.0830902239219117e+02  -3.5259485332912521e+02  -2.1192704059939632e+02  -3.6372995534083668e+02  -2.3188081438587668e-01  3.0610598991091522e+00   1.4988800327167390e+01   2.7873075318394397e-01   -3.0714077236093762e+00  6.1769404837289696e-02
-2.0536210993542502e+02  -3.5653525989849436e+02  0.0000000000000000e+00   -2.3966789476252418e-01  6.3682988454890385e+01   2.5060237032540061e+02   2.0263755081116390e+03   4.1442067596924630e+02   0.0000000000000000e+00   -2.0452590110660381e+02  -3.5379712215306421e+02  -2.0795564790842514e+02  -3.6502771294767905e+02  -2.3214053007147623e-01  3.0508622391483144e+00   1.4987740389222727e+01   2.7779057418590308e-01   -3.0502502484025364e+00  6.0940728647384756e-02
-2.0149502906468200e+02  -3.5764158044695063e+02  0.0000000000000000e+00   -2.2218550515112032e-01  6.3582133266533994e+01   2.5216961162649162e+02   2.0303977288436231e+03   4.1039845523726217e+02   0.0000000000000000e+00   -2.0072008394259615e+02  -3.5493280362663796e+02  -2.0396024163523549e+02  -3.6625859148159606e+02  -2.3231283196170663e-01  3.0408625860316834e+00   1.4987560203452393e+01   2.7692315795048900e-01   -3.0285317402236300e+00  6.0742750531716495e-02
-1.9760765313952675e+02  -3.5867946866009112e+02  0.0000000000000000e+00   -2.0472461685635956e-01  6.3483687179447813e+01   2.5374312597083457e+02   2.0344212724964809e+03   4.0637491158440434e+02   0.0000000000000000e+00   -1.9689256035825429e+02  -3.5600111233329608e+02  -1.9994170734309910e+02  -3.6742159137051300e+02  -2.3234060813041596e-01  3.0311199344691491e+00   1.4988258717801534e+01   2.7602222770485579e-01   -3.0065308716609378e+00  6.0549101804234430e-02
-1.9370115904792064e+02  -3.5964862952959481e+02  0.0000000000000000e+00   -1.8728923239307840e-01  6.3387715082195832e+01   2.5531846451527079e+02   2.0384461909899080e+03   4.0234999309097725e+02   0.0000000000000000e+00   -1.9304436932176753e+02  -3.5700124119048587e+02  -1.9590098080949116e+02  -3.6851567212755123e+02  -2.3216674665145218e-01  3.0216923028661018e+00   1.4989834451246793e+01   2.7506119513586036e-01   -2.9842681669700410e+00  6.0360945846813951e-02
-1.8977674725891296e+02  -3.6054880237002681e+02  0.0000000000000000e+00   -1.6988668289339809e-01  6.3294303304285094e+01   2.5689118714756239e+02   2.0424725192219767e+03   3.9832366485890861e+02   0.0000000000000000e+00   -1.8917659507045173e+02  -3.5793236670588709e+02  -1.9183907099845089e+02  -3.6953975081089408e+02  -2.3173413559866338e-01  3.0126368207634586e+00   1.4992285517258482e+01   2.7392422169808028e-01   -2.9615851196576446e+00  6.0179428183252864e-02
-1.8583564506821483e+02  -3.6137976553163776e+02  0.0000000000000000e+00   -1.5252894027819719e-01  6.3203553525796721e+01   2.5845687048484081e+02   2.0465002712319049e+03   3.9429591284898038e+02   0.0000000000000000e+00   -1.8529037480905913e+02  -3.5879365111386380e+02  -1.8775706651376225e+02  -3.7049270653569005e+02  -2.3098566304589749e-01  3.0040098486989599e+00   1.4995609650537171e+01   2.7269513859065331e-01   -2.9382484443913839e+00  6.0005678432652851e-02
-1.8187908114931557e+02  -3.6214132796416936e+02  0.0000000000000000e+00   -1.3519654929350106e-01  6.3115487474459172e+01   2.5967236755007434e+02   2.0505294616447518e+03   3.9026672243613348e+02   0.0000000000000000e+00   -1.8138689246869768e+02  -3.5958424808228784e+02  -1.8365607719214074e+02  -3.7137339893660027e+02  -2.2986432198938833e-01  0.0000000000000000e+00   1.5000000000000002e+01   2.7176929432001823e-01   -2.9148936227875315e+00  5.9860168368990704e-02
-1.7790824744230909e+02  -3.6283325145962846e+02  0.0000000000000000e+00   -1.1784275221122717e-01  6.3030107448273263e+01   2.5942712260532517e+02   2.0545601288912840e+03   3.8623605518960130e+02   0.0000000000000000e+00   -1.7746740024063817e+02  -3.6030330278824687e+02  -1.7953705435345816e+02  -3.7218070306004631e+02  -2.2833695326981163e-01  -3.5718063843593115e+00  1.4965513068860940e+01   2.7088565194908165e-01   -2.8922006877666302e+00  5.9860089858463646e-02
-1.7392448453444476e+02  -3.6345524113337450e+02  0.0000000000000000e+00   -1.0052116797038219e-01  6.2947524698957942e+01   2.5909370702597323e+02   2.0585921554363754e+03   3.8220402864450989e+02   0.0000000000000000e+00   -1.7353332895112479e+02  -3.6094994053143813e+02  -1.7540120495865011e+02  -3.7291344325400479e+02  -2.2642441572391697e-01  -5.6598178456078119e-01  1.4895588101037681e+01   2.6993500453342317e-01   -2.8692708642573979e+00  6.0019831751631149e-02
-1.6992925012666595e+02  -3.6400713853128656e+02  0.0000000000000000e+00   -8.3233896337176982e-02  6.2867806445364820e+01   2.5867360697437277e+02   2.0626253289648666e+03   3.7817085511601863e+02   0.0000000000000000e+00   -1.6958615579252185e+02  -3.6152344809521577e+02  -1.7125034503260875e+02  -3.7357066219371393e+02  -2.2415500443172365e-01  -2.3556853682479124e+00  1.4927545369498866e+01   2.6883899031037167e-01   -2.8461208398028730e+00  6.0136861756525793e-02
-1.6592398673484720e+02  -3.6448883323761163e+02  0.0000000000000000e+00   -6.5990291275101434e-02  6.2791030468863084e+01   2.5816860022283055e+02   2.0666594539787880e+03   3.7413673010209732e+02   0.0000000000000000e+00   -1.6562751644956035e+02  -3.6202370010488403e+02  -1.6708612485665094e+02  -3.7415194394731566e+02  -2.2155701447325077e-01  6.5853035591511122e-01   1.4912837279584220e+01   2.6769322790612288e-01   -2.8225936302097376e+00  6.0219969006737699e-02
-1.6191013265338353e+02  -3.6490027533678153e+02  0.0000000000000000e+00   -4.8795125902576626e-02  6.2717280241275610e+01   2.5758074864953960e+02   2.0706943404937042e+03   3.7010184358718107e+02   0.0000000000000000e+00   -1.6165906957027974e+02  -3.6245101070670586e+02  -1.6291025727422496e+02  -3.7465706565900632e+02  -2.1865874092851786e-01  0.0000000000000000e+00   1.5000000000000004e+01   2.6649298057464577e-01   -2.7987541172225479e+00  6.0268418175324488e-02
-1.5788911455057533e+02  -3.6524147158495248e+02  0.0000000000000000e+00   -3.1654512255401425e-02  6.2646638749274558e+01   2.5691238966411976e+02   2.0747298084297531e+03   3.6606637565113215e+02   0.0000000000000000e+00   -1.5768244038191290e+02  -3.6280580419989343e+02  -1.5872444155705017e+02  -3.7508585009968056e+02  -2.1548847887754399e-01  -2.4050767127934845e+00  1.5000000000000004e+01   2.6521973488624162e-01   -2.7746041061570264e+00  6.0317092682552635e-02
-1.5386234496059032e+02  -3.6551248503703113e+02  0.0000000000000000e+00   -1.4574775618311428e-02  6.2579191076673375e+01   2.5616612663348963e+02   2.0787656877170998e+03   3.6203049636378546e+02   0.0000000000000000e+00   -1.5369920694204285e+02  -3.6308854922491952e+02  -1.5453037207330649e+02  -3.7543815936108763e+02  -2.1207452340034855e-01  0.0000000000000000e+00   1.5000000000000002e+01   2.6387593628727846e-01   -2.7501073529499509e+00  6.0455554906494763e-02
-1.4983121846590032e+02  -3.6571343320557293e+02  0.0000000000000000e+00   2.4379053639098786e-03   6.2515027827605259e+01   2.5534481838612970e+02   2.0828018196503535e+03   3.5799436443053173e+02   0.0000000000000000e+00   -1.4971089860921091e+02  -3.6329975327179869e+02  -1.5032973278325233e+02  -3.7571389395743097e+02  -2.0844516957695050e-01  -3.0427904615798602e+00  1.4999281479548419e+01   2.6246464991272933e-01   -2.7252316009210826e+00  6.0607235734614295e-02
-1.4579710829713468e+02  -3.6584448674687053e+02  0.0000000000000000e+00   1.9377381861716364e-02   6.2454245948859288e+01   2.5445156787905165e+02   2.0868380579838054e+03   3.5395812609707991e+02   0.0000000000000000e+00   -1.4571899389785168e+02  -3.6343995735106483e+02  -1.4612419732438869e+02  -3.7591299125176272e+02  -2.0462871248736930e-01  0.0000000000000000e+00   1.4999999999999998e+01   2.6098330937482617e-01   -2.6999425704671678e+00  6.0770365013191600e-02
-1.4176136285085610e+02  -3.6590586788231815e+02  0.0000000000000000e+00   3.6237464011758889e-02   6.2396949394747175e+01   2.5348971011729199e+02   2.0908742701872143e+03   3.4992191389367099e+02   0.0000000000000000e+00   -1.4172491912011247e+02  -3.6350973070887574e+02  -1.4191539964167029e+02  -3.7603362574398619e+02  -2.0065344721162448e-01  -3.0613994662347737e+00  1.4988632789442883e+01   2.5943187470964019e-01   -2.6741975162890363e+00  6.0954623891580441e-02
-1.3772530224860449e+02  -3.6589784867255395e+02  0.0000000000000000e+00   5.3011982037539519e-02   6.2343250478890312e+01   2.5246279942012109e+02   2.0949103387561031e+03   3.4588584532478217e+02   0.0000000000000000e+00   -1.3773004730633855e+02  -3.6350966565464353e+02  -1.3770508012718864e+02  -3.7607562303440591e+02  -1.9654766882973482e-01  0.0000000000000000e+00   1.5000000000000000e+01   2.5780993751692199e-01   -2.6479510286824763e+00  6.1140429928920319e-02
-1.3369021490646921e+02  -3.6582074936499862e+02  0.0000000000000000e+00   6.9694466916245340e-02   6.2293272788067576e+01   2.5137459613170589e+02   2.0989461626077950e+03   3.4185002147309024e+02   0.0000000000000000e+00   -1.3373569729432953e+02  -3.6344037250605555e+02  -1.3349493405523296e+02  -3.7604101354077233e+02  -1.9233967242172009e-01  -3.0820342086366010e+00  1.4980139011204598e+01   2.5610817981926637e-01   -2.6211421789991642e+00  6.1344431622867138e-02
-1.2965735408838063e+02  -3.6567493653975475e+02  0.0000000000000000e+00   8.6278278320217477e-02   6.2247152517673236e+01   2.5022905287635444e+02   2.1029816585820317e+03   3.3781452549885353e+02   0.0000000000000000e+00   -1.2974313323764574e+02  -3.6330247465581851e+02  -1.2928657467643924e+02  -3.7592987646065296e+02  -1.8805775306759889e-01  0.0000000000000000e+00   1.5000000000000002e+01   2.5432739039693947e-01   -2.5936951123961682e+00  6.1550732036130942e-02
-1.2562793455738064e+02  -3.6546082052771334e+02  0.0000000000000000e+00   1.0275773606172406e-01   6.2205034391537154e+01   2.4903030046002905e+02   2.1070167629702000e+03   3.3377942111068523e+02   0.0000000000000000e+00   -1.2575356472678963e+02  -3.6309660379551696e+02  -1.2508159440265820e+02  -3.7574232011767532e+02  -1.8373020584739097e-01  -3.1044571254982740e+00  1.4973886552123760e+01   2.5249430639141829e-01   -2.5655781404399165e+00  6.1772092088121053e-02
-1.2160312899560050e+02  -3.6517885342856198e+02  0.0000000000000000e+00   1.1912690055720801e-01   6.2167077117397284e+01   2.4778263352025471e+02   2.1110514333724932e+03   3.2974475070839208e+02   0.0000000000000000e+00   -1.2176814608863324e+02  -3.6282339523565236e+02  -1.2088156471681586e+02  -3.7547848033955586e+02  -1.7938532584111574e-01  0.0000000000000000e+00   1.5000000000000002e+01   2.5057647327231553e-01   -2.5367614450289451e+00  6.1996535646576284e-02
-1.1758406508589181e+02  -3.6482952921859606e+02  0.0000000000000000e+00   1.3537546869821832e-01   6.2133473218114887e+01   2.4649049602615432e+02   2.1150856497913273e+03   3.2571053428955793e+02   0.0000000000000000e+00   -1.1778797591123990e+02  -3.6248348329456655e+02  -1.1668804056077904e+02  -3.7513851934397536e+02  -1.7505140812879186e-01  -3.1284121269301086e+00  1.4969951454334705e+01   2.4848447125825526e-01   -2.5070227651928962e+00  6.2232692608992106e-02
-1.1357181968099478e+02  -3.6441337847377383e+02  0.0000000000000000e+00   1.5149792440936777e-01   6.2104424906591539e+01   2.4515846672895222e+02   2.1191194190747065e+03   3.2167676500617881e+02   0.0000000000000000e+00   -1.1381409770154477e+02  -3.6207749685694665e+02  -1.1250254318499458e+02  -3.7472262280655480e+02  -1.7075674779043923e-01  0.0000000000000000e+00   1.5000000000000002e+01   2.4637557844416808e-01   -2.4762343440602992e+00  6.2472738233869396e-02
-1.0956742518938681e+02  -3.6393096314703627e+02  0.0000000000000000e+00   1.6749549010540499e-01   6.2080093625440860e+01   2.4379124466113518e+02   2.1231527675337279e+03   3.1764341654715736e+02   0.0000000000000000e+00   -1.0984751015899151e+02  -3.6160605627259656e+02  -1.0832656475793716e+02  -3.7423099799492218e+02  -1.6652963990607658e-01  -3.0355484133716368e+00  1.4963826260258552e+01   2.4449551001155775e-01   -2.4449105324147831e+00  6.2725248312185802e-02
-1.0557183202640314e+02  -3.6338287127170508e+02  0.0000000000000000e+00   1.8336810464757211e-01   6.2060737660847117e+01   2.4239363477940600e+02   2.1271857775049389e+03   3.1361040657594640e+02   0.0000000000000000e+00   -1.0588913033483881e+02  -3.6106976463963599e+02  -1.0416154554211413e+02  -3.7366386846960836e+02  -1.6239837955572367e-01  1.1814137084898857e-01   1.4999296780316229e+01   2.4197121940300365e-01   -2.4127482714937249e+00  6.2978850567050368e-02
-1.0158607724257342e+02  -3.6276983391334312e+02  0.0000000000000000e+00   1.9898316379317657e-01   6.2046773071698439e+01   2.4300904055040948e+02   2.1312184014645422e+03   3.0957778261634303e+02   0.0000000000000000e+00   -1.0193992759572554e+02  -3.6046922250916316e+02  -1.0000929237844807e+02  -3.7302153836419512e+02  -1.5839011415865759e-01  0.0000000000000000e+00   1.5000000000000002e+01   2.3897020504888206e-01   -2.3778723241428827e+00  6.3069687810091007e-02
-9.7611190342664344e+01  -3.6209288561634821e+02  0.0000000000000000e+00   2.1436246700366660e-01   6.2038475990672268e+01   2.4464480032168160e+02   2.1352505206175279e+03   3.0554566346335741e+02   0.0000000000000000e+00   -9.8000828978243987e+01  -3.5980501589994719e+02  -9.5872097032031306e+01  -3.7230444719179121e+02  -1.5451844123081546e-01  2.2365471551248715e+00   1.5000000000000000e+01   2.3583510702727034e-01   -2.3408428676231172e+00  6.2997318355153778e-02
-9.3647981588788838e+01  -3.6135295377798565e+02  0.0000000000000000e+00   2.2954993057308670e-01   6.2036141437701154e+01   2.4625807744634903e+02   2.1392822104310203e+03   3.0151397364986497e+02   0.0000000000000000e+00   -9.4072767744142794e+01  -3.5907772230105741e+02  -9.1751118956737955e+01  -3.7151289311088368e+02  -1.5078811645581969e-01  0.0000000000000000e+00   1.5000000000000004e+01   2.3269480412184648e-01   -2.3023123180644678e+00  6.2861464753148702e-02
-8.9697179310444255e+01  -3.6055088320222376e+02  0.0000000000000000e+00   2.4453035718127120e-01   6.2040151869902544e+01   2.4784341599300635e+02   2.1433136066967172e+03   2.9748257738416805e+02   0.0000000000000000e+00   -9.0156599211399381e+01  -3.5828789382664888e+02  -8.7647485006563102e+01  -3.7064717294329961e+02  -1.4720374359670932e-01  2.1874134849251954e+00   1.5000000000000002e+01   2.2950563144648350e-01   -2.2623508217946302e+00  6.2729246230603553e-02
-8.5759499499561457e+01  -3.5968758213965293e+02  0.0000000000000000e+00   2.5929736694062328e-01   6.2050890244105041e+01   2.4939542247250733e+02   2.1473448113575687e+03   2.9345137272331658e+02   0.0000000000000000e+00   -8.6253126320058797e+01  -3.5743605662965950e+02  -8.3562614752223070e+01  -3.6970798995737294e+02  -1.4376992641652442e-01  0.0000000000000000e+00   1.4999999999999998e+01   2.2612084944308494e-01   -2.2209162353112335e+00  6.2600822167027725e-02
-8.1835625198930217e+01  -3.5876398866504724e+02  0.0000000000000000e+00   2.7383893619245431e-01   6.2068767984331259e+01   2.5090878084653878e+02   2.1513759172149594e+03   2.8942026686592590e+02   0.0000000000000000e+00   -8.2363169585362940e+01  -3.5652272352266476e+02  -7.9497631381855342e+01  -3.6869692356129195e+02  -1.4049126867830428e-01  2.1046365573216983e+00   1.4999999999999996e+01   2.2261077594870407e-01   -2.1777985318671202e+00  6.2476341951707495e-02
-7.7926207011168572e+01  -3.5778108146136708e+02  0.0000000000000000e+00   2.8814710598536952e-01   6.2094228000256095e+01   2.5237826800695581e+02   2.1554070035620684e+03   2.8538918051881683e+02   0.0000000000000000e+00   -7.8487550726160720e+01  -3.5554839121272579e+02  -7.5453522952220524e+01  -3.6761594277527945e+02  -1.3737237414508877e-01  0.0000000000000000e+00   1.5000000000000004e+01   2.1901110973986682e-01   -2.1330450327381287e+00  6.2355944988742758e-02
-7.4031857754262106e+01  -3.5673987926824003e+02  0.0000000000000000e+00   3.0221422930378294e-01   6.2127722641627869e+01   2.5379876963662048e+02   2.1594381396478066e+03   2.8135804443307870e+02   0.0000000000000000e+00   -7.4627096574908180e+01  -3.5451354141170611e+02  -7.1431188888280417e+01  -3.6646701289564658e+02  -1.3441784657991718e-01  1.9903772215411348e+00   1.5000000000000005e+01   2.1531502893210611e-01   -2.0867830489121739e+00  6.2239760716841584e-02
-7.0153148879482316e+01  -3.5564144112974981e+02  0.0000000000000000e+00   3.1603409341546262e-01   6.2169690265944205e+01   2.5516529635670258e+02   2.1634693862142403e+03   2.7732679786664494e+02   0.0000000000000000e+00   -7.0782638857389628e+01  -3.5341864106633443e+02  -6.7431453001940724e+01  -3.6525205604264966e+02  -1.3163228974582930e-01  0.0000000000000000e+00   1.5000000000000000e+01   2.1156723245431538e-01   -2.0392075967699683e+00  6.2127908641197001e-02
-6.6290607171785766e+01  -3.5448686337359237e+02  0.0000000000000000e+00   3.2960345002788383e-01   6.2220536888811324e+01   2.5647300006016405e+02   2.1675007976592196e+03   2.7329538642166563e+02   0.0000000000000000e+00   -6.6955015181369646e+01  -3.5226414287316777e+02  -6.3455060244923281e+01  -3.6397294450648025e+02  -1.2902030740586487e-01  1.8470640378543353e+00   1.4999999999999996e+01   2.0781846671969212e-01   -1.9906650982951255e+00  6.2020498375411202e-02
-6.2444712212557441e+01  -3.5327727511906011e+02  0.0000000000000000e+00   3.4292168978097376e-01   6.2280611185624011e+01   2.5771719032663589e+02   2.1715324241030908e+03   2.6926375997779451e+02   0.0000000000000000e+00   -6.3145068985386672e+01  -3.5105048548862760e+02  -5.9502677887784671e+01  -3.6263149539784047e+02  -1.2658650332306318e-01  0.0000000000000000e+00   1.5000000000000004e+01   2.0410320149110739e-01   -1.9416060147212517e+00  6.1917629691344025e-02
-5.8615894905168020e+01  -3.5201383134384361e+02  0.0000000000000000e+00   3.5599093980391028e-01   6.2350179813629232e+01   2.5889335081010313e+02   2.1755643135046616e+03   2.6523187057622363e+02   0.0000000000000000e+00   -5.9353649801192041e+01  -3.4977809377489319e+02  -5.5575442044102211e+01  -3.6122780569324084e+02  -1.2433548126046412e-01  1.6773807296891188e+00   1.5000000000000002e+01   2.0046914548246633e-01   -1.8925444596405929e+00  6.1819392575136654e-02
-5.4804536493457931e+01  -3.5069770603257103e+02  0.0000000000000000e+00   3.6881281512040465e-01   6.2429434798868485e+01   2.5999715548791335e+02   2.1795965137449134e+03   2.6119967033597186e+02   0.0000000000000000e+00   -5.5581611955727638e+01  -3.4844737844272220e+02  -5.1673481474254551e+01  -3.5976490714386125e+02  -1.2227184498110702e-01  0.0000000000000000e+00   1.4999999999999998e+01   1.9686234296483918e-01   -1.8439104746662840e+00  6.1725867287962935e-02
-5.1010967808625949e+01  -3.4933008593392407e+02  0.0000000000000000e+00   3.8138682184710709e-01   6.2518502192589267e+01   2.6102448465758118e+02   2.1836290747302874e+03   2.5716710935059791e+02   0.0000000000000000e+00   -5.1829812810902936e+01  -3.4705873531437538e+02  -4.7797098357180509e+01  -3.5824486754630573e+02  -1.2040019824803176e-01  1.4842492048723208e+00   1.5000000000000002e+01   1.9325851538498245e-01   -1.7959222486117350e+00  6.1637124429983779e-02
-4.7235471351866494e+01  -3.4791215843166964e+02  0.0000000000000000e+00   3.9372169377626609e-01   6.2617396408390888e+01   2.6197144056684090e+02   2.1876620502938945e+03   2.5313413378699079e+02   0.0000000000000000e+00   -4.8099115071714863e+01  -3.4561254593455277e+02  -4.3946664404261753e+01  -3.5666922038152632e+02  -1.1872514482427769e-01  0.0000000000000000e+00   1.5000000000000004e+01   1.8992916071617502e-01   -1.7490907566635119e+00  6.1553225006601882e-02
-4.3478284767002613e+01  -3.4644509764145931e+02  0.0000000000000000e+00   4.0583359815766684e-01   6.2726011792689334e+01   2.6283436256244346e+02   2.1916955002310642e+03   2.4910068384982105e+02   0.0000000000000000e+00   -4.4390386680584363e+01  -3.4410917734653640e+02  -4.0122478094521782e+01  -3.5503941895069022e+02  -1.1725128847288449e-01  3.8304042183461284e+00   1.4918598631456032e+01   1.8687054883972359e-01   -1.7042543516615745e+00  6.1551937179346566e-02
-3.9739601221158331e+01  -3.4493006393970768e+02  0.0000000000000000e+00   4.1771889493867159e-01   6.2844215549984916e+01   2.6360984164417641e+02   2.1957294910309311e+03   2.4506669304995421e+02   0.0000000000000000e+00   -4.0704492943409868e+01  -3.4254897842238069e+02  -3.6324800049766843e+01  -3.5335684740798990e+02  -1.1598323295689195e-01  0.0000000000000000e+00   1.5000000000000002e+01   1.8354679119627559e-01   -1.6612716466527107e+00  6.1477687016637764e-02
-3.6019568738986862e+01  -3.4336819299569271e+02  0.0000000000000000e+00   4.2938087865259550e-01   6.2971785327554542e+01   2.6429473431290398e+02   2.1997641016086905e+03   2.4103208247219482e+02   0.0000000000000000e+00   -3.7042297214947119e+01  -3.4093227909026228e+02  -3.2553833902041305e+01  -3.5162280981754651e+02  -1.1492558203933941e-01  3.7907477348686371e+00   1.4846959724000280e+01   1.8046312939495485e-01   -1.6198255951130809e+00  6.1477343056564403e-02
-3.2318318441483271e+01  -3.4176057111308518e+02  0.0000000000000000e+00   4.4086711348597551e-01   6.3108216587204531e+01   2.6488617560463541e+02   2.2037994085217033e+03   2.3699677555918197e+02   0.0000000000000000e+00   -3.3404689960323999e+01  -3.3925940280304280e+02  -2.8809682703701181e+01  -3.4983855214133177e+02  -1.1408293948326660e-01  1.4248254402110692e+00   1.4934035251810945e+01   1.7875254156958009e-01   -1.5820547858577862e+00  6.1476096463496700e-02
-2.8635922491623177e+01  -3.4010818768702978e+02  0.0000000000000000e+00   4.5222262715452549e-01   6.3252983506780794e+01   2.6538159120709685e+02   2.2078355466410258e+03   2.3296063743985951e+02   0.0000000000000000e+00   -2.9792532520614444e+01  -3.3753064060009706e+02  -2.5092242253834019e+01  -3.4800540666748486e+02  -1.1345990905171310e-01  0.0000000000000000e+00   1.4999999999999998e+01   1.7649071895787094e-01   -1.5487553472345235e+00  6.1270586517247011e-02
-2.4972575803859471e+01  -3.3841216971090802e+02  0.0000000000000000e+00   4.6327548490324372e-01   6.3405740532338918e+01   2.6885227688042835e+02   2.2118724496532463e+03   2.2892373442763892e+02   0.0000000000000000e+00   -2.6206781692636074e+01  -3.3574632293432671e+02  -2.1401713291317286e+01  -3.4612512295901780e+02  -1.1306054617661776e-01  3.0586528507380928e+00   1.4886927906016460e+01   1.7327298079763628e-01   -1.5165279445624105e+00  6.1085782292647439e-02
-2.1328444196463089e+01  -3.3667407107601906e+02  0.0000000000000000e+00   4.7398200142246638e-01   6.3565777575491452e+01   2.7690013401927945e+02   2.2159098599663839e+03   2.2488632411450135e+02   0.0000000000000000e+00   -2.2648182872747146e+01  -3.3390708114391003e+02  -1.7738945875445182e+01  -3.4419988349181057e+02  -1.1286993925825084e-01  3.0386962664086745e+00   1.4621504463886154e+01   1.7082741694102030e-01   -1.4854764188428506e+00  6.0795624164071908e-02
-1.7703264143789344e+01  -3.3489514571761106e+02  0.0000000000000000e+00   4.8454162183713789e-01   6.3732130262284635e+01   2.8548749117192250e+02   2.2199479914458047e+03   2.2084819263508052e+02   0.0000000000000000e+00   -1.9117009341484948e+01  -3.3201414744186781e+02  -1.4103367793974989e+01  -3.4223118844551897e+02  -1.1284981686175719e-01  5.0704859622684495e+00   1.4290704365116385e+01   1.6867146049176041e-01   -1.4581046324995843e+00  6.0458796357927315e-02
-1.4096737249593986e+01  -3.3307613356611375e+02  0.0000000000000000e+00   4.9496037027811429e-01   6.3903958137277428e+01   2.9464646302524972e+02   2.2239872786905858e+03   2.1680890539029951e+02   0.0000000000000000e+00   -1.5613364275118188e+01  -3.3006914092369846e+02  -1.0493570136370147e+01  -3.4022007655045576e+02  -1.1296046869170516e-01  5.1876677854023532e+00   1.4251217295858771e+01   1.6737726268873143e-01   -1.4350256558176970e+00  5.9880255467286529e-02
-1.0508715186634861e+01  -3.3121780778954974e+02  0.0000000000000000e+00   5.0528616565586959e-01   6.4080199702375708e+01   3.0441352293536670e+02   2.2280279812305066e+03   2.1276820285037866e+02   0.0000000000000000e+00   -1.2137157263759816e+01  -3.2807364104835614e+02  -6.9090112572394036e+00  -3.3816805154211312e+02  -1.1316218445266309e-01  5.0656070879090844e+00   1.4206259541363583e+01   1.6649767584526037e-01   -1.4172205896586074e+00  5.9008249951638739e-02
-6.9391717499045145e+00  -3.2932085604326278e+02  0.0000000000000000e+00   5.1554714248558131e-01   6.4259615306967405e+01   3.1483018576722395e+02   2.2320702660144434e+03   2.0872591806644186e+02   0.0000000000000000e+00   -8.6883856826759054e+00  -3.2602931469257578e+02  -3.3490136556822745e+00  -3.3607654990165400e+02  -1.1341525384919939e-01  4.9354898789848871e+00   1.4162166370993761e+01   1.6613118436177399e-01   -1.4047446390146092e+00  5.8124422114337666e-02
-3.3882154117989227e+00  -3.2738591344651803e+02  0.0000000000000000e+00   5.2577130407595607e-01   6.4440951077266931e+01   3.2594382764230426e+02   2.2361141866081039e+03   2.0468199747278140e+02   0.0000000000000000e+00   -5.2670719682831963e+00  -3.2393788475106049e+02  1.8700753035278025e-01   -3.3394706962134836e+02  -1.1367996658588243e-01  4.7969337767658535e+00   1.4118770866834240e+01   1.6613602566890523e-01   -1.3975990235809239e+00  5.7223551359731624e-02
1.4391701715056504e-01   -3.2541355754891168e+02  0.0000000000000000e+00   5.3598536667312136e-01   6.4622929704486069e+01   3.3780867454652196e+02   2.2401596961288515e+03   2.0063648795203380e+02   0.0000000000000000e+00   -1.8732721163234753e+00  -3.2180113690904892e+02  3.6995997853338936e+00   -3.3178114183113934e+02  -1.1391661236728060e-01  4.6495000939153552e+00   1.4075887986619627e+01   1.6657335498050324e-01   -1.3956336966488581e+00  5.6306561961701321e-02
3.6568512626571961e+00   -3.2340432344080955e+02  0.0000000000000000e+00   5.4621569806786630e-01   6.4804281862884110e+01   3.5048700066441819e+02   2.2442066367899452e+03   1.9658954729094012e+02   0.0000000000000000e+00   1.4929228494039821e+00   -3.1962092249360853e+02  7.1892486329885399e+00   -3.2958034824595074e+02  -1.1408548089796219e-01  4.4926849907828919e+00   1.4033312215846314e+01   1.6753322998772865e-01   -1.3989595312682626e+00  5.5374255009831598e-02
7.1501476477152108e+00   -3.2135870772276263e+02  0.0000000000000000e+00   5.5643461046567821e-01   6.4984306996536901e+01   3.6329237509800720e+02   2.2482548046841634e+03   1.9254137939672182e+02   0.0000000000000000e+00   4.8314702483927281e+00   -3.1739910411505161e+02  1.0656390525718372e+01   -3.2734631598310494e+02  -1.1414766099349132e-01  4.3259087266732266e+00   1.4022338583072461e+01   1.6686177638941957e-01   -1.4048211557525316e+00  5.4427311835331442e-02
1.0623407032188275e+01   -3.1927714532296471e+02  0.0000000000000000e+00   5.6656217478054782e-01   6.5162965032803712e+01   3.7570004914145505e+02   2.2523040555748939e+03   1.8849212850599133e+02   0.0000000000000000e+00   8.1424651408752453e+00   -3.1513748815622699e+02  1.4101512941621310e+01   -3.2508065329913796e+02  -1.1409724004604549e-01  2.6146880533681438e+00   1.4523905160206526e+01   1.6485078340501100e-01   -1.4079812110763641e+00  5.3063678219338016e-02
1.4076166720043954e+01   -3.1716009950324946e+02  0.0000000000000000e+00   5.7664814402757947e-01   6.5340064420759902e+01   3.8888107200380966e+02   2.2563541706923756e+03   1.8444201338850962e+02   0.0000000000000000e+00   1.1426023616057392e+01   -3.1283789391313888e+02  1.7525058083646289e+01   -3.2278500991243527e+02  -1.1397232490161548e-01  4.1197587247323080e+00   1.3634840913758222e+01   1.6596950584479250e-01   -1.4112012715353466e+00  5.2516963620609237e-02
1.7507858856013993e+01   -3.1500809596103397e+02  0.0000000000000000e+00   5.8678693333027221e-01   6.5515395922356731e+01   4.0289973911782727e+02   2.2604048039961672e+03   1.8039138008471809e+02   0.0000000000000000e+00   1.4682221949710220e+01   -3.1050219447888003e+02  2.0927411987772356e+01   -3.2046108586583028e+02  -1.1381408322980038e-01  4.0912290187863194e+00   1.3204416461429012e+01   1.6729289083550156e-01   -1.4198490116959930e+00  5.2759860224646779e-02
2.0917894866583598e+01   -3.1282177038800057e+02  0.0000000000000000e+00   5.9678424021667220e-01   6.5689335391797869e+01   4.1889827510285852e+02   2.2644555280184477e+03   1.7634065606243757e+02   0.0000000000000000e+00   1.7911220253734115e+01   -3.0813222696942506e+02  2.4308845960270272e+01   -3.1811067405457965e+02  -1.1366368254076675e-01  4.0629126538240312e+00   1.2736648784343293e+01   1.6332301256120527e-01   -1.4253952542848183e+00  5.2607591797492199e-02
2.4304367789940976e+01   -3.1060363179950139e+02  0.0000000000000000e+00   6.0612185034137367e-01   6.5862056958658954e+01   4.8273946608006770e+02   2.2685037792036414e+03   1.7229240487724383e+02   0.0000000000000000e+00   2.1112417867707236e+01   -3.0573042322705101e+02  2.7667010833967424e+01   -3.1573744069609359e+02  -1.1355340590116571e-01  4.0348091555795769e+00   1.0973067918979339e+01   1.6105092335776169e-01   -1.4224440083080381e+00  5.2455763752933052e-02
2.7665831670496523e+01   -3.0835672962547306e+02  0.0000000000000000e+00   6.1520570930087859e-01   6.6033501344110917e+01   5.6966284304170620e+02   2.2725470462984463e+03   1.6824913778243899e+02   0.0000000000000000e+00   2.4285271353873558e+01   -3.0329926360326772e+02  3.1000030990635086e+01   -3.1334483757016608e+02  -1.1348275006755619e-01  4.0069175753287389e+00   9.1860747791404389e+00   1.5640566026747296e-01   -1.4157806050146799e+00  5.2308524078118722e-02
3.1002052249296490e+01   -3.0608225828947320e+02  0.0000000000000000e+00   6.2404863218502382e-01   6.6203709213377238e+01   6.9481614692085645e+02   2.2765848164267095e+03   1.6421136765417577e+02   0.0000000000000000e+00   2.7429593428707815e+01   -3.0084213481747355e+02  3.4309598671549530e+01   -3.1093380522462326e+02  -1.1344365058828773e-01  3.9792347469406959e+00   7.3775481217726187e+00   1.5377179419625561e-01   -1.4052015660400112e+00  5.2165428150170633e-02
3.4312574961851091e+01   -3.0378159481753482e+02  0.0000000000000000e+00   6.3275076911357320e-01   6.6372435313929060e+01   8.9041240088950849e+02   2.2806162693957335e+03   1.6017991468515174e+02   0.0000000000000000e+00   3.0547043711446069e+01   -2.9836321143319873e+02  3.7596003872468494e+01   -3.0850626060035751e+02  -1.1342804301171006e-01  3.9517577613753780e+00   5.5486483748562190e+00   1.5395725394846463e-01   -1.3988213420890161e+00  5.2025022265420308e-02
3.7597987811619859e+01   -3.0145493068613240e+02  0.0000000000000000e+00   6.4158172949948389e-01   6.6539720239287348e+01   1.0759092369075547e+03   2.2846420989467429e+03   1.5615408513414241e+02   0.0000000000000000e+00   3.3640526875458875e+01   -2.9586671843124020e+02  4.0861225291703320e+01   -3.0606285075685224e+02  -1.1342825010472272e-01  3.9244844915317314e+00   4.4297588077244194e+00   1.5045051115957778e-01   -1.3952684672771993e+00  5.1886295951698240e-02
4.0859335901347272e+01   -2.9910137391581048e+02  0.0000000000000000e+00   6.5034965116403554e-01   6.6705637833641916e+01   1.2888611342411848e+03   2.2886639916396794e+03   1.5213219244120592e+02   0.0000000000000000e+00   3.6713483020492674e+01   -2.9335642246880684e+02  4.4108232299619004e+01   -3.0360340343803716e+02  -1.1343992783014555e-01  3.8974133433612268e+00   3.5384767517710571e+00   1.4966700983455267e-01   -1.3895196842029800e+00  5.1749917190870194e-02
4.4096681214768005e+01   -2.9672118562891245e+02  0.0000000000000000e+00   6.5917215483204949e-01   6.6869798377568287e+01   1.6069638229341642e+03   2.2926821629848828e+03   1.4811402109600249e+02   0.0000000000000000e+00   3.9769578071830296e+01   -2.9083579951992783e+02  4.7337720190158748e+01   -3.0112939249025669e+02  -1.1346043281729434e-01  3.8705423715429395e+00   2.6372794007877056e+00   1.5345635985475312e-01   -1.3923385206457290e+00  5.1616198492221002e-02
4.7309867921519306e+01   -2.9431497475469826e+02  0.0000000000000000e+00   6.6801298337719939e-01   6.7032294701372010e+01   2.1335343547116090e+03   2.2966964399538560e+03   1.4409974412702923e+02   0.0000000000000000e+00   4.2811990038570080e+01   -2.8830863442228542e+02  5.0550387918532500e+01   -2.9864227453085147e+02  -1.1348713529236663e-01  3.8438694724620324e+00   1.7264181155310492e+00   1.5199828875914168e-01   -1.4019651336499757e+00  5.1484802851096786e-02
5.0499025926390303e+01   -2.9188340509058838e+02  0.0000000000000000e+00   6.7635734122324909e-01   6.7194114674480588e+01   3.1732716905099883e+03   2.3007068339259554e+03   1.4008935015492989e+02   0.0000000000000000e+00   4.5844236601227720e+01   -2.8577835333885719e+02  5.3747052690026528e+01   -2.9614339842171825e+02  -1.1351740548156000e-01  3.8173927231885858e+00   8.0608137854460837e-01   1.3926058398893554e-01   -1.3923958496410609e+00  5.1355450370181459e-02
5.3664819447808377e+01   -2.8942774790609286e+02  0.0000000000000000e+00   6.8340641464950969e-01   6.7356786885592896e+01   6.1891482194826840e+03   2.3047133911548012e+03   1.3608279292608404e+02   0.0000000000000000e+00   4.8870682926761418e+01   -2.8324722464944699e+02  5.6927858097948118e+01   -2.9363440455343402e+02  -1.1354861361107201e-01  3.7911103486862388e+00   -1.2359076942078517e-01  1.1100012219241981e-01   -1.3287654461679019e+00  5.1227923314058670e-02
5.6808815225051589e+01   -2.8695017681869803e+02  0.0000000000000000e+00   6.8848218161707242e-01   6.7521425573930728e+01   1.2459666908198164e+05   2.3087162736087857e+03   1.3207991047209953e+02   0.0000000000000000e+00   5.1895485584871054e+01   -2.8071524466295733e+02  6.0092831947629307e+01   -2.9111753845797074e+02  -1.1357812990710013e-01  3.7650206872782732e+00   -1.0624918190834909e+00  7.3656042744996389e-02   -1.1880589270864037e+00  5.1102065081153857e-02
5.9933396102793388e+01   -2.8445399407419353e+02  0.0000000000000000e+00   6.9145054929072869e-01   6.7687488983714530e+01   6.8721421326872496e+03   2.3127155152813421e+03   1.2808066879954322e+02   0.0000000000000000e+00   5.4921756225865138e+01   -2.7818070572619371e+02  6.3241625175272880e+01   -2.8859504877934927e+02  -1.1360332459584199e-01  3.7391221575455020e+00   -2.1357263783480840e-01  4.0116818549156913e-02   -9.8375156814957565e-01  5.0977779221959479e-02
6.3042893860045304e+01   -2.8194169959387239e+02  0.0000000000000000e+00   6.9319596837779807e-01   6.7853311138635050e+01   6.7285203649358573e+03   2.3167130895280829e+03   1.2408309455280232e+02   0.0000000000000000e+00   5.7952527185759337e+01   -2.7564129019470880e+02  6.6376165666879061e+01   -2.8606733107889465e+02  -1.1362195243605933e-01  3.7134132266162161e+00   -1.9015982637570950e-01  1.9279658084643738e-02   -7.6056738484490427e-01  5.0855046749876912e-02
6.6141635056898991e+01   -2.7941509487387611e+02  0.0000000000000000e+00   6.9417563906402824e-01   6.8017754322833127e+01   7.7558510239463012e+03   2.3207113301931986e+03   1.2008485388768668e+02   0.0000000000000000e+00   6.0989261700906134e+01   -2.7309599341197037e+02  6.9499740622305325e+01   -2.8353362595099833e+02  -1.1363405976375814e-01  3.6878923706389237e+00   -3.0860990749978878e-01  1.1175346861320193e-02   -5.6266936922941491e-01  5.0733966308068701e-02
6.9232427347599952e+01   -2.7687742426476910e+02  0.0000000000000000e+00   6.9489579703808002e-01   6.8180218042055657e+01   9.1533747019873244e+03   2.3247104262291273e+03   1.1608575785175799e+02   0.0000000000000000e+00   6.4032737344389304e+01   -2.7054438729839399e+02  7.2613212118188343e+01   -2.8099509953277044e+02  -1.1364053829980593e-01  3.6625580163181630e+00   -4.2818551581242903e-01  1.0362314511928143e-02   -4.1340331682964992e-01  5.0614542242131584e-02
7.2317324844778895e+01   -2.7433139017434587e+02  0.0000000000000000e+00   6.9562702435031221e-01   6.8340516948169252e+01   1.1165172117816799e+04   2.3287102864963990e+03   1.1208589758448625e+02   0.0000000000000000e+00   6.7081746551570617e+01   -2.6798771141774375e+02  7.5718310458369402e+01   -2.7845218810347450e+02  -1.1364228110256086e-01  3.6374085895819586e+00   -5.4888373425569936e-01  1.1739033960187675e-02   -3.1226842485172740e-01  5.0496735252534918e-02
7.5397768924158768e+01   -2.7177883111065739e+02  0.0000000000000000e+00   6.9640698380517485e-01   6.8498631519940616e+01   1.4310347022585327e+04   2.3327108731408557e+03   1.0808531094002956e+02   0.0000000000000000e+00   7.0134798822621690e+01   -2.6542744621231691e+02  7.8816965752994506e+01   -2.7590513900983746e+02  -1.1364018123038111e-01  3.6124425377571714e+00   -6.7070196469056897e-01  1.2634753297474481e-02   -2.4682691152536709e-01  5.0380507877256640e-02
7.8474711605892921e+01   -2.6922100191434862e+02  0.0000000000000000e+00   6.9719012682410730e-01   6.8654579581306862e+01   1.9922291702506940e+04   2.3367121312510212e+03   1.0408405282986405e+02   0.0000000000000000e+00   7.3190812760057369e+01   -2.6286473156284131e+02  8.1910793596321199e+01   -2.7335443949866590e+02  -1.1363513174162479e-01  3.5876583286784993e+00   -7.9363789573857946e-01  1.2370387190801418e-02   -2.0343805009093471e-01  5.0265824509539418e-02
8.1548801543596909e+01   -2.6665876936949007e+02  0.0000000000000000e+00   6.9792165428692887e-01   6.8808386774726358e+01   3.2775461490733585e+04   2.3407140138778641e+03   1.0008217020302118e+02   0.0000000000000000e+00   7.6249116294560309e+01   -2.6030036559003884e+02  8.5001143402354330e+01   -2.7080078582729226e+02  -1.1362802569464996e-01  3.5630544497987953e+00   -9.1768946969145415e-01  1.1208716996498573e-02   -1.7208860964825065e-01  5.0152651353652725e-02
8.4620507309909144e+01   -2.6409278867529571e+02  0.0000000000000000e+00   6.9856616835344587e-01   6.8960080814540376e+01   9.2369018073372354e+04   2.3447164672801878e+03   9.6079716800697497e+01   0.0000000000000000e+00   7.9309360504078398e+01   -2.5773487635502266e+02  8.8089143154896263e+01   -2.6824505246683191e+02  -1.1361975614781480e-01  3.5386294073331079e+00   -1.0428548485041684e+00  9.6178439866800945e-03   -1.4697740577581128e-01  5.0040956382456737e-02
8.7690215959874052e+01   -2.6152357838566070e+02  0.0000000000000000e+00   6.9911821461484802e-01   6.9109689800430985e+01   1.1288436980572074e+05   2.3487194602489594e+03   9.2076723831925847e+01   0.0000000000000000e+00   8.2371399188977762e+01   -2.5516862257878580e+02  9.1175814952529109e+01   -2.6568819403476829e+02  -1.1361121615947747e-01  3.5143817254304142e+00   -1.0551275245633209e+00  7.9533168191782602e-03   -1.2533922205432443e-01  4.9930709296880996e-02
9.0758188123163222e+01   -2.5895165945947105e+02  0.0000000000000000e+00   6.9955472533635266e-01   6.9257243304330288e+01   5.0915751292588895e+04   2.3527228613227476e+03   8.8073322758137692e+01   0.0000000000000000e+00   8.5435129276481106e+01   -2.5260192728133995e+02  9.4261921123244107e+01   -2.6313116729791255e+02  -1.1360328551078930e-01  3.4903099453797917e+00   -9.8512510287086563e-01  6.3982071205745559e-03   -1.0607170294773446e-01  4.9821882462742502e-02
9.3824583242315583e+01   -2.5637765859968022e+02  0.0000000000000000e+00   6.9987791348720563e-01   6.9402767066419102e+01   5.2776858508224679e+04   2.3567263921959852e+03   8.4069791884900042e+01   0.0000000000000000e+00   8.8500483572013508e+01   -2.5003508370084290e+02  9.7347447620281812e+01   -2.6057443036568083e+02  -1.1359642481585210e-01  3.4664126243737270e+00   -9.8900861224992620e-01  5.0132333583992007e-03   -8.8798913553258321e-02  4.9714479464096621e-02
9.6889631848933973e+01   -2.5380204668152271e+02  0.0000000000000000e+00   7.0013112885531370e-01   6.9546287668350956e+01   5.4779314148556856e+04   2.3607299280973966e+03   8.0066255983488645e+01   0.0000000000000000e+00   9.1567368248782643e+01   -2.4746840747264329e+02  1.0043236860764949e+02   -2.5801800029214456e+02  -1.1359060045364905e-01  3.4426883206600882e+00   -9.9294439252403655e-01  3.7963023208244990e-03   -7.3354584159877348e-02  4.9608509631895260e-02
9.9953581280891584e+01   -2.5122510443521710e+02  0.0000000000000000e+00   7.0031659692346049e-01   6.9687837906964972e+01   5.6939848994944128e+04   2.3647334787043437e+03   7.6062705376541544e+01   0.0000000000000000e+00   9.4635686875536024e+01   -2.4490220000619507e+02  1.0351682588294355e+02   -2.5546175401090508e+02  -1.1358575038449500e-01  3.4191355912423309e+00   -9.9693140812425340e-01  2.7218772516439567e-03   -5.9574987214752705e-02  4.9503948445997502e-02
1.0301664381882443e+02   -2.4864710714946352e+02  0.0000000000000000e+00   7.0044385004971133e-01   6.9827449681878463e+01   5.9277942774484640e+04   2.3687370298925566e+03   7.2059154188328648e+01   0.0000000000000000e+00   9.7705440540026046e+01   -2.4233656994116777e+02  1.0660082916038608e+02   -2.5290567790491579e+02  -1.1358181256870499e-01  3.3957530083661323e+00   -1.0009686272448135e+00  1.7649444212694306e-03   -4.7283547289277590e-02  4.9400769967909111e-02
1.0607900973255154e+02   -2.4606829156562824e+02  0.0000000000000000e+00   7.0051875544502573e-01   6.9965155158581950e+01   6.1816412924028824e+04   2.3727405751720544e+03   6.8055608908830891e+01   0.0000000000000000e+00   1.0077653636621581e+02   -2.3977155836869190e+02  1.0968441225119817e+02   -2.5034973838469421e+02  -1.1357872496659396e-01  3.3725391602438557e+00   -1.0050550218054406e+00  9.0575440302765459e-04   -3.6298478539403205e-02  4.9298948912109647e-02
1.0914084783911586e+02   -2.4348886958029368e+02  0.0000000000000000e+00   7.0054682632661769e-01   7.0100986272595947e+01   6.4582161446621067e+04   2.3767441074086219e+03   6.4052076672263411e+01   0.0000000000000000e+00   1.0384887791597878e+02   -2.3720716954765953e+02  1.1276759732849419e+02   -2.4779391150545234e+02  -1.1357642553847686e-01  3.3494926507772922e+00   -1.0091895674140734e+00  1.3016504041843903e-04   -2.6450123290373394e-02  4.9198460625169353e-02
1.1220230886431011e+02   -2.4090902919600754e+02  0.0000000000000000e+00   7.0053268761039633e-01   7.0234974679280128e+01   6.7607131706365311e+04   2.3807476208677194e+03   6.0048563213165835e+01   0.0000000000000000e+00   1.0692237394391179e+02   -2.3464340320115193e+02  1.1585040501136469e+02   -2.4523817461073801e+02  -1.1357485224466857e-01  3.3266120992848256e+00   -1.0133712433305886e+00  -5.7206578400195067e-04  -1.7590115477968477e-02  4.9099281065764069e-02
1.1526352767438972e+02   -2.3832893826712103e+02  0.0000000000000000e+00   7.0048046607894099e-01   7.0367151640237992e+01   7.0929547392841516e+04   2.3847511105710291e+03   5.6045073509856138e+01   0.0000000000000000e+00   1.0999694032786407e+02   -2.3208025297095222e+02  1.1893285236327971e+02   -2.4268250799296288e+02  -1.1357394304548418e-01  3.3038961402401679e+00   -1.0175990324298556e+00  -1.2088525133277248e-03  -9.5932527060778351e-03  4.9001386785348822e-02
1.1832462532822548e+02   -2.3574874691202834e+02  0.0000000000000000e+00   7.0039383689477153e-01   7.0497547960230975e+01   7.4595535759840204e+04   2.3887545723574353e+03   5.2041611723449932e+01   0.0000000000000000e+00   1.1307249845010168e+02   -2.2951770779450717e+02  1.2201495414759334e+02   -2.4012689385394134e+02  -1.1357363590123858e-01  3.2813434230140999e+00   -1.0218719211666045e+00  -1.7867964821725794e-03  -2.3550751521043459e-03  4.8904754909677620e-02
1.2138571075958238e+02   -2.3316858973562853e+02  0.0000000000000000e+00   7.0027610190714540e-01   7.0626193939476522e+01   7.8661281765179709e+04   2.3927580027705926e+03   4.8038181310292657e+01   0.0000000000000000e+00   1.1614897459846981e+02   -2.2695575242584539e+02  1.2509672313130991e+02   -2.3757131605423638e+02  -1.1357386877224666e-01  3.2589526116236329e+00   -1.0261888995390502e+00  -2.3116924277832721e-03  4.2119288885509075e-03   4.8809363120926222e-02
1.2444688220455160e+02   -2.3058858765017487e+02  0.0000000000000000e+00   7.0013022884196585e-01   7.0753119342570244e+01   8.3195927371300393e+04   2.3967613990008504e+03   4.4034785080034908e+01   0.0000000000000000e+00   1.1922629924660487e+02   -2.2439436805358514e+02  1.2817817052296277e+02   -2.3501575975118465e+02  -1.1357457961882345e-01  3.2367223844901511e+00   -1.0305489610538978e+00  -2.7887365003022987e-03  1.0181913348713868e-02   4.8715189640561464e-02
1.2750822841349843e+02   -2.2800884943812241e+02  0.0000000000000000e+00   6.9995888760083425e-01   7.0878353378485357e+01   8.8285535131589902e+04   2.4007647588215204e+03   4.0031425259364823e+01   0.0000000000000000e+00   1.2230440652419250e+02   -2.2183353275737028e+02  1.3125930625785546e+02   -2.3246021116336917e+02  -1.1357570640128389e-01  3.2146514341998511e+00   -1.0349511026918394e+00  -3.2226021758056818e-03  1.5618505723643428e-02   4.8622213212828391e-02
1.3056982969317252e+02   -2.2542947309153388e+02  0.0000000000000000e+00   6.9976448149129078e-01   7.1001924689019759e+01   9.4038601560161493e+04   2.4047680805339292e+03   3.6028103546956117e+01   0.0000000000000000e+00   1.2538323376803969e+02   -2.1927322189440204e+02  1.3434013922914181e+02   -2.2990465737992125e+02  -1.1357718707994292e-01  3.1927384672734722e+00   -1.0393943248728643e+00  -3.6174771513996094e-03  2.0576875022341790e-02   4.8530413088813354e-02
1.3363175880992836e+02   -2.2285054697400255e+02  0.0000000000000000e+00   6.9954917627247981e-01   7.1123861343461058e+01   1.0059387653830470e+05   2.4087713629166401e+03   3.2024821164245168e+01   0.0000000000000000e+00   1.2846272115235811e+02   -2.1671340841786889e+02  1.3742067746249450e+02   -2.2734908621653696e+02  -1.1357895961511555e-01  3.1709822039390803e+00   -1.0438776314219611e+00  -3.9770981583155699e-03  2.5105221090965992e-02   4.8439769011172792e-02
1.3669408177778701e+02   -2.2027215083400620e+02  0.0000000000000000e+00   6.9931492651284610e-01   7.1244190837906501e+01   1.0813169836421075e+05   2.4127746051793843e+03   2.8021578901501016e+01   0.0000000000000000e+00   1.3154281137342085e+02   -2.1415406314831674e+02  1.4050092825462673e+02   -2.2479348610142347e+02  -1.1358096196711660e-01  3.1493813779129796e+00   -1.0484000295355380e+00  -4.3047912366797727e-03  2.9245876471473978e-02   4.8350261199334665e-02
1.3975685854919618e+02   -2.1769435669306239e+02  0.0000000000000000e+00   6.9906349927447542e-01   7.1362940098072414e+01   1.1689083791582668e+05   2.4167778069210617e+03   2.4018377159823558e+01   0.0000000000000000e+00   1.3462344937743606e+02   -2.1159515500752778e+02  1.4358089828431139e+02   -2.2223784598401420e+02  -1.1358313209626114e-01  3.1279347361838323e+00   -1.0529605297479174e+00  -4.6035142193625129e-03  3.3036157927636894e-02   4.8261870335323087e-02
1.4282014362253821e+02   -2.1511722962668532e+02  0.0000000000000000e+00   6.9879649518805620e-01   7.1480135484725864e+01   1.2719425109967582e+05   2.4207809680915384e+03   2.0015215989346871e+01   0.0000000000000000e+00   1.3770458212265291e+02   -2.0903665122261333e+02  1.4666059370313423e+02   -2.1968215526046220e+02  -1.1358540796286412e-01  3.1066410388029198e+00   -1.0575581458981542e+00  -4.8758966065203255e-03  3.6509049548767755e-02   4.8174577550018978e-02
1.4588398657773459e+02   -2.1254082845275693e+02  0.0000000000000000e+00   6.9851536723270724e-01   7.1595802801084616e+01   1.3948976739437529e+05   2.4247840889569538e+03   1.6012095123931431e+01   0.0000000000000000e+00   1.4078615836984514e+02   -2.0647851750537893e+02  1.4974002021064089e+02   -2.1712640371205023e+02  -1.1358772752724043e-01  3.0854990586796904e+00   -1.0621918950971487e+00  -5.1242736305907831e-03  3.9693761409406371e-02   4.8088364409971447e-02
1.4894843254921582e+02   -2.0996520633928429e+02  0.0000000000000000e+00   6.9822143759313504e-01   7.1709967301683818e+01   1.5441690251203283e+05   2.4287871700682399e+03   1.2009014012645366e+01   0.0000000000000000e+00   1.4386812849658270e+02   -2.0392071821093799e+02  1.5281918311739886e+02   -2.1457058145360355e+02  -1.1359002874970506e-01  3.0645075813811959e+00   -1.0668607976953111e+00  -5.3507136770518954e-03  4.2616187434099423e-02   4.8003212904666859e-02
1.5201352264393833e+02   -2.0739041134135988e+02  0.0000000000000000e+00   6.9791591296146838e-01   7.1822653702320608e+01   1.7292170861643125e+05   2.4327902122326573e+03   8.0059718482280005e+00   0.0000000000000000e+00   1.4695044433164963e+02   -2.0136321647873575e+02  1.5589808739875096e+02   -2.1201467888960445e+02  -1.1359224959057297e-01  3.0436654049388059e+00   -1.0715638772501899e+00  -5.5570413441816489e-03  4.5299280020249966e-02   4.7919105434210525e-02
1.5507929431079498e+02   -2.0481648687570831e+02  0.0000000000000000e+00   6.9759989822144608e-01   7.1933886190759992e+01   1.9646544296663030e+05   2.4367932164879862e+03   4.0029675928990400e+00   0.0000000000000000e+00   1.5003305900679266e+02   -1.9880597435843995e+02  1.5897673774107207e+02   -2.0945868667650760e+02  -1.1359432801015910e-01  3.0229713396550650e+00   -1.0763001604945439e+00  -5.7448633557425580e-03  4.7763366286882394e-02   4.7836024797517668e-02
